2026-01-03 22:25:33 - light_ai.storage.directory_manager - INFO - directory_manager.py:54 - Creating directory structure at: .
2026-01-03 22:25:33 - light_ai.storage.directory_manager - INFO - directory_manager.py:68 - Directory structure created successfully
2026-01-03 22:25:33 - light_ai.storage.database_managers - INFO - database_managers.py:488 - SQLite metadata registry initialized at: metadata/registry.db
2026-01-03 22:25:33 - light_ai.storage.database_managers - INFO - database_managers.py:488 - SQLite metadata registry initialized at: metadata/registry.db
2026-01-03 22:25:33 - light_ai.storage.database_managers - INFO - database_managers.py:488 - SQLite metadata registry initialized at: metadata/registry.db
2026-01-03 22:25:33 - light_ai.storage.database_managers - INFO - database_managers.py:488 - SQLite metadata registry initialized at: metadata/registry.db
2026-01-03 22:25:33 - light_ai.storage.database_managers - INFO - database_managers.py:488 - SQLite metadata registry initialized at: metadata/registry.db
2026-01-03 22:25:43 - light_ai.storage.directory_manager - INFO - directory_manager.py:54 - Creating directory structure at: .
2026-01-03 22:25:43 - light_ai.storage.directory_manager - INFO - directory_manager.py:68 - Directory structure created successfully
2026-01-03 22:25:43 - light_ai.storage.database_managers - INFO - database_managers.py:488 - SQLite metadata registry initialized at: metadata/registry.db
2026-01-03 22:25:43 - light_ai.storage.database_managers - INFO - database_managers.py:488 - SQLite metadata registry initialized at: metadata/registry.db
2026-01-03 22:25:43 - light_ai.storage.database_managers - INFO - database_managers.py:488 - SQLite metadata registry initialized at: metadata/registry.db
2026-01-03 22:25:43 - light_ai.storage.database_managers - INFO - database_managers.py:488 - SQLite metadata registry initialized at: metadata/registry.db
2026-01-03 22:25:43 - light_ai.storage.database_managers - INFO - database_managers.py:488 - SQLite metadata registry initialized at: metadata/registry.db
2026-01-03 22:26:18 - light_ai.storage.directory_manager - INFO - directory_manager.py:54 - Creating directory structure at: .
2026-01-03 22:26:18 - light_ai.storage.directory_manager - INFO - directory_manager.py:68 - Directory structure created successfully
2026-01-03 22:26:18 - light_ai.storage.database_managers - INFO - database_managers.py:488 - SQLite metadata registry initialized at: metadata/registry.db
2026-01-03 22:26:18 - light_ai.storage.database_managers - INFO - database_managers.py:488 - SQLite metadata registry initialized at: metadata/registry.db
2026-01-03 22:26:18 - light_ai.storage.database_managers - INFO - database_managers.py:488 - SQLite metadata registry initialized at: metadata/registry.db
2026-01-03 22:26:18 - light_ai.storage.database_managers - INFO - database_managers.py:488 - SQLite metadata registry initialized at: metadata/registry.db
2026-01-03 22:26:18 - light_ai.storage.database_managers - INFO - database_managers.py:488 - SQLite metadata registry initialized at: metadata/registry.db
2026-01-03 22:26:18 - light_ai.storage.database_managers - INFO - database_managers.py:488 - SQLite metadata registry initialized at: metadata/registry.db
2026-01-03 22:26:18 - light_ai.storage.database_managers - INFO - database_managers.py:488 - SQLite metadata registry initialized at: metadata/registry.db
2026-01-03 22:26:18 - light_ai.storage.database_managers - INFO - database_managers.py:488 - SQLite metadata registry initialized at: metadata/registry.db
2026-01-03 22:26:18 - light_ai.storage.database_managers - INFO - database_managers.py:488 - SQLite metadata registry initialized at: metadata/registry.db
2026-01-03 22:26:18 - universal_data_handler - INFO - api.py:123 - Universal Data Handler API initialized successfully
2026-01-03 22:26:27 - light_ai.storage.directory_manager - INFO - directory_manager.py:54 - Creating directory structure at: .
2026-01-03 22:26:27 - light_ai.storage.directory_manager - INFO - directory_manager.py:68 - Directory structure created successfully
2026-01-03 22:26:27 - light_ai.storage.database_managers - INFO - database_managers.py:488 - SQLite metadata registry initialized at: metadata/registry.db
2026-01-03 22:26:27 - light_ai.storage.database_managers - INFO - database_managers.py:488 - SQLite metadata registry initialized at: metadata/registry.db
2026-01-03 22:26:27 - light_ai.storage.database_managers - INFO - database_managers.py:488 - SQLite metadata registry initialized at: metadata/registry.db
2026-01-03 22:26:27 - light_ai.storage.database_managers - INFO - database_managers.py:488 - SQLite metadata registry initialized at: metadata/registry.db
2026-01-03 22:26:27 - light_ai.storage.database_managers - INFO - database_managers.py:488 - SQLite metadata registry initialized at: metadata/registry.db
2026-01-03 22:27:20 - light_ai.storage.directory_manager - INFO - directory_manager.py:54 - Creating directory structure at: .
2026-01-03 22:27:20 - light_ai.storage.directory_manager - INFO - directory_manager.py:68 - Directory structure created successfully
2026-01-03 22:27:20 - light_ai.storage.database_managers - INFO - database_managers.py:488 - SQLite metadata registry initialized at: metadata/registry.db
2026-01-03 22:27:20 - light_ai.storage.database_managers - INFO - database_managers.py:488 - SQLite metadata registry initialized at: metadata/registry.db
2026-01-03 22:27:20 - light_ai.storage.database_managers - INFO - database_managers.py:488 - SQLite metadata registry initialized at: metadata/registry.db
2026-01-03 22:27:20 - light_ai.storage.database_managers - INFO - database_managers.py:488 - SQLite metadata registry initialized at: metadata/registry.db
2026-01-03 22:27:20 - light_ai.storage.database_managers - INFO - database_managers.py:488 - SQLite metadata registry initialized at: metadata/registry.db
2026-01-03 22:27:53 - light_ai.storage.directory_manager - INFO - directory_manager.py:54 - Creating directory structure at: .
2026-01-03 22:27:53 - light_ai.storage.directory_manager - INFO - directory_manager.py:68 - Directory structure created successfully
2026-01-03 22:27:53 - light_ai.storage.database_managers - INFO - database_managers.py:488 - SQLite metadata registry initialized at: metadata/registry.db
2026-01-03 22:27:53 - light_ai.storage.database_managers - INFO - database_managers.py:488 - SQLite metadata registry initialized at: metadata/registry.db
2026-01-03 22:27:53 - light_ai.storage.database_managers - INFO - database_managers.py:488 - SQLite metadata registry initialized at: metadata/registry.db
2026-01-03 22:27:53 - light_ai.storage.database_managers - INFO - database_managers.py:488 - SQLite metadata registry initialized at: metadata/registry.db
2026-01-03 22:27:53 - light_ai.storage.database_managers - INFO - database_managers.py:488 - SQLite metadata registry initialized at: metadata/registry.db
2026-01-03 22:27:53 - light_ai.storage.database_managers - INFO - database_managers.py:488 - SQLite metadata registry initialized at: metadata/registry.db
2026-01-03 22:27:53 - light_ai.storage.database_managers - INFO - database_managers.py:488 - SQLite metadata registry initialized at: metadata/registry.db
2026-01-03 22:27:53 - light_ai.storage.database_managers - INFO - database_managers.py:488 - SQLite metadata registry initialized at: metadata/registry.db
2026-01-03 22:27:53 - light_ai.storage.database_managers - INFO - database_managers.py:488 - SQLite metadata registry initialized at: metadata/registry.db
2026-01-03 22:27:53 - universal_data_handler - INFO - api.py:123 - Universal Data Handler API initialized successfully
2026-01-03 22:27:53 - universal_data_handler - ERROR - api.py:128 - Error in get_system_stats: 'DatabaseManagers' object has no attribute 'get_database_stats'
Traceback (most recent call last):
  File "/Users/shashwatroy/Desktop/ns/New-CB/light_ai/./light_ai/api.py", line 926, in get_system_stats
    db_stats = self.db_managers.get_database_stats()
AttributeError: 'DatabaseManagers' object has no attribute 'get_database_stats'
2026-01-03 22:28:00 - light_ai.storage.directory_manager - INFO - directory_manager.py:54 - Creating directory structure at: .
2026-01-03 22:28:00 - light_ai.storage.directory_manager - INFO - directory_manager.py:68 - Directory structure created successfully
2026-01-03 22:28:00 - light_ai.storage.database_managers - INFO - database_managers.py:488 - SQLite metadata registry initialized at: metadata/registry.db
2026-01-03 22:28:00 - light_ai.storage.database_managers - INFO - database_managers.py:488 - SQLite metadata registry initialized at: metadata/registry.db
2026-01-03 22:28:00 - light_ai.storage.database_managers - INFO - database_managers.py:488 - SQLite metadata registry initialized at: metadata/registry.db
2026-01-03 22:28:00 - light_ai.storage.database_managers - INFO - database_managers.py:488 - SQLite metadata registry initialized at: metadata/registry.db
2026-01-03 22:28:00 - light_ai.storage.database_managers - INFO - database_managers.py:488 - SQLite metadata registry initialized at: metadata/registry.db
2026-01-03 22:28:00 - light_ai.storage.database_managers - INFO - database_managers.py:488 - SQLite metadata registry initialized at: metadata/registry.db
2026-01-03 22:28:00 - light_ai.storage.database_managers - INFO - database_managers.py:488 - SQLite metadata registry initialized at: metadata/registry.db
2026-01-03 22:28:00 - light_ai.storage.database_managers - INFO - database_managers.py:488 - SQLite metadata registry initialized at: metadata/registry.db
2026-01-03 22:28:00 - light_ai.storage.database_managers - INFO - database_managers.py:488 - SQLite metadata registry initialized at: metadata/registry.db
2026-01-03 22:28:00 - universal_data_handler - INFO - api.py:123 - Universal Data Handler API initialized successfully
2026-01-03 22:28:00 - universal_data_handler - ERROR - api.py:128 - Error in upload_file: FileUploadAPI.upload_file() got an unexpected keyword argument 'cleaning_config'
Traceback (most recent call last):
  File "/Users/shashwatroy/Desktop/ns/New-CB/light_ai/light_ai/api.py", line 173, in upload_file
    resource_id = self.file_upload_api.upload_file(
TypeError: FileUploadAPI.upload_file() got an unexpected keyword argument 'cleaning_config'
2026-01-03 22:28:00 - universal_data_handler - ERROR - api.py:128 - Error in upload_file: FileUploadAPI.upload_file() got an unexpected keyword argument 'cleaning_config'
Traceback (most recent call last):
  File "/Users/shashwatroy/Desktop/ns/New-CB/light_ai/light_ai/api.py", line 173, in upload_file
    resource_id = self.file_upload_api.upload_file(
TypeError: FileUploadAPI.upload_file() got an unexpected keyword argument 'cleaning_config'
2026-01-03 22:28:00 - universal_data_handler - ERROR - api.py:128 - Error in upload_json: 'FileUploadAPI' object has no attribute 'upload_json'
Traceback (most recent call last):
  File "/Users/shashwatroy/Desktop/ns/New-CB/light_ai/light_ai/api.py", line 220, in upload_json
    resource_id = self.file_upload_api.upload_json(
AttributeError: 'FileUploadAPI' object has no attribute 'upload_json'. Did you mean: 'upload_bulk'?
2026-01-03 22:28:00 - universal_data_handler - ERROR - api.py:128 - Error in upload_file: FileUploadAPI.upload_file() got an unexpected keyword argument 'cleaning_config'
Traceback (most recent call last):
  File "/Users/shashwatroy/Desktop/ns/New-CB/light_ai/light_ai/api.py", line 173, in upload_file
    resource_id = self.file_upload_api.upload_file(
TypeError: FileUploadAPI.upload_file() got an unexpected keyword argument 'cleaning_config'
2026-01-03 22:28:00 - universal_data_handler - ERROR - api.py:128 - Error in upload_bulk: FileUploadAPI.upload_bulk() got an unexpected keyword argument 'files'
Traceback (most recent call last):
  File "/Users/shashwatroy/Desktop/ns/New-CB/light_ai/light_ai/api.py", line 280, in upload_bulk
    resource_ids = self.file_upload_api.upload_bulk(
TypeError: FileUploadAPI.upload_bulk() got an unexpected keyword argument 'files'
2026-01-03 22:28:03 - light_ai.storage.storage_router - INFO - storage_router.py:57 - Initializing storage router...
2026-01-03 22:28:03 - light_ai.storage.database_managers - INFO - database_managers.py:695 - Initializing all database managers...
2026-01-03 22:28:03 - light_ai.storage.database_managers - INFO - database_managers.py:488 - SQLite metadata registry initialized at: metadata/registry.db
2026-01-03 22:28:03 - light_ai.storage.database_managers - INFO - database_managers.py:72 - DuckDB initialized at: data/duckdb/main.db
2026-01-03 22:28:03 - light_ai.storage.database_managers - INFO - database_managers.py:304 - ChromaDB initialized at: data/unstructured/chroma_db
2026-01-03 22:28:03 - light_ai.storage.database_managers - INFO - database_managers.py:703 - All database managers initialized successfully
2026-01-03 22:28:03 - light_ai.storage.database_managers - INFO - database_managers.py:488 - SQLite metadata registry initialized at: metadata/registry.db
2026-01-03 22:28:03 - light_ai.storage.storage_router - INFO - storage_router.py:61 - Storage router initialized successfully
2026-01-03 22:28:03 - light_ai.storage.database_managers - INFO - database_managers.py:488 - SQLite metadata registry initialized at: metadata/registry.db
2026-01-03 22:28:03 - light_ai.sub_layer_2.sql_query_engine - INFO - sql_query_engine.py:81 - SQL Query Engine initialized
2026-01-03 22:28:03 - light_ai.sub_layer_2.sql_query_engine - ERROR - sql_query_engine.py:148 - Failed to execute SQL query: Access denied to table: sales_data
2026-01-03 22:28:03 - universal_data_handler - ERROR - api.py:128 - Error in query_structured: Query execution failed: Access denied to table: sales_data
Traceback (most recent call last):
  File "/Users/shashwatroy/Desktop/ns/New-CB/light_ai/light_ai/sub_layer_2/sql_query_engine.py", line 111, in execute_query
    query_plan = self._create_query_plan(sql, client_id, user_id, access_level)
  File "/Users/shashwatroy/Desktop/ns/New-CB/light_ai/light_ai/sub_layer_2/sql_query_engine.py", line 318, in _create_query_plan
    raise ValueError(f"Access denied to table: {table_ref}")
ValueError: Access denied to table: sales_data

During handling of the above exception, another exception occurred:

Traceback (most recent call last):
  File "/Users/shashwatroy/Desktop/ns/New-CB/light_ai/light_ai/api.py", line 486, in query_structured
    result = self.sql_engine.execute_query(sql_query, client_id, user_id)
  File "/Users/shashwatroy/Desktop/ns/New-CB/light_ai/light_ai/sub_layer_2/sql_query_engine.py", line 149, in execute_query
    raise RuntimeError(f"Query execution failed: {e}")
RuntimeError: Query execution failed: Access denied to table: sales_data
2026-01-03 22:28:03 - universal_data_handler - ERROR - api.py:128 - Error in query_natural: 'NaturalLanguageProcessor' object has no attribute 'process_query'
Traceback (most recent call last):
  File "/Users/shashwatroy/Desktop/ns/New-CB/light_ai/light_ai/api.py", line 525, in query_natural
    result = self.nl_processor.process_query(question, client_id, user_id)
AttributeError: 'NaturalLanguageProcessor' object has no attribute 'process_query'
2026-01-03 22:28:03 - universal_data_handler - ERROR - api.py:128 - Error in ask_data_analyst: 'AIDataAnalyst' object has no attribute 'analyze'
Traceback (most recent call last):
  File "/Users/shashwatroy/Desktop/ns/New-CB/light_ai/light_ai/api.py", line 621, in ask_data_analyst
    report = self.ai_analyst.analyze(
AttributeError: 'AIDataAnalyst' object has no attribute 'analyze'
2026-01-03 22:28:03 - light_ai.storage.database_managers - INFO - database_managers.py:488 - SQLite metadata registry initialized at: metadata/registry.db
2026-01-03 22:28:03 - universal_data_handler - ERROR - api.py:128 - Error in get_system_stats: 'DatabaseManagers' object has no attribute 'get_database_stats'
Traceback (most recent call last):
  File "/Users/shashwatroy/Desktop/ns/New-CB/light_ai/light_ai/api.py", line 926, in get_system_stats
    db_stats = self.db_managers.get_database_stats()
AttributeError: 'DatabaseManagers' object has no attribute 'get_database_stats'
2026-01-03 22:28:03 - light_ai.sub_layer_2.sql_query_engine - INFO - sql_query_engine.py:631 - Cleared query cache (0 entries)
2026-01-03 22:28:03 - light_ai.storage.database_managers - INFO - database_managers.py:72 - DuckDB initialized at: data/duckdb/main.db
2026-01-03 22:28:03 - light_ai.storage.database_managers - INFO - database_managers.py:253 - DuckDB vacuum completed
2026-01-03 22:28:03 - light_ai.storage.database_managers - INFO - database_managers.py:648 - SQLite vacuum completed
2026-01-03 22:28:03 - light_ai.storage.database_managers - INFO - database_managers.py:435 - ChromaDB optimization requested (handled internally)
2026-01-03 22:28:03 - universal_data_handler - ERROR - api.py:128 - Error in backup_data: 'DatabaseManagers' object has no attribute 'sqlite_manager'
Traceback (most recent call last):
  File "/Users/shashwatroy/Desktop/ns/New-CB/light_ai/light_ai/api.py", line 1111, in backup_data
    sqlite_path = self.db_managers.sqlite_manager.db_path
AttributeError: 'DatabaseManagers' object has no attribute 'sqlite_manager'
2026-01-03 22:28:14 - light_ai.storage.directory_manager - INFO - directory_manager.py:54 - Creating directory structure at: /var/folders/q7/s5rjdx2d2ydclz5f2d6lylxc0000gn/T/tmp486lefzp
2026-01-03 22:28:14 - light_ai.storage.directory_manager - INFO - directory_manager.py:68 - Directory structure created successfully
2026-01-03 22:28:14 - light_ai.storage.database_managers - INFO - database_managers.py:488 - SQLite metadata registry initialized at: /var/folders/q7/s5rjdx2d2ydclz5f2d6lylxc0000gn/T/tmp486lefzp/metadata/registry.db
2026-01-03 22:28:14 - light_ai.storage.database_managers - INFO - database_managers.py:488 - SQLite metadata registry initialized at: /var/folders/q7/s5rjdx2d2ydclz5f2d6lylxc0000gn/T/tmp486lefzp/metadata/registry.db
2026-01-03 22:28:14 - light_ai.storage.database_managers - INFO - database_managers.py:488 - SQLite metadata registry initialized at: /var/folders/q7/s5rjdx2d2ydclz5f2d6lylxc0000gn/T/tmp486lefzp/metadata/registry.db
2026-01-03 22:28:14 - light_ai.storage.database_managers - INFO - database_managers.py:488 - SQLite metadata registry initialized at: /var/folders/q7/s5rjdx2d2ydclz5f2d6lylxc0000gn/T/tmp486lefzp/metadata/registry.db
2026-01-03 22:28:14 - light_ai.storage.database_managers - INFO - database_managers.py:488 - SQLite metadata registry initialized at: /var/folders/q7/s5rjdx2d2ydclz5f2d6lylxc0000gn/T/tmp486lefzp/metadata/registry.db
2026-01-03 22:28:14 - light_ai.storage.database_managers - INFO - database_managers.py:488 - SQLite metadata registry initialized at: /var/folders/q7/s5rjdx2d2ydclz5f2d6lylxc0000gn/T/tmp486lefzp/metadata/registry.db
2026-01-03 22:28:14 - light_ai.storage.database_managers - INFO - database_managers.py:488 - SQLite metadata registry initialized at: /var/folders/q7/s5rjdx2d2ydclz5f2d6lylxc0000gn/T/tmp486lefzp/metadata/registry.db
2026-01-03 22:28:14 - light_ai.storage.database_managers - INFO - database_managers.py:488 - SQLite metadata registry initialized at: /var/folders/q7/s5rjdx2d2ydclz5f2d6lylxc0000gn/T/tmp486lefzp/metadata/registry.db
2026-01-03 22:28:14 - light_ai.storage.database_managers - INFO - database_managers.py:488 - SQLite metadata registry initialized at: /var/folders/q7/s5rjdx2d2ydclz5f2d6lylxc0000gn/T/tmp486lefzp/metadata/registry.db
2026-01-03 22:28:14 - light_ai.storage.directory_manager - INFO - directory_manager.py:54 - Creating directory structure at: /var/folders/q7/s5rjdx2d2ydclz5f2d6lylxc0000gn/T/tmp486lefzp
2026-01-03 22:28:14 - light_ai.storage.directory_manager - INFO - directory_manager.py:68 - Directory structure created successfully
2026-01-03 22:28:14 - light_ai.storage.database_managers - INFO - database_managers.py:488 - SQLite metadata registry initialized at: /var/folders/q7/s5rjdx2d2ydclz5f2d6lylxc0000gn/T/tmp486lefzp/metadata/registry.db
2026-01-03 22:28:14 - light_ai.storage.database_managers - INFO - database_managers.py:488 - SQLite metadata registry initialized at: /var/folders/q7/s5rjdx2d2ydclz5f2d6lylxc0000gn/T/tmp486lefzp/metadata/registry.db
2026-01-03 22:28:14 - light_ai.storage.database_managers - INFO - database_managers.py:488 - SQLite metadata registry initialized at: /var/folders/q7/s5rjdx2d2ydclz5f2d6lylxc0000gn/T/tmp486lefzp/metadata/registry.db
2026-01-03 22:28:14 - light_ai.storage.database_managers - INFO - database_managers.py:488 - SQLite metadata registry initialized at: /var/folders/q7/s5rjdx2d2ydclz5f2d6lylxc0000gn/T/tmp486lefzp/metadata/registry.db
2026-01-03 22:28:14 - light_ai.storage.database_managers - INFO - database_managers.py:488 - SQLite metadata registry initialized at: /var/folders/q7/s5rjdx2d2ydclz5f2d6lylxc0000gn/T/tmp486lefzp/metadata/registry.db
2026-01-03 22:28:14 - light_ai.storage.database_managers - INFO - database_managers.py:488 - SQLite metadata registry initialized at: /var/folders/q7/s5rjdx2d2ydclz5f2d6lylxc0000gn/T/tmp486lefzp/metadata/registry.db
2026-01-03 22:28:14 - light_ai.storage.database_managers - INFO - database_managers.py:488 - SQLite metadata registry initialized at: /var/folders/q7/s5rjdx2d2ydclz5f2d6lylxc0000gn/T/tmp486lefzp/metadata/registry.db
2026-01-03 22:28:14 - light_ai.storage.database_managers - INFO - database_managers.py:488 - SQLite metadata registry initialized at: /var/folders/q7/s5rjdx2d2ydclz5f2d6lylxc0000gn/T/tmp486lefzp/metadata/registry.db
2026-01-03 22:28:14 - light_ai.storage.database_managers - INFO - database_managers.py:488 - SQLite metadata registry initialized at: /var/folders/q7/s5rjdx2d2ydclz5f2d6lylxc0000gn/T/tmp486lefzp/metadata/registry.db
2026-01-03 22:28:14 - light_ai.storage.directory_manager - INFO - directory_manager.py:54 - Creating directory structure at: /var/folders/q7/s5rjdx2d2ydclz5f2d6lylxc0000gn/T/tmp486lefzp
2026-01-03 22:28:14 - light_ai.storage.directory_manager - INFO - directory_manager.py:68 - Directory structure created successfully
2026-01-03 22:28:14 - light_ai.storage.database_managers - INFO - database_managers.py:488 - SQLite metadata registry initialized at: /var/folders/q7/s5rjdx2d2ydclz5f2d6lylxc0000gn/T/tmp486lefzp/metadata/registry.db
2026-01-03 22:28:14 - light_ai.storage.database_managers - INFO - database_managers.py:488 - SQLite metadata registry initialized at: /var/folders/q7/s5rjdx2d2ydclz5f2d6lylxc0000gn/T/tmp486lefzp/metadata/registry.db
2026-01-03 22:28:14 - light_ai.storage.database_managers - INFO - database_managers.py:488 - SQLite metadata registry initialized at: /var/folders/q7/s5rjdx2d2ydclz5f2d6lylxc0000gn/T/tmp486lefzp/metadata/registry.db
2026-01-03 22:28:14 - light_ai.storage.database_managers - INFO - database_managers.py:488 - SQLite metadata registry initialized at: /var/folders/q7/s5rjdx2d2ydclz5f2d6lylxc0000gn/T/tmp486lefzp/metadata/registry.db
2026-01-03 22:28:14 - light_ai.storage.database_managers - INFO - database_managers.py:488 - SQLite metadata registry initialized at: /var/folders/q7/s5rjdx2d2ydclz5f2d6lylxc0000gn/T/tmp486lefzp/metadata/registry.db
2026-01-03 22:28:14 - light_ai.storage.database_managers - INFO - database_managers.py:488 - SQLite metadata registry initialized at: /var/folders/q7/s5rjdx2d2ydclz5f2d6lylxc0000gn/T/tmp486lefzp/metadata/registry.db
2026-01-03 22:28:14 - light_ai.storage.database_managers - INFO - database_managers.py:488 - SQLite metadata registry initialized at: /var/folders/q7/s5rjdx2d2ydclz5f2d6lylxc0000gn/T/tmp486lefzp/metadata/registry.db
2026-01-03 22:28:14 - light_ai.storage.database_managers - INFO - database_managers.py:488 - SQLite metadata registry initialized at: /var/folders/q7/s5rjdx2d2ydclz5f2d6lylxc0000gn/T/tmp486lefzp/metadata/registry.db
2026-01-03 22:28:14 - light_ai.storage.database_managers - INFO - database_managers.py:488 - SQLite metadata registry initialized at: /var/folders/q7/s5rjdx2d2ydclz5f2d6lylxc0000gn/T/tmp486lefzp/metadata/registry.db
2026-01-03 22:28:14 - light_ai.storage.directory_manager - INFO - directory_manager.py:54 - Creating directory structure at: /var/folders/q7/s5rjdx2d2ydclz5f2d6lylxc0000gn/T/tmp486lefzp
2026-01-03 22:28:14 - light_ai.storage.directory_manager - INFO - directory_manager.py:68 - Directory structure created successfully
2026-01-03 22:28:14 - light_ai.storage.database_managers - INFO - database_managers.py:488 - SQLite metadata registry initialized at: /var/folders/q7/s5rjdx2d2ydclz5f2d6lylxc0000gn/T/tmp486lefzp/metadata/registry.db
2026-01-03 22:28:14 - light_ai.storage.database_managers - INFO - database_managers.py:488 - SQLite metadata registry initialized at: /var/folders/q7/s5rjdx2d2ydclz5f2d6lylxc0000gn/T/tmp486lefzp/metadata/registry.db
2026-01-03 22:28:14 - light_ai.storage.database_managers - INFO - database_managers.py:488 - SQLite metadata registry initialized at: /var/folders/q7/s5rjdx2d2ydclz5f2d6lylxc0000gn/T/tmp486lefzp/metadata/registry.db
2026-01-03 22:28:14 - light_ai.storage.database_managers - INFO - database_managers.py:488 - SQLite metadata registry initialized at: /var/folders/q7/s5rjdx2d2ydclz5f2d6lylxc0000gn/T/tmp486lefzp/metadata/registry.db
2026-01-03 22:28:14 - light_ai.storage.database_managers - INFO - database_managers.py:488 - SQLite metadata registry initialized at: /var/folders/q7/s5rjdx2d2ydclz5f2d6lylxc0000gn/T/tmp486lefzp/metadata/registry.db
2026-01-03 22:28:14 - light_ai.storage.database_managers - INFO - database_managers.py:488 - SQLite metadata registry initialized at: /var/folders/q7/s5rjdx2d2ydclz5f2d6lylxc0000gn/T/tmp486lefzp/metadata/registry.db
2026-01-03 22:28:14 - light_ai.storage.database_managers - INFO - database_managers.py:488 - SQLite metadata registry initialized at: /var/folders/q7/s5rjdx2d2ydclz5f2d6lylxc0000gn/T/tmp486lefzp/metadata/registry.db
2026-01-03 22:28:14 - light_ai.storage.database_managers - INFO - database_managers.py:488 - SQLite metadata registry initialized at: /var/folders/q7/s5rjdx2d2ydclz5f2d6lylxc0000gn/T/tmp486lefzp/metadata/registry.db
2026-01-03 22:28:14 - light_ai.storage.database_managers - INFO - database_managers.py:488 - SQLite metadata registry initialized at: /var/folders/q7/s5rjdx2d2ydclz5f2d6lylxc0000gn/T/tmp486lefzp/metadata/registry.db
2026-01-03 22:28:14 - light_ai.storage.directory_manager - INFO - directory_manager.py:54 - Creating directory structure at: /var/folders/q7/s5rjdx2d2ydclz5f2d6lylxc0000gn/T/tmp486lefzp
2026-01-03 22:28:14 - light_ai.storage.directory_manager - INFO - directory_manager.py:68 - Directory structure created successfully
2026-01-03 22:28:14 - light_ai.storage.database_managers - INFO - database_managers.py:488 - SQLite metadata registry initialized at: /var/folders/q7/s5rjdx2d2ydclz5f2d6lylxc0000gn/T/tmp486lefzp/metadata/registry.db
2026-01-03 22:28:14 - light_ai.storage.database_managers - INFO - database_managers.py:488 - SQLite metadata registry initialized at: /var/folders/q7/s5rjdx2d2ydclz5f2d6lylxc0000gn/T/tmp486lefzp/metadata/registry.db
2026-01-03 22:28:14 - light_ai.storage.database_managers - INFO - database_managers.py:488 - SQLite metadata registry initialized at: /var/folders/q7/s5rjdx2d2ydclz5f2d6lylxc0000gn/T/tmp486lefzp/metadata/registry.db
2026-01-03 22:28:14 - light_ai.storage.database_managers - INFO - database_managers.py:488 - SQLite metadata registry initialized at: /var/folders/q7/s5rjdx2d2ydclz5f2d6lylxc0000gn/T/tmp486lefzp/metadata/registry.db
2026-01-03 22:28:14 - light_ai.storage.database_managers - INFO - database_managers.py:488 - SQLite metadata registry initialized at: /var/folders/q7/s5rjdx2d2ydclz5f2d6lylxc0000gn/T/tmp486lefzp/metadata/registry.db
2026-01-03 22:28:14 - light_ai.storage.database_managers - INFO - database_managers.py:488 - SQLite metadata registry initialized at: /var/folders/q7/s5rjdx2d2ydclz5f2d6lylxc0000gn/T/tmp486lefzp/metadata/registry.db
2026-01-03 22:28:14 - light_ai.storage.database_managers - INFO - database_managers.py:488 - SQLite metadata registry initialized at: /var/folders/q7/s5rjdx2d2ydclz5f2d6lylxc0000gn/T/tmp486lefzp/metadata/registry.db
2026-01-03 22:28:14 - light_ai.storage.database_managers - INFO - database_managers.py:488 - SQLite metadata registry initialized at: /var/folders/q7/s5rjdx2d2ydclz5f2d6lylxc0000gn/T/tmp486lefzp/metadata/registry.db
2026-01-03 22:28:14 - light_ai.storage.database_managers - INFO - database_managers.py:488 - SQLite metadata registry initialized at: /var/folders/q7/s5rjdx2d2ydclz5f2d6lylxc0000gn/T/tmp486lefzp/metadata/registry.db
2026-01-03 22:28:14 - light_ai.storage.directory_manager - INFO - directory_manager.py:54 - Creating directory structure at: /var/folders/q7/s5rjdx2d2ydclz5f2d6lylxc0000gn/T/tmp486lefzp
2026-01-03 22:28:14 - light_ai.storage.directory_manager - INFO - directory_manager.py:68 - Directory structure created successfully
2026-01-03 22:28:14 - light_ai.storage.database_managers - INFO - database_managers.py:488 - SQLite metadata registry initialized at: /var/folders/q7/s5rjdx2d2ydclz5f2d6lylxc0000gn/T/tmp486lefzp/metadata/registry.db
2026-01-03 22:28:14 - light_ai.storage.database_managers - INFO - database_managers.py:488 - SQLite metadata registry initialized at: /var/folders/q7/s5rjdx2d2ydclz5f2d6lylxc0000gn/T/tmp486lefzp/metadata/registry.db
2026-01-03 22:28:14 - light_ai.storage.database_managers - INFO - database_managers.py:488 - SQLite metadata registry initialized at: /var/folders/q7/s5rjdx2d2ydclz5f2d6lylxc0000gn/T/tmp486lefzp/metadata/registry.db
2026-01-03 22:28:14 - light_ai.storage.database_managers - INFO - database_managers.py:488 - SQLite metadata registry initialized at: /var/folders/q7/s5rjdx2d2ydclz5f2d6lylxc0000gn/T/tmp486lefzp/metadata/registry.db
2026-01-03 22:28:14 - light_ai.storage.database_managers - INFO - database_managers.py:488 - SQLite metadata registry initialized at: /var/folders/q7/s5rjdx2d2ydclz5f2d6lylxc0000gn/T/tmp486lefzp/metadata/registry.db
2026-01-03 22:28:14 - light_ai.storage.database_managers - INFO - database_managers.py:488 - SQLite metadata registry initialized at: /var/folders/q7/s5rjdx2d2ydclz5f2d6lylxc0000gn/T/tmp486lefzp/metadata/registry.db
2026-01-03 22:28:14 - light_ai.storage.database_managers - INFO - database_managers.py:488 - SQLite metadata registry initialized at: /var/folders/q7/s5rjdx2d2ydclz5f2d6lylxc0000gn/T/tmp486lefzp/metadata/registry.db
2026-01-03 22:28:14 - light_ai.storage.database_managers - INFO - database_managers.py:488 - SQLite metadata registry initialized at: /var/folders/q7/s5rjdx2d2ydclz5f2d6lylxc0000gn/T/tmp486lefzp/metadata/registry.db
2026-01-03 22:28:14 - light_ai.storage.database_managers - INFO - database_managers.py:488 - SQLite metadata registry initialized at: /var/folders/q7/s5rjdx2d2ydclz5f2d6lylxc0000gn/T/tmp486lefzp/metadata/registry.db
2026-01-03 22:28:14 - light_ai.storage.directory_manager - INFO - directory_manager.py:54 - Creating directory structure at: /var/folders/q7/s5rjdx2d2ydclz5f2d6lylxc0000gn/T/tmp486lefzp
2026-01-03 22:28:14 - light_ai.storage.directory_manager - INFO - directory_manager.py:68 - Directory structure created successfully
2026-01-03 22:28:14 - light_ai.storage.database_managers - INFO - database_managers.py:488 - SQLite metadata registry initialized at: /var/folders/q7/s5rjdx2d2ydclz5f2d6lylxc0000gn/T/tmp486lefzp/metadata/registry.db
2026-01-03 22:28:14 - light_ai.storage.database_managers - INFO - database_managers.py:488 - SQLite metadata registry initialized at: /var/folders/q7/s5rjdx2d2ydclz5f2d6lylxc0000gn/T/tmp486lefzp/metadata/registry.db
2026-01-03 22:28:14 - light_ai.storage.database_managers - INFO - database_managers.py:488 - SQLite metadata registry initialized at: /var/folders/q7/s5rjdx2d2ydclz5f2d6lylxc0000gn/T/tmp486lefzp/metadata/registry.db
2026-01-03 22:28:14 - light_ai.storage.database_managers - INFO - database_managers.py:488 - SQLite metadata registry initialized at: /var/folders/q7/s5rjdx2d2ydclz5f2d6lylxc0000gn/T/tmp486lefzp/metadata/registry.db
2026-01-03 22:28:14 - light_ai.storage.database_managers - INFO - database_managers.py:488 - SQLite metadata registry initialized at: /var/folders/q7/s5rjdx2d2ydclz5f2d6lylxc0000gn/T/tmp486lefzp/metadata/registry.db
2026-01-03 22:28:14 - light_ai.storage.database_managers - INFO - database_managers.py:488 - SQLite metadata registry initialized at: /var/folders/q7/s5rjdx2d2ydclz5f2d6lylxc0000gn/T/tmp486lefzp/metadata/registry.db
2026-01-03 22:28:14 - light_ai.storage.database_managers - INFO - database_managers.py:488 - SQLite metadata registry initialized at: /var/folders/q7/s5rjdx2d2ydclz5f2d6lylxc0000gn/T/tmp486lefzp/metadata/registry.db
2026-01-03 22:28:14 - light_ai.storage.database_managers - INFO - database_managers.py:488 - SQLite metadata registry initialized at: /var/folders/q7/s5rjdx2d2ydclz5f2d6lylxc0000gn/T/tmp486lefzp/metadata/registry.db
2026-01-03 22:28:14 - light_ai.storage.database_managers - INFO - database_managers.py:488 - SQLite metadata registry initialized at: /var/folders/q7/s5rjdx2d2ydclz5f2d6lylxc0000gn/T/tmp486lefzp/metadata/registry.db
2026-01-03 22:28:14 - light_ai.storage.directory_manager - INFO - directory_manager.py:54 - Creating directory structure at: /var/folders/q7/s5rjdx2d2ydclz5f2d6lylxc0000gn/T/tmp486lefzp
2026-01-03 22:28:14 - light_ai.storage.directory_manager - INFO - directory_manager.py:68 - Directory structure created successfully
2026-01-03 22:28:14 - light_ai.storage.database_managers - INFO - database_managers.py:488 - SQLite metadata registry initialized at: /var/folders/q7/s5rjdx2d2ydclz5f2d6lylxc0000gn/T/tmp486lefzp/metadata/registry.db
2026-01-03 22:28:14 - light_ai.storage.database_managers - INFO - database_managers.py:488 - SQLite metadata registry initialized at: /var/folders/q7/s5rjdx2d2ydclz5f2d6lylxc0000gn/T/tmp486lefzp/metadata/registry.db
2026-01-03 22:28:14 - light_ai.storage.database_managers - INFO - database_managers.py:488 - SQLite metadata registry initialized at: /var/folders/q7/s5rjdx2d2ydclz5f2d6lylxc0000gn/T/tmp486lefzp/metadata/registry.db
2026-01-03 22:28:14 - light_ai.storage.database_managers - INFO - database_managers.py:488 - SQLite metadata registry initialized at: /var/folders/q7/s5rjdx2d2ydclz5f2d6lylxc0000gn/T/tmp486lefzp/metadata/registry.db
2026-01-03 22:28:14 - light_ai.storage.database_managers - INFO - database_managers.py:488 - SQLite metadata registry initialized at: /var/folders/q7/s5rjdx2d2ydclz5f2d6lylxc0000gn/T/tmp486lefzp/metadata/registry.db
2026-01-03 22:28:14 - light_ai.storage.database_managers - INFO - database_managers.py:488 - SQLite metadata registry initialized at: /var/folders/q7/s5rjdx2d2ydclz5f2d6lylxc0000gn/T/tmp486lefzp/metadata/registry.db
2026-01-03 22:28:14 - light_ai.storage.database_managers - INFO - database_managers.py:488 - SQLite metadata registry initialized at: /var/folders/q7/s5rjdx2d2ydclz5f2d6lylxc0000gn/T/tmp486lefzp/metadata/registry.db
2026-01-03 22:28:14 - light_ai.storage.database_managers - INFO - database_managers.py:488 - SQLite metadata registry initialized at: /var/folders/q7/s5rjdx2d2ydclz5f2d6lylxc0000gn/T/tmp486lefzp/metadata/registry.db
2026-01-03 22:28:14 - light_ai.storage.database_managers - INFO - database_managers.py:488 - SQLite metadata registry initialized at: /var/folders/q7/s5rjdx2d2ydclz5f2d6lylxc0000gn/T/tmp486lefzp/metadata/registry.db
2026-01-03 22:28:15 - light_ai.storage.directory_manager - INFO - directory_manager.py:54 - Creating directory structure at: /var/folders/q7/s5rjdx2d2ydclz5f2d6lylxc0000gn/T/tmp486lefzp
2026-01-03 22:28:15 - light_ai.storage.directory_manager - INFO - directory_manager.py:68 - Directory structure created successfully
2026-01-03 22:28:15 - light_ai.storage.database_managers - INFO - database_managers.py:488 - SQLite metadata registry initialized at: /var/folders/q7/s5rjdx2d2ydclz5f2d6lylxc0000gn/T/tmp486lefzp/metadata/registry.db
2026-01-03 22:28:15 - light_ai.storage.database_managers - INFO - database_managers.py:488 - SQLite metadata registry initialized at: /var/folders/q7/s5rjdx2d2ydclz5f2d6lylxc0000gn/T/tmp486lefzp/metadata/registry.db
2026-01-03 22:28:15 - light_ai.storage.database_managers - INFO - database_managers.py:488 - SQLite metadata registry initialized at: /var/folders/q7/s5rjdx2d2ydclz5f2d6lylxc0000gn/T/tmp486lefzp/metadata/registry.db
2026-01-03 22:28:15 - light_ai.storage.database_managers - INFO - database_managers.py:488 - SQLite metadata registry initialized at: /var/folders/q7/s5rjdx2d2ydclz5f2d6lylxc0000gn/T/tmp486lefzp/metadata/registry.db
2026-01-03 22:28:15 - light_ai.storage.database_managers - INFO - database_managers.py:488 - SQLite metadata registry initialized at: /var/folders/q7/s5rjdx2d2ydclz5f2d6lylxc0000gn/T/tmp486lefzp/metadata/registry.db
2026-01-03 22:28:15 - light_ai.storage.database_managers - INFO - database_managers.py:488 - SQLite metadata registry initialized at: /var/folders/q7/s5rjdx2d2ydclz5f2d6lylxc0000gn/T/tmp486lefzp/metadata/registry.db
2026-01-03 22:28:15 - light_ai.storage.database_managers - INFO - database_managers.py:488 - SQLite metadata registry initialized at: /var/folders/q7/s5rjdx2d2ydclz5f2d6lylxc0000gn/T/tmp486lefzp/metadata/registry.db
2026-01-03 22:28:15 - light_ai.storage.database_managers - INFO - database_managers.py:488 - SQLite metadata registry initialized at: /var/folders/q7/s5rjdx2d2ydclz5f2d6lylxc0000gn/T/tmp486lefzp/metadata/registry.db
2026-01-03 22:28:15 - light_ai.storage.database_managers - INFO - database_managers.py:488 - SQLite metadata registry initialized at: /var/folders/q7/s5rjdx2d2ydclz5f2d6lylxc0000gn/T/tmp486lefzp/metadata/registry.db
2026-01-03 22:28:15 - light_ai.storage.directory_manager - INFO - directory_manager.py:54 - Creating directory structure at: /var/folders/q7/s5rjdx2d2ydclz5f2d6lylxc0000gn/T/tmp486lefzp
2026-01-03 22:28:15 - light_ai.storage.directory_manager - INFO - directory_manager.py:68 - Directory structure created successfully
2026-01-03 22:28:15 - light_ai.storage.database_managers - INFO - database_managers.py:488 - SQLite metadata registry initialized at: /var/folders/q7/s5rjdx2d2ydclz5f2d6lylxc0000gn/T/tmp486lefzp/metadata/registry.db
2026-01-03 22:28:15 - light_ai.storage.database_managers - INFO - database_managers.py:488 - SQLite metadata registry initialized at: /var/folders/q7/s5rjdx2d2ydclz5f2d6lylxc0000gn/T/tmp486lefzp/metadata/registry.db
2026-01-03 22:28:15 - light_ai.storage.database_managers - INFO - database_managers.py:488 - SQLite metadata registry initialized at: /var/folders/q7/s5rjdx2d2ydclz5f2d6lylxc0000gn/T/tmp486lefzp/metadata/registry.db
2026-01-03 22:28:15 - light_ai.storage.database_managers - INFO - database_managers.py:488 - SQLite metadata registry initialized at: /var/folders/q7/s5rjdx2d2ydclz5f2d6lylxc0000gn/T/tmp486lefzp/metadata/registry.db
2026-01-03 22:28:15 - light_ai.storage.database_managers - INFO - database_managers.py:488 - SQLite metadata registry initialized at: /var/folders/q7/s5rjdx2d2ydclz5f2d6lylxc0000gn/T/tmp486lefzp/metadata/registry.db
2026-01-03 22:28:15 - light_ai.storage.database_managers - INFO - database_managers.py:488 - SQLite metadata registry initialized at: /var/folders/q7/s5rjdx2d2ydclz5f2d6lylxc0000gn/T/tmp486lefzp/metadata/registry.db
2026-01-03 22:28:15 - light_ai.storage.database_managers - INFO - database_managers.py:488 - SQLite metadata registry initialized at: /var/folders/q7/s5rjdx2d2ydclz5f2d6lylxc0000gn/T/tmp486lefzp/metadata/registry.db
2026-01-03 22:28:15 - light_ai.storage.database_managers - INFO - database_managers.py:488 - SQLite metadata registry initialized at: /var/folders/q7/s5rjdx2d2ydclz5f2d6lylxc0000gn/T/tmp486lefzp/metadata/registry.db
2026-01-03 22:28:15 - light_ai.storage.database_managers - INFO - database_managers.py:488 - SQLite metadata registry initialized at: /var/folders/q7/s5rjdx2d2ydclz5f2d6lylxc0000gn/T/tmp486lefzp/metadata/registry.db
2026-01-03 22:28:15 - light_ai.storage.directory_manager - INFO - directory_manager.py:54 - Creating directory structure at: /var/folders/q7/s5rjdx2d2ydclz5f2d6lylxc0000gn/T/tmp486lefzp
2026-01-03 22:28:15 - light_ai.storage.directory_manager - INFO - directory_manager.py:68 - Directory structure created successfully
2026-01-03 22:28:15 - light_ai.storage.database_managers - INFO - database_managers.py:488 - SQLite metadata registry initialized at: /var/folders/q7/s5rjdx2d2ydclz5f2d6lylxc0000gn/T/tmp486lefzp/metadata/registry.db
2026-01-03 22:28:15 - light_ai.storage.database_managers - INFO - database_managers.py:488 - SQLite metadata registry initialized at: /var/folders/q7/s5rjdx2d2ydclz5f2d6lylxc0000gn/T/tmp486lefzp/metadata/registry.db
2026-01-03 22:28:15 - light_ai.storage.database_managers - INFO - database_managers.py:488 - SQLite metadata registry initialized at: /var/folders/q7/s5rjdx2d2ydclz5f2d6lylxc0000gn/T/tmp486lefzp/metadata/registry.db
2026-01-03 22:28:15 - light_ai.storage.database_managers - INFO - database_managers.py:488 - SQLite metadata registry initialized at: /var/folders/q7/s5rjdx2d2ydclz5f2d6lylxc0000gn/T/tmp486lefzp/metadata/registry.db
2026-01-03 22:28:15 - light_ai.storage.database_managers - INFO - database_managers.py:488 - SQLite metadata registry initialized at: /var/folders/q7/s5rjdx2d2ydclz5f2d6lylxc0000gn/T/tmp486lefzp/metadata/registry.db
2026-01-03 22:28:15 - light_ai.storage.database_managers - INFO - database_managers.py:488 - SQLite metadata registry initialized at: /var/folders/q7/s5rjdx2d2ydclz5f2d6lylxc0000gn/T/tmp486lefzp/metadata/registry.db
2026-01-03 22:28:15 - light_ai.storage.database_managers - INFO - database_managers.py:488 - SQLite metadata registry initialized at: /var/folders/q7/s5rjdx2d2ydclz5f2d6lylxc0000gn/T/tmp486lefzp/metadata/registry.db
2026-01-03 22:28:15 - light_ai.storage.database_managers - INFO - database_managers.py:488 - SQLite metadata registry initialized at: /var/folders/q7/s5rjdx2d2ydclz5f2d6lylxc0000gn/T/tmp486lefzp/metadata/registry.db
2026-01-03 22:28:15 - light_ai.storage.database_managers - INFO - database_managers.py:488 - SQLite metadata registry initialized at: /var/folders/q7/s5rjdx2d2ydclz5f2d6lylxc0000gn/T/tmp486lefzp/metadata/registry.db
2026-01-03 22:28:15 - light_ai.storage.directory_manager - INFO - directory_manager.py:54 - Creating directory structure at: /var/folders/q7/s5rjdx2d2ydclz5f2d6lylxc0000gn/T/tmp486lefzp
2026-01-03 22:28:15 - light_ai.storage.directory_manager - INFO - directory_manager.py:68 - Directory structure created successfully
2026-01-03 22:28:15 - light_ai.storage.database_managers - INFO - database_managers.py:488 - SQLite metadata registry initialized at: /var/folders/q7/s5rjdx2d2ydclz5f2d6lylxc0000gn/T/tmp486lefzp/metadata/registry.db
2026-01-03 22:28:15 - light_ai.storage.database_managers - INFO - database_managers.py:488 - SQLite metadata registry initialized at: /var/folders/q7/s5rjdx2d2ydclz5f2d6lylxc0000gn/T/tmp486lefzp/metadata/registry.db
2026-01-03 22:28:15 - light_ai.storage.database_managers - INFO - database_managers.py:488 - SQLite metadata registry initialized at: /var/folders/q7/s5rjdx2d2ydclz5f2d6lylxc0000gn/T/tmp486lefzp/metadata/registry.db
2026-01-03 22:28:15 - light_ai.storage.database_managers - INFO - database_managers.py:488 - SQLite metadata registry initialized at: /var/folders/q7/s5rjdx2d2ydclz5f2d6lylxc0000gn/T/tmp486lefzp/metadata/registry.db
2026-01-03 22:28:15 - light_ai.storage.database_managers - INFO - database_managers.py:488 - SQLite metadata registry initialized at: /var/folders/q7/s5rjdx2d2ydclz5f2d6lylxc0000gn/T/tmp486lefzp/metadata/registry.db
2026-01-03 22:28:15 - light_ai.storage.database_managers - INFO - database_managers.py:488 - SQLite metadata registry initialized at: /var/folders/q7/s5rjdx2d2ydclz5f2d6lylxc0000gn/T/tmp486lefzp/metadata/registry.db
2026-01-03 22:28:15 - light_ai.storage.database_managers - INFO - database_managers.py:488 - SQLite metadata registry initialized at: /var/folders/q7/s5rjdx2d2ydclz5f2d6lylxc0000gn/T/tmp486lefzp/metadata/registry.db
2026-01-03 22:28:15 - light_ai.storage.database_managers - INFO - database_managers.py:488 - SQLite metadata registry initialized at: /var/folders/q7/s5rjdx2d2ydclz5f2d6lylxc0000gn/T/tmp486lefzp/metadata/registry.db
2026-01-03 22:28:15 - light_ai.storage.database_managers - INFO - database_managers.py:488 - SQLite metadata registry initialized at: /var/folders/q7/s5rjdx2d2ydclz5f2d6lylxc0000gn/T/tmp486lefzp/metadata/registry.db
2026-01-03 22:28:15 - light_ai.storage.directory_manager - INFO - directory_manager.py:54 - Creating directory structure at: /var/folders/q7/s5rjdx2d2ydclz5f2d6lylxc0000gn/T/tmp486lefzp
2026-01-03 22:28:15 - light_ai.storage.directory_manager - INFO - directory_manager.py:68 - Directory structure created successfully
2026-01-03 22:28:15 - light_ai.storage.database_managers - INFO - database_managers.py:488 - SQLite metadata registry initialized at: /var/folders/q7/s5rjdx2d2ydclz5f2d6lylxc0000gn/T/tmp486lefzp/metadata/registry.db
2026-01-03 22:28:15 - light_ai.storage.database_managers - INFO - database_managers.py:488 - SQLite metadata registry initialized at: /var/folders/q7/s5rjdx2d2ydclz5f2d6lylxc0000gn/T/tmp486lefzp/metadata/registry.db
2026-01-03 22:28:15 - light_ai.storage.database_managers - INFO - database_managers.py:488 - SQLite metadata registry initialized at: /var/folders/q7/s5rjdx2d2ydclz5f2d6lylxc0000gn/T/tmp486lefzp/metadata/registry.db
2026-01-03 22:28:15 - light_ai.storage.database_managers - INFO - database_managers.py:488 - SQLite metadata registry initialized at: /var/folders/q7/s5rjdx2d2ydclz5f2d6lylxc0000gn/T/tmp486lefzp/metadata/registry.db
2026-01-03 22:28:15 - light_ai.storage.database_managers - INFO - database_managers.py:488 - SQLite metadata registry initialized at: /var/folders/q7/s5rjdx2d2ydclz5f2d6lylxc0000gn/T/tmp486lefzp/metadata/registry.db
2026-01-03 22:28:15 - light_ai.storage.database_managers - INFO - database_managers.py:488 - SQLite metadata registry initialized at: /var/folders/q7/s5rjdx2d2ydclz5f2d6lylxc0000gn/T/tmp486lefzp/metadata/registry.db
2026-01-03 22:28:15 - light_ai.storage.database_managers - INFO - database_managers.py:488 - SQLite metadata registry initialized at: /var/folders/q7/s5rjdx2d2ydclz5f2d6lylxc0000gn/T/tmp486lefzp/metadata/registry.db
2026-01-03 22:28:15 - light_ai.storage.database_managers - INFO - database_managers.py:488 - SQLite metadata registry initialized at: /var/folders/q7/s5rjdx2d2ydclz5f2d6lylxc0000gn/T/tmp486lefzp/metadata/registry.db
2026-01-03 22:28:15 - light_ai.storage.database_managers - INFO - database_managers.py:488 - SQLite metadata registry initialized at: /var/folders/q7/s5rjdx2d2ydclz5f2d6lylxc0000gn/T/tmp486lefzp/metadata/registry.db
2026-01-03 22:28:15 - light_ai.storage.directory_manager - INFO - directory_manager.py:54 - Creating directory structure at: /var/folders/q7/s5rjdx2d2ydclz5f2d6lylxc0000gn/T/tmp486lefzp
2026-01-03 22:28:15 - light_ai.storage.directory_manager - INFO - directory_manager.py:68 - Directory structure created successfully
2026-01-03 22:28:15 - light_ai.storage.database_managers - INFO - database_managers.py:488 - SQLite metadata registry initialized at: /var/folders/q7/s5rjdx2d2ydclz5f2d6lylxc0000gn/T/tmp486lefzp/metadata/registry.db
2026-01-03 22:28:15 - light_ai.storage.database_managers - INFO - database_managers.py:488 - SQLite metadata registry initialized at: /var/folders/q7/s5rjdx2d2ydclz5f2d6lylxc0000gn/T/tmp486lefzp/metadata/registry.db
2026-01-03 22:28:15 - light_ai.storage.database_managers - INFO - database_managers.py:488 - SQLite metadata registry initialized at: /var/folders/q7/s5rjdx2d2ydclz5f2d6lylxc0000gn/T/tmp486lefzp/metadata/registry.db
2026-01-03 22:28:15 - light_ai.storage.database_managers - INFO - database_managers.py:488 - SQLite metadata registry initialized at: /var/folders/q7/s5rjdx2d2ydclz5f2d6lylxc0000gn/T/tmp486lefzp/metadata/registry.db
2026-01-03 22:28:15 - light_ai.storage.database_managers - INFO - database_managers.py:488 - SQLite metadata registry initialized at: /var/folders/q7/s5rjdx2d2ydclz5f2d6lylxc0000gn/T/tmp486lefzp/metadata/registry.db
2026-01-03 22:28:15 - light_ai.storage.database_managers - INFO - database_managers.py:488 - SQLite metadata registry initialized at: /var/folders/q7/s5rjdx2d2ydclz5f2d6lylxc0000gn/T/tmp486lefzp/metadata/registry.db
2026-01-03 22:28:15 - light_ai.storage.database_managers - INFO - database_managers.py:488 - SQLite metadata registry initialized at: /var/folders/q7/s5rjdx2d2ydclz5f2d6lylxc0000gn/T/tmp486lefzp/metadata/registry.db
2026-01-03 22:28:15 - light_ai.storage.database_managers - INFO - database_managers.py:488 - SQLite metadata registry initialized at: /var/folders/q7/s5rjdx2d2ydclz5f2d6lylxc0000gn/T/tmp486lefzp/metadata/registry.db
2026-01-03 22:28:15 - light_ai.storage.database_managers - INFO - database_managers.py:488 - SQLite metadata registry initialized at: /var/folders/q7/s5rjdx2d2ydclz5f2d6lylxc0000gn/T/tmp486lefzp/metadata/registry.db
2026-01-03 22:28:15 - light_ai.storage.directory_manager - INFO - directory_manager.py:54 - Creating directory structure at: /var/folders/q7/s5rjdx2d2ydclz5f2d6lylxc0000gn/T/tmp486lefzp
2026-01-03 22:28:15 - light_ai.storage.directory_manager - INFO - directory_manager.py:68 - Directory structure created successfully
2026-01-03 22:28:15 - light_ai.storage.database_managers - INFO - database_managers.py:488 - SQLite metadata registry initialized at: /var/folders/q7/s5rjdx2d2ydclz5f2d6lylxc0000gn/T/tmp486lefzp/metadata/registry.db
2026-01-03 22:28:15 - light_ai.storage.database_managers - INFO - database_managers.py:488 - SQLite metadata registry initialized at: /var/folders/q7/s5rjdx2d2ydclz5f2d6lylxc0000gn/T/tmp486lefzp/metadata/registry.db
2026-01-03 22:28:15 - light_ai.storage.database_managers - INFO - database_managers.py:488 - SQLite metadata registry initialized at: /var/folders/q7/s5rjdx2d2ydclz5f2d6lylxc0000gn/T/tmp486lefzp/metadata/registry.db
2026-01-03 22:28:15 - light_ai.storage.database_managers - INFO - database_managers.py:488 - SQLite metadata registry initialized at: /var/folders/q7/s5rjdx2d2ydclz5f2d6lylxc0000gn/T/tmp486lefzp/metadata/registry.db
2026-01-03 22:28:15 - light_ai.storage.database_managers - INFO - database_managers.py:488 - SQLite metadata registry initialized at: /var/folders/q7/s5rjdx2d2ydclz5f2d6lylxc0000gn/T/tmp486lefzp/metadata/registry.db
2026-01-03 22:28:15 - light_ai.storage.database_managers - INFO - database_managers.py:488 - SQLite metadata registry initialized at: /var/folders/q7/s5rjdx2d2ydclz5f2d6lylxc0000gn/T/tmp486lefzp/metadata/registry.db
2026-01-03 22:28:15 - light_ai.storage.database_managers - INFO - database_managers.py:488 - SQLite metadata registry initialized at: /var/folders/q7/s5rjdx2d2ydclz5f2d6lylxc0000gn/T/tmp486lefzp/metadata/registry.db
2026-01-03 22:28:15 - light_ai.storage.database_managers - INFO - database_managers.py:488 - SQLite metadata registry initialized at: /var/folders/q7/s5rjdx2d2ydclz5f2d6lylxc0000gn/T/tmp486lefzp/metadata/registry.db
2026-01-03 22:28:15 - light_ai.storage.database_managers - INFO - database_managers.py:488 - SQLite metadata registry initialized at: /var/folders/q7/s5rjdx2d2ydclz5f2d6lylxc0000gn/T/tmp486lefzp/metadata/registry.db
2026-01-03 22:28:15 - light_ai.storage.directory_manager - INFO - directory_manager.py:54 - Creating directory structure at: /var/folders/q7/s5rjdx2d2ydclz5f2d6lylxc0000gn/T/tmp486lefzp
2026-01-03 22:28:15 - light_ai.storage.directory_manager - INFO - directory_manager.py:68 - Directory structure created successfully
2026-01-03 22:28:15 - light_ai.storage.database_managers - INFO - database_managers.py:488 - SQLite metadata registry initialized at: /var/folders/q7/s5rjdx2d2ydclz5f2d6lylxc0000gn/T/tmp486lefzp/metadata/registry.db
2026-01-03 22:28:15 - light_ai.storage.database_managers - INFO - database_managers.py:488 - SQLite metadata registry initialized at: /var/folders/q7/s5rjdx2d2ydclz5f2d6lylxc0000gn/T/tmp486lefzp/metadata/registry.db
2026-01-03 22:28:15 - light_ai.storage.database_managers - INFO - database_managers.py:488 - SQLite metadata registry initialized at: /var/folders/q7/s5rjdx2d2ydclz5f2d6lylxc0000gn/T/tmp486lefzp/metadata/registry.db
2026-01-03 22:28:15 - light_ai.storage.database_managers - INFO - database_managers.py:488 - SQLite metadata registry initialized at: /var/folders/q7/s5rjdx2d2ydclz5f2d6lylxc0000gn/T/tmp486lefzp/metadata/registry.db
2026-01-03 22:28:15 - light_ai.storage.database_managers - INFO - database_managers.py:488 - SQLite metadata registry initialized at: /var/folders/q7/s5rjdx2d2ydclz5f2d6lylxc0000gn/T/tmp486lefzp/metadata/registry.db
2026-01-03 22:28:15 - light_ai.storage.database_managers - INFO - database_managers.py:488 - SQLite metadata registry initialized at: /var/folders/q7/s5rjdx2d2ydclz5f2d6lylxc0000gn/T/tmp486lefzp/metadata/registry.db
2026-01-03 22:28:15 - light_ai.storage.database_managers - INFO - database_managers.py:488 - SQLite metadata registry initialized at: /var/folders/q7/s5rjdx2d2ydclz5f2d6lylxc0000gn/T/tmp486lefzp/metadata/registry.db
2026-01-03 22:28:15 - light_ai.storage.database_managers - INFO - database_managers.py:488 - SQLite metadata registry initialized at: /var/folders/q7/s5rjdx2d2ydclz5f2d6lylxc0000gn/T/tmp486lefzp/metadata/registry.db
2026-01-03 22:28:15 - light_ai.storage.database_managers - INFO - database_managers.py:488 - SQLite metadata registry initialized at: /var/folders/q7/s5rjdx2d2ydclz5f2d6lylxc0000gn/T/tmp486lefzp/metadata/registry.db
2026-01-03 22:28:15 - light_ai.storage.directory_manager - INFO - directory_manager.py:54 - Creating directory structure at: /var/folders/q7/s5rjdx2d2ydclz5f2d6lylxc0000gn/T/tmp486lefzp
2026-01-03 22:28:15 - light_ai.storage.directory_manager - INFO - directory_manager.py:68 - Directory structure created successfully
2026-01-03 22:28:15 - light_ai.storage.database_managers - INFO - database_managers.py:488 - SQLite metadata registry initialized at: /var/folders/q7/s5rjdx2d2ydclz5f2d6lylxc0000gn/T/tmp486lefzp/metadata/registry.db
2026-01-03 22:28:15 - light_ai.storage.database_managers - INFO - database_managers.py:488 - SQLite metadata registry initialized at: /var/folders/q7/s5rjdx2d2ydclz5f2d6lylxc0000gn/T/tmp486lefzp/metadata/registry.db
2026-01-03 22:28:15 - light_ai.storage.database_managers - INFO - database_managers.py:488 - SQLite metadata registry initialized at: /var/folders/q7/s5rjdx2d2ydclz5f2d6lylxc0000gn/T/tmp486lefzp/metadata/registry.db
2026-01-03 22:28:15 - light_ai.storage.database_managers - INFO - database_managers.py:488 - SQLite metadata registry initialized at: /var/folders/q7/s5rjdx2d2ydclz5f2d6lylxc0000gn/T/tmp486lefzp/metadata/registry.db
2026-01-03 22:28:15 - light_ai.storage.database_managers - INFO - database_managers.py:488 - SQLite metadata registry initialized at: /var/folders/q7/s5rjdx2d2ydclz5f2d6lylxc0000gn/T/tmp486lefzp/metadata/registry.db
2026-01-03 22:28:15 - light_ai.storage.database_managers - INFO - database_managers.py:488 - SQLite metadata registry initialized at: /var/folders/q7/s5rjdx2d2ydclz5f2d6lylxc0000gn/T/tmp486lefzp/metadata/registry.db
2026-01-03 22:28:15 - light_ai.storage.database_managers - INFO - database_managers.py:488 - SQLite metadata registry initialized at: /var/folders/q7/s5rjdx2d2ydclz5f2d6lylxc0000gn/T/tmp486lefzp/metadata/registry.db
2026-01-03 22:28:15 - light_ai.storage.database_managers - INFO - database_managers.py:488 - SQLite metadata registry initialized at: /var/folders/q7/s5rjdx2d2ydclz5f2d6lylxc0000gn/T/tmp486lefzp/metadata/registry.db
2026-01-03 22:28:15 - light_ai.storage.database_managers - INFO - database_managers.py:488 - SQLite metadata registry initialized at: /var/folders/q7/s5rjdx2d2ydclz5f2d6lylxc0000gn/T/tmp486lefzp/metadata/registry.db
2026-01-03 22:28:15 - light_ai.storage.directory_manager - INFO - directory_manager.py:54 - Creating directory structure at: /var/folders/q7/s5rjdx2d2ydclz5f2d6lylxc0000gn/T/tmp486lefzp
2026-01-03 22:28:15 - light_ai.storage.directory_manager - INFO - directory_manager.py:68 - Directory structure created successfully
2026-01-03 22:28:15 - light_ai.storage.database_managers - INFO - database_managers.py:488 - SQLite metadata registry initialized at: /var/folders/q7/s5rjdx2d2ydclz5f2d6lylxc0000gn/T/tmp486lefzp/metadata/registry.db
2026-01-03 22:28:15 - light_ai.storage.database_managers - INFO - database_managers.py:488 - SQLite metadata registry initialized at: /var/folders/q7/s5rjdx2d2ydclz5f2d6lylxc0000gn/T/tmp486lefzp/metadata/registry.db
2026-01-03 22:28:15 - light_ai.storage.database_managers - INFO - database_managers.py:488 - SQLite metadata registry initialized at: /var/folders/q7/s5rjdx2d2ydclz5f2d6lylxc0000gn/T/tmp486lefzp/metadata/registry.db
2026-01-03 22:28:15 - light_ai.storage.database_managers - INFO - database_managers.py:488 - SQLite metadata registry initialized at: /var/folders/q7/s5rjdx2d2ydclz5f2d6lylxc0000gn/T/tmp486lefzp/metadata/registry.db
2026-01-03 22:28:15 - light_ai.storage.database_managers - INFO - database_managers.py:488 - SQLite metadata registry initialized at: /var/folders/q7/s5rjdx2d2ydclz5f2d6lylxc0000gn/T/tmp486lefzp/metadata/registry.db
2026-01-03 22:28:15 - light_ai.storage.database_managers - INFO - database_managers.py:488 - SQLite metadata registry initialized at: /var/folders/q7/s5rjdx2d2ydclz5f2d6lylxc0000gn/T/tmp486lefzp/metadata/registry.db
2026-01-03 22:28:15 - light_ai.storage.database_managers - INFO - database_managers.py:488 - SQLite metadata registry initialized at: /var/folders/q7/s5rjdx2d2ydclz5f2d6lylxc0000gn/T/tmp486lefzp/metadata/registry.db
2026-01-03 22:28:15 - light_ai.storage.database_managers - INFO - database_managers.py:488 - SQLite metadata registry initialized at: /var/folders/q7/s5rjdx2d2ydclz5f2d6lylxc0000gn/T/tmp486lefzp/metadata/registry.db
2026-01-03 22:28:15 - light_ai.storage.database_managers - INFO - database_managers.py:488 - SQLite metadata registry initialized at: /var/folders/q7/s5rjdx2d2ydclz5f2d6lylxc0000gn/T/tmp486lefzp/metadata/registry.db
2026-01-03 22:28:15 - light_ai.storage.directory_manager - INFO - directory_manager.py:54 - Creating directory structure at: /var/folders/q7/s5rjdx2d2ydclz5f2d6lylxc0000gn/T/tmp486lefzp
2026-01-03 22:28:15 - light_ai.storage.directory_manager - INFO - directory_manager.py:68 - Directory structure created successfully
2026-01-03 22:28:15 - light_ai.storage.database_managers - INFO - database_managers.py:488 - SQLite metadata registry initialized at: /var/folders/q7/s5rjdx2d2ydclz5f2d6lylxc0000gn/T/tmp486lefzp/metadata/registry.db
2026-01-03 22:28:15 - light_ai.storage.database_managers - INFO - database_managers.py:488 - SQLite metadata registry initialized at: /var/folders/q7/s5rjdx2d2ydclz5f2d6lylxc0000gn/T/tmp486lefzp/metadata/registry.db
2026-01-03 22:28:15 - light_ai.storage.database_managers - INFO - database_managers.py:488 - SQLite metadata registry initialized at: /var/folders/q7/s5rjdx2d2ydclz5f2d6lylxc0000gn/T/tmp486lefzp/metadata/registry.db
2026-01-03 22:28:15 - light_ai.storage.database_managers - INFO - database_managers.py:488 - SQLite metadata registry initialized at: /var/folders/q7/s5rjdx2d2ydclz5f2d6lylxc0000gn/T/tmp486lefzp/metadata/registry.db
2026-01-03 22:28:15 - light_ai.storage.database_managers - INFO - database_managers.py:488 - SQLite metadata registry initialized at: /var/folders/q7/s5rjdx2d2ydclz5f2d6lylxc0000gn/T/tmp486lefzp/metadata/registry.db
2026-01-03 22:28:15 - light_ai.storage.database_managers - INFO - database_managers.py:488 - SQLite metadata registry initialized at: /var/folders/q7/s5rjdx2d2ydclz5f2d6lylxc0000gn/T/tmp486lefzp/metadata/registry.db
2026-01-03 22:28:15 - light_ai.storage.database_managers - INFO - database_managers.py:488 - SQLite metadata registry initialized at: /var/folders/q7/s5rjdx2d2ydclz5f2d6lylxc0000gn/T/tmp486lefzp/metadata/registry.db
2026-01-03 22:28:15 - light_ai.storage.database_managers - INFO - database_managers.py:488 - SQLite metadata registry initialized at: /var/folders/q7/s5rjdx2d2ydclz5f2d6lylxc0000gn/T/tmp486lefzp/metadata/registry.db
2026-01-03 22:28:15 - light_ai.storage.database_managers - INFO - database_managers.py:488 - SQLite metadata registry initialized at: /var/folders/q7/s5rjdx2d2ydclz5f2d6lylxc0000gn/T/tmp486lefzp/metadata/registry.db
2026-01-03 22:28:15 - light_ai.storage.directory_manager - INFO - directory_manager.py:54 - Creating directory structure at: /var/folders/q7/s5rjdx2d2ydclz5f2d6lylxc0000gn/T/tmp486lefzp
2026-01-03 22:28:15 - light_ai.storage.directory_manager - INFO - directory_manager.py:68 - Directory structure created successfully
2026-01-03 22:28:15 - light_ai.storage.database_managers - INFO - database_managers.py:488 - SQLite metadata registry initialized at: /var/folders/q7/s5rjdx2d2ydclz5f2d6lylxc0000gn/T/tmp486lefzp/metadata/registry.db
2026-01-03 22:28:15 - light_ai.storage.database_managers - INFO - database_managers.py:488 - SQLite metadata registry initialized at: /var/folders/q7/s5rjdx2d2ydclz5f2d6lylxc0000gn/T/tmp486lefzp/metadata/registry.db
2026-01-03 22:28:15 - light_ai.storage.database_managers - INFO - database_managers.py:488 - SQLite metadata registry initialized at: /var/folders/q7/s5rjdx2d2ydclz5f2d6lylxc0000gn/T/tmp486lefzp/metadata/registry.db
2026-01-03 22:28:15 - light_ai.storage.database_managers - INFO - database_managers.py:488 - SQLite metadata registry initialized at: /var/folders/q7/s5rjdx2d2ydclz5f2d6lylxc0000gn/T/tmp486lefzp/metadata/registry.db
2026-01-03 22:28:15 - light_ai.storage.database_managers - INFO - database_managers.py:488 - SQLite metadata registry initialized at: /var/folders/q7/s5rjdx2d2ydclz5f2d6lylxc0000gn/T/tmp486lefzp/metadata/registry.db
2026-01-03 22:28:15 - light_ai.storage.database_managers - INFO - database_managers.py:488 - SQLite metadata registry initialized at: /var/folders/q7/s5rjdx2d2ydclz5f2d6lylxc0000gn/T/tmp486lefzp/metadata/registry.db
2026-01-03 22:28:15 - light_ai.storage.database_managers - INFO - database_managers.py:488 - SQLite metadata registry initialized at: /var/folders/q7/s5rjdx2d2ydclz5f2d6lylxc0000gn/T/tmp486lefzp/metadata/registry.db
2026-01-03 22:28:15 - light_ai.storage.database_managers - INFO - database_managers.py:488 - SQLite metadata registry initialized at: /var/folders/q7/s5rjdx2d2ydclz5f2d6lylxc0000gn/T/tmp486lefzp/metadata/registry.db
2026-01-03 22:28:15 - light_ai.storage.database_managers - INFO - database_managers.py:488 - SQLite metadata registry initialized at: /var/folders/q7/s5rjdx2d2ydclz5f2d6lylxc0000gn/T/tmp486lefzp/metadata/registry.db
2026-01-03 22:28:15 - light_ai.storage.directory_manager - INFO - directory_manager.py:54 - Creating directory structure at: /var/folders/q7/s5rjdx2d2ydclz5f2d6lylxc0000gn/T/tmp486lefzp
2026-01-03 22:28:15 - light_ai.storage.directory_manager - INFO - directory_manager.py:68 - Directory structure created successfully
2026-01-03 22:28:15 - light_ai.storage.database_managers - INFO - database_managers.py:488 - SQLite metadata registry initialized at: /var/folders/q7/s5rjdx2d2ydclz5f2d6lylxc0000gn/T/tmp486lefzp/metadata/registry.db
2026-01-03 22:28:15 - light_ai.storage.database_managers - INFO - database_managers.py:488 - SQLite metadata registry initialized at: /var/folders/q7/s5rjdx2d2ydclz5f2d6lylxc0000gn/T/tmp486lefzp/metadata/registry.db
2026-01-03 22:28:15 - light_ai.storage.database_managers - INFO - database_managers.py:488 - SQLite metadata registry initialized at: /var/folders/q7/s5rjdx2d2ydclz5f2d6lylxc0000gn/T/tmp486lefzp/metadata/registry.db
2026-01-03 22:28:15 - light_ai.storage.database_managers - INFO - database_managers.py:488 - SQLite metadata registry initialized at: /var/folders/q7/s5rjdx2d2ydclz5f2d6lylxc0000gn/T/tmp486lefzp/metadata/registry.db
2026-01-03 22:28:15 - light_ai.storage.database_managers - INFO - database_managers.py:488 - SQLite metadata registry initialized at: /var/folders/q7/s5rjdx2d2ydclz5f2d6lylxc0000gn/T/tmp486lefzp/metadata/registry.db
2026-01-03 22:28:15 - light_ai.storage.database_managers - INFO - database_managers.py:488 - SQLite metadata registry initialized at: /var/folders/q7/s5rjdx2d2ydclz5f2d6lylxc0000gn/T/tmp486lefzp/metadata/registry.db
2026-01-03 22:28:15 - light_ai.storage.database_managers - INFO - database_managers.py:488 - SQLite metadata registry initialized at: /var/folders/q7/s5rjdx2d2ydclz5f2d6lylxc0000gn/T/tmp486lefzp/metadata/registry.db
2026-01-03 22:28:15 - light_ai.storage.database_managers - INFO - database_managers.py:488 - SQLite metadata registry initialized at: /var/folders/q7/s5rjdx2d2ydclz5f2d6lylxc0000gn/T/tmp486lefzp/metadata/registry.db
2026-01-03 22:28:15 - light_ai.storage.database_managers - INFO - database_managers.py:488 - SQLite metadata registry initialized at: /var/folders/q7/s5rjdx2d2ydclz5f2d6lylxc0000gn/T/tmp486lefzp/metadata/registry.db
2026-01-03 22:28:15 - light_ai.storage.directory_manager - INFO - directory_manager.py:54 - Creating directory structure at: /var/folders/q7/s5rjdx2d2ydclz5f2d6lylxc0000gn/T/tmp486lefzp
2026-01-03 22:28:15 - light_ai.storage.directory_manager - INFO - directory_manager.py:68 - Directory structure created successfully
2026-01-03 22:28:15 - light_ai.storage.database_managers - INFO - database_managers.py:488 - SQLite metadata registry initialized at: /var/folders/q7/s5rjdx2d2ydclz5f2d6lylxc0000gn/T/tmp486lefzp/metadata/registry.db
2026-01-03 22:28:15 - light_ai.storage.database_managers - INFO - database_managers.py:488 - SQLite metadata registry initialized at: /var/folders/q7/s5rjdx2d2ydclz5f2d6lylxc0000gn/T/tmp486lefzp/metadata/registry.db
2026-01-03 22:28:15 - light_ai.storage.database_managers - INFO - database_managers.py:488 - SQLite metadata registry initialized at: /var/folders/q7/s5rjdx2d2ydclz5f2d6lylxc0000gn/T/tmp486lefzp/metadata/registry.db
2026-01-03 22:28:15 - light_ai.storage.database_managers - INFO - database_managers.py:488 - SQLite metadata registry initialized at: /var/folders/q7/s5rjdx2d2ydclz5f2d6lylxc0000gn/T/tmp486lefzp/metadata/registry.db
2026-01-03 22:28:15 - light_ai.storage.database_managers - INFO - database_managers.py:488 - SQLite metadata registry initialized at: /var/folders/q7/s5rjdx2d2ydclz5f2d6lylxc0000gn/T/tmp486lefzp/metadata/registry.db
2026-01-03 22:28:15 - light_ai.storage.database_managers - INFO - database_managers.py:488 - SQLite metadata registry initialized at: /var/folders/q7/s5rjdx2d2ydclz5f2d6lylxc0000gn/T/tmp486lefzp/metadata/registry.db
2026-01-03 22:28:15 - light_ai.storage.database_managers - INFO - database_managers.py:488 - SQLite metadata registry initialized at: /var/folders/q7/s5rjdx2d2ydclz5f2d6lylxc0000gn/T/tmp486lefzp/metadata/registry.db
2026-01-03 22:28:15 - light_ai.storage.database_managers - INFO - database_managers.py:488 - SQLite metadata registry initialized at: /var/folders/q7/s5rjdx2d2ydclz5f2d6lylxc0000gn/T/tmp486lefzp/metadata/registry.db
2026-01-03 22:28:15 - light_ai.storage.database_managers - INFO - database_managers.py:488 - SQLite metadata registry initialized at: /var/folders/q7/s5rjdx2d2ydclz5f2d6lylxc0000gn/T/tmp486lefzp/metadata/registry.db
2026-01-03 22:28:15 - light_ai.storage.directory_manager - INFO - directory_manager.py:54 - Creating directory structure at: /var/folders/q7/s5rjdx2d2ydclz5f2d6lylxc0000gn/T/tmp486lefzp
2026-01-03 22:28:15 - light_ai.storage.directory_manager - INFO - directory_manager.py:68 - Directory structure created successfully
2026-01-03 22:28:15 - light_ai.storage.database_managers - INFO - database_managers.py:488 - SQLite metadata registry initialized at: /var/folders/q7/s5rjdx2d2ydclz5f2d6lylxc0000gn/T/tmp486lefzp/metadata/registry.db
2026-01-03 22:28:15 - light_ai.storage.database_managers - INFO - database_managers.py:488 - SQLite metadata registry initialized at: /var/folders/q7/s5rjdx2d2ydclz5f2d6lylxc0000gn/T/tmp486lefzp/metadata/registry.db
2026-01-03 22:28:15 - light_ai.storage.database_managers - INFO - database_managers.py:488 - SQLite metadata registry initialized at: /var/folders/q7/s5rjdx2d2ydclz5f2d6lylxc0000gn/T/tmp486lefzp/metadata/registry.db
2026-01-03 22:28:15 - light_ai.storage.database_managers - INFO - database_managers.py:488 - SQLite metadata registry initialized at: /var/folders/q7/s5rjdx2d2ydclz5f2d6lylxc0000gn/T/tmp486lefzp/metadata/registry.db
2026-01-03 22:28:15 - light_ai.storage.database_managers - INFO - database_managers.py:488 - SQLite metadata registry initialized at: /var/folders/q7/s5rjdx2d2ydclz5f2d6lylxc0000gn/T/tmp486lefzp/metadata/registry.db
2026-01-03 22:28:15 - light_ai.storage.database_managers - INFO - database_managers.py:488 - SQLite metadata registry initialized at: /var/folders/q7/s5rjdx2d2ydclz5f2d6lylxc0000gn/T/tmp486lefzp/metadata/registry.db
2026-01-03 22:28:15 - light_ai.storage.database_managers - INFO - database_managers.py:488 - SQLite metadata registry initialized at: /var/folders/q7/s5rjdx2d2ydclz5f2d6lylxc0000gn/T/tmp486lefzp/metadata/registry.db
2026-01-03 22:28:15 - light_ai.storage.database_managers - INFO - database_managers.py:488 - SQLite metadata registry initialized at: /var/folders/q7/s5rjdx2d2ydclz5f2d6lylxc0000gn/T/tmp486lefzp/metadata/registry.db
2026-01-03 22:28:15 - light_ai.storage.database_managers - INFO - database_managers.py:488 - SQLite metadata registry initialized at: /var/folders/q7/s5rjdx2d2ydclz5f2d6lylxc0000gn/T/tmp486lefzp/metadata/registry.db
2026-01-03 22:28:15 - light_ai.storage.directory_manager - INFO - directory_manager.py:54 - Creating directory structure at: /var/folders/q7/s5rjdx2d2ydclz5f2d6lylxc0000gn/T/tmp486lefzp
2026-01-03 22:28:15 - light_ai.storage.directory_manager - INFO - directory_manager.py:68 - Directory structure created successfully
2026-01-03 22:28:15 - light_ai.storage.database_managers - INFO - database_managers.py:488 - SQLite metadata registry initialized at: /var/folders/q7/s5rjdx2d2ydclz5f2d6lylxc0000gn/T/tmp486lefzp/metadata/registry.db
2026-01-03 22:28:15 - light_ai.storage.database_managers - INFO - database_managers.py:488 - SQLite metadata registry initialized at: /var/folders/q7/s5rjdx2d2ydclz5f2d6lylxc0000gn/T/tmp486lefzp/metadata/registry.db
2026-01-03 22:28:15 - light_ai.storage.database_managers - INFO - database_managers.py:488 - SQLite metadata registry initialized at: /var/folders/q7/s5rjdx2d2ydclz5f2d6lylxc0000gn/T/tmp486lefzp/metadata/registry.db
2026-01-03 22:28:15 - light_ai.storage.database_managers - INFO - database_managers.py:488 - SQLite metadata registry initialized at: /var/folders/q7/s5rjdx2d2ydclz5f2d6lylxc0000gn/T/tmp486lefzp/metadata/registry.db
2026-01-03 22:28:15 - light_ai.storage.database_managers - INFO - database_managers.py:488 - SQLite metadata registry initialized at: /var/folders/q7/s5rjdx2d2ydclz5f2d6lylxc0000gn/T/tmp486lefzp/metadata/registry.db
2026-01-03 22:28:15 - light_ai.storage.database_managers - INFO - database_managers.py:488 - SQLite metadata registry initialized at: /var/folders/q7/s5rjdx2d2ydclz5f2d6lylxc0000gn/T/tmp486lefzp/metadata/registry.db
2026-01-03 22:28:15 - light_ai.storage.database_managers - INFO - database_managers.py:488 - SQLite metadata registry initialized at: /var/folders/q7/s5rjdx2d2ydclz5f2d6lylxc0000gn/T/tmp486lefzp/metadata/registry.db
2026-01-03 22:28:15 - light_ai.storage.database_managers - INFO - database_managers.py:488 - SQLite metadata registry initialized at: /var/folders/q7/s5rjdx2d2ydclz5f2d6lylxc0000gn/T/tmp486lefzp/metadata/registry.db
2026-01-03 22:28:15 - light_ai.storage.database_managers - INFO - database_managers.py:488 - SQLite metadata registry initialized at: /var/folders/q7/s5rjdx2d2ydclz5f2d6lylxc0000gn/T/tmp486lefzp/metadata/registry.db
2026-01-03 22:28:15 - light_ai.storage.directory_manager - INFO - directory_manager.py:54 - Creating directory structure at: /var/folders/q7/s5rjdx2d2ydclz5f2d6lylxc0000gn/T/tmp486lefzp
2026-01-03 22:28:15 - light_ai.storage.directory_manager - INFO - directory_manager.py:68 - Directory structure created successfully
2026-01-03 22:28:15 - light_ai.storage.database_managers - INFO - database_managers.py:488 - SQLite metadata registry initialized at: /var/folders/q7/s5rjdx2d2ydclz5f2d6lylxc0000gn/T/tmp486lefzp/metadata/registry.db
2026-01-03 22:28:15 - light_ai.storage.database_managers - INFO - database_managers.py:488 - SQLite metadata registry initialized at: /var/folders/q7/s5rjdx2d2ydclz5f2d6lylxc0000gn/T/tmp486lefzp/metadata/registry.db
2026-01-03 22:28:15 - light_ai.storage.database_managers - INFO - database_managers.py:488 - SQLite metadata registry initialized at: /var/folders/q7/s5rjdx2d2ydclz5f2d6lylxc0000gn/T/tmp486lefzp/metadata/registry.db
2026-01-03 22:28:15 - light_ai.storage.database_managers - INFO - database_managers.py:488 - SQLite metadata registry initialized at: /var/folders/q7/s5rjdx2d2ydclz5f2d6lylxc0000gn/T/tmp486lefzp/metadata/registry.db
2026-01-03 22:28:15 - light_ai.storage.database_managers - INFO - database_managers.py:488 - SQLite metadata registry initialized at: /var/folders/q7/s5rjdx2d2ydclz5f2d6lylxc0000gn/T/tmp486lefzp/metadata/registry.db
2026-01-03 22:28:15 - light_ai.storage.database_managers - INFO - database_managers.py:488 - SQLite metadata registry initialized at: /var/folders/q7/s5rjdx2d2ydclz5f2d6lylxc0000gn/T/tmp486lefzp/metadata/registry.db
2026-01-03 22:28:15 - light_ai.storage.database_managers - INFO - database_managers.py:488 - SQLite metadata registry initialized at: /var/folders/q7/s5rjdx2d2ydclz5f2d6lylxc0000gn/T/tmp486lefzp/metadata/registry.db
2026-01-03 22:28:15 - light_ai.storage.database_managers - INFO - database_managers.py:488 - SQLite metadata registry initialized at: /var/folders/q7/s5rjdx2d2ydclz5f2d6lylxc0000gn/T/tmp486lefzp/metadata/registry.db
2026-01-03 22:28:15 - light_ai.storage.database_managers - INFO - database_managers.py:488 - SQLite metadata registry initialized at: /var/folders/q7/s5rjdx2d2ydclz5f2d6lylxc0000gn/T/tmp486lefzp/metadata/registry.db
2026-01-03 22:28:15 - light_ai.storage.directory_manager - INFO - directory_manager.py:54 - Creating directory structure at: /var/folders/q7/s5rjdx2d2ydclz5f2d6lylxc0000gn/T/tmp486lefzp
2026-01-03 22:28:15 - light_ai.storage.directory_manager - INFO - directory_manager.py:68 - Directory structure created successfully
2026-01-03 22:28:15 - light_ai.storage.database_managers - INFO - database_managers.py:488 - SQLite metadata registry initialized at: /var/folders/q7/s5rjdx2d2ydclz5f2d6lylxc0000gn/T/tmp486lefzp/metadata/registry.db
2026-01-03 22:28:15 - light_ai.storage.database_managers - INFO - database_managers.py:488 - SQLite metadata registry initialized at: /var/folders/q7/s5rjdx2d2ydclz5f2d6lylxc0000gn/T/tmp486lefzp/metadata/registry.db
2026-01-03 22:28:15 - light_ai.storage.database_managers - INFO - database_managers.py:488 - SQLite metadata registry initialized at: /var/folders/q7/s5rjdx2d2ydclz5f2d6lylxc0000gn/T/tmp486lefzp/metadata/registry.db
2026-01-03 22:28:15 - light_ai.storage.database_managers - INFO - database_managers.py:488 - SQLite metadata registry initialized at: /var/folders/q7/s5rjdx2d2ydclz5f2d6lylxc0000gn/T/tmp486lefzp/metadata/registry.db
2026-01-03 22:28:15 - light_ai.storage.database_managers - INFO - database_managers.py:488 - SQLite metadata registry initialized at: /var/folders/q7/s5rjdx2d2ydclz5f2d6lylxc0000gn/T/tmp486lefzp/metadata/registry.db
2026-01-03 22:28:15 - light_ai.storage.database_managers - INFO - database_managers.py:488 - SQLite metadata registry initialized at: /var/folders/q7/s5rjdx2d2ydclz5f2d6lylxc0000gn/T/tmp486lefzp/metadata/registry.db
2026-01-03 22:28:15 - light_ai.storage.database_managers - INFO - database_managers.py:488 - SQLite metadata registry initialized at: /var/folders/q7/s5rjdx2d2ydclz5f2d6lylxc0000gn/T/tmp486lefzp/metadata/registry.db
2026-01-03 22:28:15 - light_ai.storage.database_managers - INFO - database_managers.py:488 - SQLite metadata registry initialized at: /var/folders/q7/s5rjdx2d2ydclz5f2d6lylxc0000gn/T/tmp486lefzp/metadata/registry.db
2026-01-03 22:28:15 - light_ai.storage.database_managers - INFO - database_managers.py:488 - SQLite metadata registry initialized at: /var/folders/q7/s5rjdx2d2ydclz5f2d6lylxc0000gn/T/tmp486lefzp/metadata/registry.db
2026-01-03 22:28:15 - light_ai.storage.directory_manager - INFO - directory_manager.py:54 - Creating directory structure at: /var/folders/q7/s5rjdx2d2ydclz5f2d6lylxc0000gn/T/tmp486lefzp
2026-01-03 22:28:15 - light_ai.storage.directory_manager - INFO - directory_manager.py:68 - Directory structure created successfully
2026-01-03 22:28:15 - light_ai.storage.database_managers - INFO - database_managers.py:488 - SQLite metadata registry initialized at: /var/folders/q7/s5rjdx2d2ydclz5f2d6lylxc0000gn/T/tmp486lefzp/metadata/registry.db
2026-01-03 22:28:15 - light_ai.storage.database_managers - INFO - database_managers.py:488 - SQLite metadata registry initialized at: /var/folders/q7/s5rjdx2d2ydclz5f2d6lylxc0000gn/T/tmp486lefzp/metadata/registry.db
2026-01-03 22:28:15 - light_ai.storage.database_managers - INFO - database_managers.py:488 - SQLite metadata registry initialized at: /var/folders/q7/s5rjdx2d2ydclz5f2d6lylxc0000gn/T/tmp486lefzp/metadata/registry.db
2026-01-03 22:28:15 - light_ai.storage.database_managers - INFO - database_managers.py:488 - SQLite metadata registry initialized at: /var/folders/q7/s5rjdx2d2ydclz5f2d6lylxc0000gn/T/tmp486lefzp/metadata/registry.db
2026-01-03 22:28:15 - light_ai.storage.database_managers - INFO - database_managers.py:488 - SQLite metadata registry initialized at: /var/folders/q7/s5rjdx2d2ydclz5f2d6lylxc0000gn/T/tmp486lefzp/metadata/registry.db
2026-01-03 22:28:15 - light_ai.storage.database_managers - INFO - database_managers.py:488 - SQLite metadata registry initialized at: /var/folders/q7/s5rjdx2d2ydclz5f2d6lylxc0000gn/T/tmp486lefzp/metadata/registry.db
2026-01-03 22:28:15 - light_ai.storage.database_managers - INFO - database_managers.py:488 - SQLite metadata registry initialized at: /var/folders/q7/s5rjdx2d2ydclz5f2d6lylxc0000gn/T/tmp486lefzp/metadata/registry.db
2026-01-03 22:28:15 - light_ai.storage.database_managers - INFO - database_managers.py:488 - SQLite metadata registry initialized at: /var/folders/q7/s5rjdx2d2ydclz5f2d6lylxc0000gn/T/tmp486lefzp/metadata/registry.db
2026-01-03 22:28:15 - light_ai.storage.database_managers - INFO - database_managers.py:488 - SQLite metadata registry initialized at: /var/folders/q7/s5rjdx2d2ydclz5f2d6lylxc0000gn/T/tmp486lefzp/metadata/registry.db
2026-01-03 22:28:15 - light_ai.storage.directory_manager - INFO - directory_manager.py:54 - Creating directory structure at: /var/folders/q7/s5rjdx2d2ydclz5f2d6lylxc0000gn/T/tmp486lefzp
2026-01-03 22:28:15 - light_ai.storage.directory_manager - INFO - directory_manager.py:68 - Directory structure created successfully
2026-01-03 22:28:15 - light_ai.storage.database_managers - INFO - database_managers.py:488 - SQLite metadata registry initialized at: /var/folders/q7/s5rjdx2d2ydclz5f2d6lylxc0000gn/T/tmp486lefzp/metadata/registry.db
2026-01-03 22:28:15 - light_ai.storage.database_managers - INFO - database_managers.py:488 - SQLite metadata registry initialized at: /var/folders/q7/s5rjdx2d2ydclz5f2d6lylxc0000gn/T/tmp486lefzp/metadata/registry.db
2026-01-03 22:28:15 - light_ai.storage.database_managers - INFO - database_managers.py:488 - SQLite metadata registry initialized at: /var/folders/q7/s5rjdx2d2ydclz5f2d6lylxc0000gn/T/tmp486lefzp/metadata/registry.db
2026-01-03 22:28:15 - light_ai.storage.database_managers - INFO - database_managers.py:488 - SQLite metadata registry initialized at: /var/folders/q7/s5rjdx2d2ydclz5f2d6lylxc0000gn/T/tmp486lefzp/metadata/registry.db
2026-01-03 22:28:15 - light_ai.storage.database_managers - INFO - database_managers.py:488 - SQLite metadata registry initialized at: /var/folders/q7/s5rjdx2d2ydclz5f2d6lylxc0000gn/T/tmp486lefzp/metadata/registry.db
2026-01-03 22:28:15 - light_ai.storage.database_managers - INFO - database_managers.py:488 - SQLite metadata registry initialized at: /var/folders/q7/s5rjdx2d2ydclz5f2d6lylxc0000gn/T/tmp486lefzp/metadata/registry.db
2026-01-03 22:28:15 - light_ai.storage.database_managers - INFO - database_managers.py:488 - SQLite metadata registry initialized at: /var/folders/q7/s5rjdx2d2ydclz5f2d6lylxc0000gn/T/tmp486lefzp/metadata/registry.db
2026-01-03 22:28:15 - light_ai.storage.database_managers - INFO - database_managers.py:488 - SQLite metadata registry initialized at: /var/folders/q7/s5rjdx2d2ydclz5f2d6lylxc0000gn/T/tmp486lefzp/metadata/registry.db
2026-01-03 22:28:15 - light_ai.storage.database_managers - INFO - database_managers.py:488 - SQLite metadata registry initialized at: /var/folders/q7/s5rjdx2d2ydclz5f2d6lylxc0000gn/T/tmp486lefzp/metadata/registry.db
2026-01-03 22:28:15 - light_ai.storage.directory_manager - INFO - directory_manager.py:54 - Creating directory structure at: /var/folders/q7/s5rjdx2d2ydclz5f2d6lylxc0000gn/T/tmp486lefzp
2026-01-03 22:28:15 - light_ai.storage.directory_manager - INFO - directory_manager.py:68 - Directory structure created successfully
2026-01-03 22:28:15 - light_ai.storage.database_managers - INFO - database_managers.py:488 - SQLite metadata registry initialized at: /var/folders/q7/s5rjdx2d2ydclz5f2d6lylxc0000gn/T/tmp486lefzp/metadata/registry.db
2026-01-03 22:28:15 - light_ai.storage.database_managers - INFO - database_managers.py:488 - SQLite metadata registry initialized at: /var/folders/q7/s5rjdx2d2ydclz5f2d6lylxc0000gn/T/tmp486lefzp/metadata/registry.db
2026-01-03 22:28:15 - light_ai.storage.database_managers - INFO - database_managers.py:488 - SQLite metadata registry initialized at: /var/folders/q7/s5rjdx2d2ydclz5f2d6lylxc0000gn/T/tmp486lefzp/metadata/registry.db
2026-01-03 22:28:15 - light_ai.storage.database_managers - INFO - database_managers.py:488 - SQLite metadata registry initialized at: /var/folders/q7/s5rjdx2d2ydclz5f2d6lylxc0000gn/T/tmp486lefzp/metadata/registry.db
2026-01-03 22:28:15 - light_ai.storage.database_managers - INFO - database_managers.py:488 - SQLite metadata registry initialized at: /var/folders/q7/s5rjdx2d2ydclz5f2d6lylxc0000gn/T/tmp486lefzp/metadata/registry.db
2026-01-03 22:28:15 - light_ai.storage.database_managers - INFO - database_managers.py:488 - SQLite metadata registry initialized at: /var/folders/q7/s5rjdx2d2ydclz5f2d6lylxc0000gn/T/tmp486lefzp/metadata/registry.db
2026-01-03 22:28:15 - light_ai.storage.database_managers - INFO - database_managers.py:488 - SQLite metadata registry initialized at: /var/folders/q7/s5rjdx2d2ydclz5f2d6lylxc0000gn/T/tmp486lefzp/metadata/registry.db
2026-01-03 22:28:15 - light_ai.storage.database_managers - INFO - database_managers.py:488 - SQLite metadata registry initialized at: /var/folders/q7/s5rjdx2d2ydclz5f2d6lylxc0000gn/T/tmp486lefzp/metadata/registry.db
2026-01-03 22:28:15 - light_ai.storage.database_managers - INFO - database_managers.py:488 - SQLite metadata registry initialized at: /var/folders/q7/s5rjdx2d2ydclz5f2d6lylxc0000gn/T/tmp486lefzp/metadata/registry.db
2026-01-03 22:28:15 - light_ai.storage.directory_manager - INFO - directory_manager.py:54 - Creating directory structure at: /var/folders/q7/s5rjdx2d2ydclz5f2d6lylxc0000gn/T/tmp486lefzp
2026-01-03 22:28:15 - light_ai.storage.directory_manager - INFO - directory_manager.py:68 - Directory structure created successfully
2026-01-03 22:28:15 - light_ai.storage.database_managers - INFO - database_managers.py:488 - SQLite metadata registry initialized at: /var/folders/q7/s5rjdx2d2ydclz5f2d6lylxc0000gn/T/tmp486lefzp/metadata/registry.db
2026-01-03 22:28:15 - light_ai.storage.database_managers - INFO - database_managers.py:488 - SQLite metadata registry initialized at: /var/folders/q7/s5rjdx2d2ydclz5f2d6lylxc0000gn/T/tmp486lefzp/metadata/registry.db
2026-01-03 22:28:15 - light_ai.storage.database_managers - INFO - database_managers.py:488 - SQLite metadata registry initialized at: /var/folders/q7/s5rjdx2d2ydclz5f2d6lylxc0000gn/T/tmp486lefzp/metadata/registry.db
2026-01-03 22:28:15 - light_ai.storage.database_managers - INFO - database_managers.py:488 - SQLite metadata registry initialized at: /var/folders/q7/s5rjdx2d2ydclz5f2d6lylxc0000gn/T/tmp486lefzp/metadata/registry.db
2026-01-03 22:28:15 - light_ai.storage.database_managers - INFO - database_managers.py:488 - SQLite metadata registry initialized at: /var/folders/q7/s5rjdx2d2ydclz5f2d6lylxc0000gn/T/tmp486lefzp/metadata/registry.db
2026-01-03 22:28:15 - light_ai.storage.database_managers - INFO - database_managers.py:488 - SQLite metadata registry initialized at: /var/folders/q7/s5rjdx2d2ydclz5f2d6lylxc0000gn/T/tmp486lefzp/metadata/registry.db
2026-01-03 22:28:15 - light_ai.storage.database_managers - INFO - database_managers.py:488 - SQLite metadata registry initialized at: /var/folders/q7/s5rjdx2d2ydclz5f2d6lylxc0000gn/T/tmp486lefzp/metadata/registry.db
2026-01-03 22:28:15 - light_ai.storage.database_managers - INFO - database_managers.py:488 - SQLite metadata registry initialized at: /var/folders/q7/s5rjdx2d2ydclz5f2d6lylxc0000gn/T/tmp486lefzp/metadata/registry.db
2026-01-03 22:28:15 - light_ai.storage.database_managers - INFO - database_managers.py:488 - SQLite metadata registry initialized at: /var/folders/q7/s5rjdx2d2ydclz5f2d6lylxc0000gn/T/tmp486lefzp/metadata/registry.db
2026-01-03 22:28:15 - light_ai.storage.directory_manager - INFO - directory_manager.py:54 - Creating directory structure at: /var/folders/q7/s5rjdx2d2ydclz5f2d6lylxc0000gn/T/tmp486lefzp
2026-01-03 22:28:15 - light_ai.storage.directory_manager - INFO - directory_manager.py:68 - Directory structure created successfully
2026-01-03 22:28:15 - light_ai.storage.database_managers - INFO - database_managers.py:488 - SQLite metadata registry initialized at: /var/folders/q7/s5rjdx2d2ydclz5f2d6lylxc0000gn/T/tmp486lefzp/metadata/registry.db
2026-01-03 22:28:15 - light_ai.storage.database_managers - INFO - database_managers.py:488 - SQLite metadata registry initialized at: /var/folders/q7/s5rjdx2d2ydclz5f2d6lylxc0000gn/T/tmp486lefzp/metadata/registry.db
2026-01-03 22:28:15 - light_ai.storage.database_managers - INFO - database_managers.py:488 - SQLite metadata registry initialized at: /var/folders/q7/s5rjdx2d2ydclz5f2d6lylxc0000gn/T/tmp486lefzp/metadata/registry.db
2026-01-03 22:28:15 - light_ai.storage.database_managers - INFO - database_managers.py:488 - SQLite metadata registry initialized at: /var/folders/q7/s5rjdx2d2ydclz5f2d6lylxc0000gn/T/tmp486lefzp/metadata/registry.db
2026-01-03 22:28:15 - light_ai.storage.database_managers - INFO - database_managers.py:488 - SQLite metadata registry initialized at: /var/folders/q7/s5rjdx2d2ydclz5f2d6lylxc0000gn/T/tmp486lefzp/metadata/registry.db
2026-01-03 22:28:15 - light_ai.storage.database_managers - INFO - database_managers.py:488 - SQLite metadata registry initialized at: /var/folders/q7/s5rjdx2d2ydclz5f2d6lylxc0000gn/T/tmp486lefzp/metadata/registry.db
2026-01-03 22:28:15 - light_ai.storage.database_managers - INFO - database_managers.py:488 - SQLite metadata registry initialized at: /var/folders/q7/s5rjdx2d2ydclz5f2d6lylxc0000gn/T/tmp486lefzp/metadata/registry.db
2026-01-03 22:28:15 - light_ai.storage.database_managers - INFO - database_managers.py:488 - SQLite metadata registry initialized at: /var/folders/q7/s5rjdx2d2ydclz5f2d6lylxc0000gn/T/tmp486lefzp/metadata/registry.db
2026-01-03 22:28:15 - light_ai.storage.database_managers - INFO - database_managers.py:488 - SQLite metadata registry initialized at: /var/folders/q7/s5rjdx2d2ydclz5f2d6lylxc0000gn/T/tmp486lefzp/metadata/registry.db
2026-01-03 22:28:15 - light_ai.storage.directory_manager - INFO - directory_manager.py:54 - Creating directory structure at: /var/folders/q7/s5rjdx2d2ydclz5f2d6lylxc0000gn/T/tmp486lefzp
2026-01-03 22:28:15 - light_ai.storage.directory_manager - INFO - directory_manager.py:68 - Directory structure created successfully
2026-01-03 22:28:15 - light_ai.storage.database_managers - INFO - database_managers.py:488 - SQLite metadata registry initialized at: /var/folders/q7/s5rjdx2d2ydclz5f2d6lylxc0000gn/T/tmp486lefzp/metadata/registry.db
2026-01-03 22:28:15 - light_ai.storage.database_managers - INFO - database_managers.py:488 - SQLite metadata registry initialized at: /var/folders/q7/s5rjdx2d2ydclz5f2d6lylxc0000gn/T/tmp486lefzp/metadata/registry.db
2026-01-03 22:28:15 - light_ai.storage.database_managers - INFO - database_managers.py:488 - SQLite metadata registry initialized at: /var/folders/q7/s5rjdx2d2ydclz5f2d6lylxc0000gn/T/tmp486lefzp/metadata/registry.db
2026-01-03 22:28:15 - light_ai.storage.database_managers - INFO - database_managers.py:488 - SQLite metadata registry initialized at: /var/folders/q7/s5rjdx2d2ydclz5f2d6lylxc0000gn/T/tmp486lefzp/metadata/registry.db
2026-01-03 22:28:15 - light_ai.storage.database_managers - INFO - database_managers.py:488 - SQLite metadata registry initialized at: /var/folders/q7/s5rjdx2d2ydclz5f2d6lylxc0000gn/T/tmp486lefzp/metadata/registry.db
2026-01-03 22:28:15 - light_ai.storage.database_managers - INFO - database_managers.py:488 - SQLite metadata registry initialized at: /var/folders/q7/s5rjdx2d2ydclz5f2d6lylxc0000gn/T/tmp486lefzp/metadata/registry.db
2026-01-03 22:28:15 - light_ai.storage.database_managers - INFO - database_managers.py:488 - SQLite metadata registry initialized at: /var/folders/q7/s5rjdx2d2ydclz5f2d6lylxc0000gn/T/tmp486lefzp/metadata/registry.db
2026-01-03 22:28:15 - light_ai.storage.database_managers - INFO - database_managers.py:488 - SQLite metadata registry initialized at: /var/folders/q7/s5rjdx2d2ydclz5f2d6lylxc0000gn/T/tmp486lefzp/metadata/registry.db
2026-01-03 22:28:15 - light_ai.storage.database_managers - INFO - database_managers.py:488 - SQLite metadata registry initialized at: /var/folders/q7/s5rjdx2d2ydclz5f2d6lylxc0000gn/T/tmp486lefzp/metadata/registry.db
2026-01-03 22:28:15 - light_ai.storage.directory_manager - INFO - directory_manager.py:54 - Creating directory structure at: /var/folders/q7/s5rjdx2d2ydclz5f2d6lylxc0000gn/T/tmp486lefzp
2026-01-03 22:28:15 - light_ai.storage.directory_manager - INFO - directory_manager.py:68 - Directory structure created successfully
2026-01-03 22:28:15 - light_ai.storage.database_managers - INFO - database_managers.py:488 - SQLite metadata registry initialized at: /var/folders/q7/s5rjdx2d2ydclz5f2d6lylxc0000gn/T/tmp486lefzp/metadata/registry.db
2026-01-03 22:28:15 - light_ai.storage.database_managers - INFO - database_managers.py:488 - SQLite metadata registry initialized at: /var/folders/q7/s5rjdx2d2ydclz5f2d6lylxc0000gn/T/tmp486lefzp/metadata/registry.db
2026-01-03 22:28:15 - light_ai.storage.database_managers - INFO - database_managers.py:488 - SQLite metadata registry initialized at: /var/folders/q7/s5rjdx2d2ydclz5f2d6lylxc0000gn/T/tmp486lefzp/metadata/registry.db
2026-01-03 22:28:15 - light_ai.storage.database_managers - INFO - database_managers.py:488 - SQLite metadata registry initialized at: /var/folders/q7/s5rjdx2d2ydclz5f2d6lylxc0000gn/T/tmp486lefzp/metadata/registry.db
2026-01-03 22:28:15 - light_ai.storage.database_managers - INFO - database_managers.py:488 - SQLite metadata registry initialized at: /var/folders/q7/s5rjdx2d2ydclz5f2d6lylxc0000gn/T/tmp486lefzp/metadata/registry.db
2026-01-03 22:28:15 - light_ai.storage.database_managers - INFO - database_managers.py:488 - SQLite metadata registry initialized at: /var/folders/q7/s5rjdx2d2ydclz5f2d6lylxc0000gn/T/tmp486lefzp/metadata/registry.db
2026-01-03 22:28:15 - light_ai.storage.database_managers - INFO - database_managers.py:488 - SQLite metadata registry initialized at: /var/folders/q7/s5rjdx2d2ydclz5f2d6lylxc0000gn/T/tmp486lefzp/metadata/registry.db
2026-01-03 22:28:15 - light_ai.storage.database_managers - INFO - database_managers.py:488 - SQLite metadata registry initialized at: /var/folders/q7/s5rjdx2d2ydclz5f2d6lylxc0000gn/T/tmp486lefzp/metadata/registry.db
2026-01-03 22:28:15 - light_ai.storage.database_managers - INFO - database_managers.py:488 - SQLite metadata registry initialized at: /var/folders/q7/s5rjdx2d2ydclz5f2d6lylxc0000gn/T/tmp486lefzp/metadata/registry.db
2026-01-03 22:28:15 - light_ai.storage.directory_manager - INFO - directory_manager.py:54 - Creating directory structure at: /var/folders/q7/s5rjdx2d2ydclz5f2d6lylxc0000gn/T/tmp486lefzp
2026-01-03 22:28:15 - light_ai.storage.directory_manager - INFO - directory_manager.py:68 - Directory structure created successfully
2026-01-03 22:28:15 - light_ai.storage.database_managers - INFO - database_managers.py:488 - SQLite metadata registry initialized at: /var/folders/q7/s5rjdx2d2ydclz5f2d6lylxc0000gn/T/tmp486lefzp/metadata/registry.db
2026-01-03 22:28:15 - light_ai.storage.database_managers - INFO - database_managers.py:488 - SQLite metadata registry initialized at: /var/folders/q7/s5rjdx2d2ydclz5f2d6lylxc0000gn/T/tmp486lefzp/metadata/registry.db
2026-01-03 22:28:15 - light_ai.storage.database_managers - INFO - database_managers.py:488 - SQLite metadata registry initialized at: /var/folders/q7/s5rjdx2d2ydclz5f2d6lylxc0000gn/T/tmp486lefzp/metadata/registry.db
2026-01-03 22:28:15 - light_ai.storage.database_managers - INFO - database_managers.py:488 - SQLite metadata registry initialized at: /var/folders/q7/s5rjdx2d2ydclz5f2d6lylxc0000gn/T/tmp486lefzp/metadata/registry.db
2026-01-03 22:28:15 - light_ai.storage.database_managers - INFO - database_managers.py:488 - SQLite metadata registry initialized at: /var/folders/q7/s5rjdx2d2ydclz5f2d6lylxc0000gn/T/tmp486lefzp/metadata/registry.db
2026-01-03 22:28:15 - light_ai.storage.database_managers - INFO - database_managers.py:488 - SQLite metadata registry initialized at: /var/folders/q7/s5rjdx2d2ydclz5f2d6lylxc0000gn/T/tmp486lefzp/metadata/registry.db
2026-01-03 22:28:15 - light_ai.storage.database_managers - INFO - database_managers.py:488 - SQLite metadata registry initialized at: /var/folders/q7/s5rjdx2d2ydclz5f2d6lylxc0000gn/T/tmp486lefzp/metadata/registry.db
2026-01-03 22:28:15 - light_ai.storage.database_managers - INFO - database_managers.py:488 - SQLite metadata registry initialized at: /var/folders/q7/s5rjdx2d2ydclz5f2d6lylxc0000gn/T/tmp486lefzp/metadata/registry.db
2026-01-03 22:28:15 - light_ai.storage.database_managers - INFO - database_managers.py:488 - SQLite metadata registry initialized at: /var/folders/q7/s5rjdx2d2ydclz5f2d6lylxc0000gn/T/tmp486lefzp/metadata/registry.db
2026-01-03 22:28:15 - light_ai.storage.directory_manager - INFO - directory_manager.py:54 - Creating directory structure at: /var/folders/q7/s5rjdx2d2ydclz5f2d6lylxc0000gn/T/tmp486lefzp
2026-01-03 22:28:15 - light_ai.storage.directory_manager - INFO - directory_manager.py:68 - Directory structure created successfully
2026-01-03 22:28:15 - light_ai.storage.database_managers - INFO - database_managers.py:488 - SQLite metadata registry initialized at: /var/folders/q7/s5rjdx2d2ydclz5f2d6lylxc0000gn/T/tmp486lefzp/metadata/registry.db
2026-01-03 22:28:15 - light_ai.storage.database_managers - INFO - database_managers.py:488 - SQLite metadata registry initialized at: /var/folders/q7/s5rjdx2d2ydclz5f2d6lylxc0000gn/T/tmp486lefzp/metadata/registry.db
2026-01-03 22:28:15 - light_ai.storage.database_managers - INFO - database_managers.py:488 - SQLite metadata registry initialized at: /var/folders/q7/s5rjdx2d2ydclz5f2d6lylxc0000gn/T/tmp486lefzp/metadata/registry.db
2026-01-03 22:28:15 - light_ai.storage.database_managers - INFO - database_managers.py:488 - SQLite metadata registry initialized at: /var/folders/q7/s5rjdx2d2ydclz5f2d6lylxc0000gn/T/tmp486lefzp/metadata/registry.db
2026-01-03 22:28:15 - light_ai.storage.database_managers - INFO - database_managers.py:488 - SQLite metadata registry initialized at: /var/folders/q7/s5rjdx2d2ydclz5f2d6lylxc0000gn/T/tmp486lefzp/metadata/registry.db
2026-01-03 22:28:15 - light_ai.storage.database_managers - INFO - database_managers.py:488 - SQLite metadata registry initialized at: /var/folders/q7/s5rjdx2d2ydclz5f2d6lylxc0000gn/T/tmp486lefzp/metadata/registry.db
2026-01-03 22:28:15 - light_ai.storage.database_managers - INFO - database_managers.py:488 - SQLite metadata registry initialized at: /var/folders/q7/s5rjdx2d2ydclz5f2d6lylxc0000gn/T/tmp486lefzp/metadata/registry.db
2026-01-03 22:28:15 - light_ai.storage.database_managers - INFO - database_managers.py:488 - SQLite metadata registry initialized at: /var/folders/q7/s5rjdx2d2ydclz5f2d6lylxc0000gn/T/tmp486lefzp/metadata/registry.db
2026-01-03 22:28:15 - light_ai.storage.database_managers - INFO - database_managers.py:488 - SQLite metadata registry initialized at: /var/folders/q7/s5rjdx2d2ydclz5f2d6lylxc0000gn/T/tmp486lefzp/metadata/registry.db
2026-01-03 22:28:15 - light_ai.storage.directory_manager - INFO - directory_manager.py:54 - Creating directory structure at: /var/folders/q7/s5rjdx2d2ydclz5f2d6lylxc0000gn/T/tmp486lefzp
2026-01-03 22:28:15 - light_ai.storage.directory_manager - INFO - directory_manager.py:68 - Directory structure created successfully
2026-01-03 22:28:15 - light_ai.storage.database_managers - INFO - database_managers.py:488 - SQLite metadata registry initialized at: /var/folders/q7/s5rjdx2d2ydclz5f2d6lylxc0000gn/T/tmp486lefzp/metadata/registry.db
2026-01-03 22:28:15 - light_ai.storage.database_managers - INFO - database_managers.py:488 - SQLite metadata registry initialized at: /var/folders/q7/s5rjdx2d2ydclz5f2d6lylxc0000gn/T/tmp486lefzp/metadata/registry.db
2026-01-03 22:28:15 - light_ai.storage.database_managers - INFO - database_managers.py:488 - SQLite metadata registry initialized at: /var/folders/q7/s5rjdx2d2ydclz5f2d6lylxc0000gn/T/tmp486lefzp/metadata/registry.db
2026-01-03 22:28:15 - light_ai.storage.database_managers - INFO - database_managers.py:488 - SQLite metadata registry initialized at: /var/folders/q7/s5rjdx2d2ydclz5f2d6lylxc0000gn/T/tmp486lefzp/metadata/registry.db
2026-01-03 22:28:15 - light_ai.storage.database_managers - INFO - database_managers.py:488 - SQLite metadata registry initialized at: /var/folders/q7/s5rjdx2d2ydclz5f2d6lylxc0000gn/T/tmp486lefzp/metadata/registry.db
2026-01-03 22:28:15 - light_ai.storage.database_managers - INFO - database_managers.py:488 - SQLite metadata registry initialized at: /var/folders/q7/s5rjdx2d2ydclz5f2d6lylxc0000gn/T/tmp486lefzp/metadata/registry.db
2026-01-03 22:28:15 - light_ai.storage.database_managers - INFO - database_managers.py:488 - SQLite metadata registry initialized at: /var/folders/q7/s5rjdx2d2ydclz5f2d6lylxc0000gn/T/tmp486lefzp/metadata/registry.db
2026-01-03 22:28:15 - light_ai.storage.database_managers - INFO - database_managers.py:488 - SQLite metadata registry initialized at: /var/folders/q7/s5rjdx2d2ydclz5f2d6lylxc0000gn/T/tmp486lefzp/metadata/registry.db
2026-01-03 22:28:15 - light_ai.storage.database_managers - INFO - database_managers.py:488 - SQLite metadata registry initialized at: /var/folders/q7/s5rjdx2d2ydclz5f2d6lylxc0000gn/T/tmp486lefzp/metadata/registry.db
2026-01-03 22:28:15 - light_ai.storage.directory_manager - INFO - directory_manager.py:54 - Creating directory structure at: /var/folders/q7/s5rjdx2d2ydclz5f2d6lylxc0000gn/T/tmp486lefzp
2026-01-03 22:28:15 - light_ai.storage.directory_manager - INFO - directory_manager.py:68 - Directory structure created successfully
2026-01-03 22:28:15 - light_ai.storage.database_managers - INFO - database_managers.py:488 - SQLite metadata registry initialized at: /var/folders/q7/s5rjdx2d2ydclz5f2d6lylxc0000gn/T/tmp486lefzp/metadata/registry.db
2026-01-03 22:28:15 - light_ai.storage.database_managers - INFO - database_managers.py:488 - SQLite metadata registry initialized at: /var/folders/q7/s5rjdx2d2ydclz5f2d6lylxc0000gn/T/tmp486lefzp/metadata/registry.db
2026-01-03 22:28:15 - light_ai.storage.database_managers - INFO - database_managers.py:488 - SQLite metadata registry initialized at: /var/folders/q7/s5rjdx2d2ydclz5f2d6lylxc0000gn/T/tmp486lefzp/metadata/registry.db
2026-01-03 22:28:15 - light_ai.storage.database_managers - INFO - database_managers.py:488 - SQLite metadata registry initialized at: /var/folders/q7/s5rjdx2d2ydclz5f2d6lylxc0000gn/T/tmp486lefzp/metadata/registry.db
2026-01-03 22:28:15 - light_ai.storage.database_managers - INFO - database_managers.py:488 - SQLite metadata registry initialized at: /var/folders/q7/s5rjdx2d2ydclz5f2d6lylxc0000gn/T/tmp486lefzp/metadata/registry.db
2026-01-03 22:28:15 - light_ai.storage.database_managers - INFO - database_managers.py:488 - SQLite metadata registry initialized at: /var/folders/q7/s5rjdx2d2ydclz5f2d6lylxc0000gn/T/tmp486lefzp/metadata/registry.db
2026-01-03 22:28:15 - light_ai.storage.database_managers - INFO - database_managers.py:488 - SQLite metadata registry initialized at: /var/folders/q7/s5rjdx2d2ydclz5f2d6lylxc0000gn/T/tmp486lefzp/metadata/registry.db
2026-01-03 22:28:15 - light_ai.storage.database_managers - INFO - database_managers.py:488 - SQLite metadata registry initialized at: /var/folders/q7/s5rjdx2d2ydclz5f2d6lylxc0000gn/T/tmp486lefzp/metadata/registry.db
2026-01-03 22:28:15 - light_ai.storage.database_managers - INFO - database_managers.py:488 - SQLite metadata registry initialized at: /var/folders/q7/s5rjdx2d2ydclz5f2d6lylxc0000gn/T/tmp486lefzp/metadata/registry.db
2026-01-03 22:28:15 - light_ai.storage.directory_manager - INFO - directory_manager.py:54 - Creating directory structure at: /var/folders/q7/s5rjdx2d2ydclz5f2d6lylxc0000gn/T/tmp486lefzp
2026-01-03 22:28:15 - light_ai.storage.directory_manager - INFO - directory_manager.py:68 - Directory structure created successfully
2026-01-03 22:28:15 - light_ai.storage.database_managers - INFO - database_managers.py:488 - SQLite metadata registry initialized at: /var/folders/q7/s5rjdx2d2ydclz5f2d6lylxc0000gn/T/tmp486lefzp/metadata/registry.db
2026-01-03 22:28:15 - light_ai.storage.database_managers - INFO - database_managers.py:488 - SQLite metadata registry initialized at: /var/folders/q7/s5rjdx2d2ydclz5f2d6lylxc0000gn/T/tmp486lefzp/metadata/registry.db
2026-01-03 22:28:15 - light_ai.storage.database_managers - INFO - database_managers.py:488 - SQLite metadata registry initialized at: /var/folders/q7/s5rjdx2d2ydclz5f2d6lylxc0000gn/T/tmp486lefzp/metadata/registry.db
2026-01-03 22:28:15 - light_ai.storage.database_managers - INFO - database_managers.py:488 - SQLite metadata registry initialized at: /var/folders/q7/s5rjdx2d2ydclz5f2d6lylxc0000gn/T/tmp486lefzp/metadata/registry.db
2026-01-03 22:28:15 - light_ai.storage.database_managers - INFO - database_managers.py:488 - SQLite metadata registry initialized at: /var/folders/q7/s5rjdx2d2ydclz5f2d6lylxc0000gn/T/tmp486lefzp/metadata/registry.db
2026-01-03 22:28:15 - light_ai.storage.database_managers - INFO - database_managers.py:488 - SQLite metadata registry initialized at: /var/folders/q7/s5rjdx2d2ydclz5f2d6lylxc0000gn/T/tmp486lefzp/metadata/registry.db
2026-01-03 22:28:15 - light_ai.storage.database_managers - INFO - database_managers.py:488 - SQLite metadata registry initialized at: /var/folders/q7/s5rjdx2d2ydclz5f2d6lylxc0000gn/T/tmp486lefzp/metadata/registry.db
2026-01-03 22:28:15 - light_ai.storage.database_managers - INFO - database_managers.py:488 - SQLite metadata registry initialized at: /var/folders/q7/s5rjdx2d2ydclz5f2d6lylxc0000gn/T/tmp486lefzp/metadata/registry.db
2026-01-03 22:28:15 - light_ai.storage.database_managers - INFO - database_managers.py:488 - SQLite metadata registry initialized at: /var/folders/q7/s5rjdx2d2ydclz5f2d6lylxc0000gn/T/tmp486lefzp/metadata/registry.db
2026-01-03 22:28:15 - light_ai.storage.directory_manager - INFO - directory_manager.py:54 - Creating directory structure at: /var/folders/q7/s5rjdx2d2ydclz5f2d6lylxc0000gn/T/tmp486lefzp
2026-01-03 22:28:15 - light_ai.storage.directory_manager - INFO - directory_manager.py:68 - Directory structure created successfully
2026-01-03 22:28:15 - light_ai.storage.database_managers - INFO - database_managers.py:488 - SQLite metadata registry initialized at: /var/folders/q7/s5rjdx2d2ydclz5f2d6lylxc0000gn/T/tmp486lefzp/metadata/registry.db
2026-01-03 22:28:15 - light_ai.storage.database_managers - INFO - database_managers.py:488 - SQLite metadata registry initialized at: /var/folders/q7/s5rjdx2d2ydclz5f2d6lylxc0000gn/T/tmp486lefzp/metadata/registry.db
2026-01-03 22:28:15 - light_ai.storage.database_managers - INFO - database_managers.py:488 - SQLite metadata registry initialized at: /var/folders/q7/s5rjdx2d2ydclz5f2d6lylxc0000gn/T/tmp486lefzp/metadata/registry.db
2026-01-03 22:28:15 - light_ai.storage.database_managers - INFO - database_managers.py:488 - SQLite metadata registry initialized at: /var/folders/q7/s5rjdx2d2ydclz5f2d6lylxc0000gn/T/tmp486lefzp/metadata/registry.db
2026-01-03 22:28:15 - light_ai.storage.database_managers - INFO - database_managers.py:488 - SQLite metadata registry initialized at: /var/folders/q7/s5rjdx2d2ydclz5f2d6lylxc0000gn/T/tmp486lefzp/metadata/registry.db
2026-01-03 22:28:15 - light_ai.storage.database_managers - INFO - database_managers.py:488 - SQLite metadata registry initialized at: /var/folders/q7/s5rjdx2d2ydclz5f2d6lylxc0000gn/T/tmp486lefzp/metadata/registry.db
2026-01-03 22:28:15 - light_ai.storage.database_managers - INFO - database_managers.py:488 - SQLite metadata registry initialized at: /var/folders/q7/s5rjdx2d2ydclz5f2d6lylxc0000gn/T/tmp486lefzp/metadata/registry.db
2026-01-03 22:28:15 - light_ai.storage.database_managers - INFO - database_managers.py:488 - SQLite metadata registry initialized at: /var/folders/q7/s5rjdx2d2ydclz5f2d6lylxc0000gn/T/tmp486lefzp/metadata/registry.db
2026-01-03 22:28:15 - light_ai.storage.database_managers - INFO - database_managers.py:488 - SQLite metadata registry initialized at: /var/folders/q7/s5rjdx2d2ydclz5f2d6lylxc0000gn/T/tmp486lefzp/metadata/registry.db
2026-01-03 22:28:15 - light_ai.storage.directory_manager - INFO - directory_manager.py:54 - Creating directory structure at: /var/folders/q7/s5rjdx2d2ydclz5f2d6lylxc0000gn/T/tmp486lefzp
2026-01-03 22:28:15 - light_ai.storage.directory_manager - INFO - directory_manager.py:68 - Directory structure created successfully
2026-01-03 22:28:15 - light_ai.storage.database_managers - INFO - database_managers.py:488 - SQLite metadata registry initialized at: /var/folders/q7/s5rjdx2d2ydclz5f2d6lylxc0000gn/T/tmp486lefzp/metadata/registry.db
2026-01-03 22:28:15 - light_ai.storage.database_managers - INFO - database_managers.py:488 - SQLite metadata registry initialized at: /var/folders/q7/s5rjdx2d2ydclz5f2d6lylxc0000gn/T/tmp486lefzp/metadata/registry.db
2026-01-03 22:28:15 - light_ai.storage.database_managers - INFO - database_managers.py:488 - SQLite metadata registry initialized at: /var/folders/q7/s5rjdx2d2ydclz5f2d6lylxc0000gn/T/tmp486lefzp/metadata/registry.db
2026-01-03 22:28:15 - light_ai.storage.database_managers - INFO - database_managers.py:488 - SQLite metadata registry initialized at: /var/folders/q7/s5rjdx2d2ydclz5f2d6lylxc0000gn/T/tmp486lefzp/metadata/registry.db
2026-01-03 22:28:15 - light_ai.storage.database_managers - INFO - database_managers.py:488 - SQLite metadata registry initialized at: /var/folders/q7/s5rjdx2d2ydclz5f2d6lylxc0000gn/T/tmp486lefzp/metadata/registry.db
2026-01-03 22:28:15 - light_ai.storage.database_managers - INFO - database_managers.py:488 - SQLite metadata registry initialized at: /var/folders/q7/s5rjdx2d2ydclz5f2d6lylxc0000gn/T/tmp486lefzp/metadata/registry.db
2026-01-03 22:28:15 - light_ai.storage.database_managers - INFO - database_managers.py:488 - SQLite metadata registry initialized at: /var/folders/q7/s5rjdx2d2ydclz5f2d6lylxc0000gn/T/tmp486lefzp/metadata/registry.db
2026-01-03 22:28:15 - light_ai.storage.database_managers - INFO - database_managers.py:488 - SQLite metadata registry initialized at: /var/folders/q7/s5rjdx2d2ydclz5f2d6lylxc0000gn/T/tmp486lefzp/metadata/registry.db
2026-01-03 22:28:15 - light_ai.storage.database_managers - INFO - database_managers.py:488 - SQLite metadata registry initialized at: /var/folders/q7/s5rjdx2d2ydclz5f2d6lylxc0000gn/T/tmp486lefzp/metadata/registry.db
2026-01-03 22:28:15 - light_ai.storage.directory_manager - INFO - directory_manager.py:54 - Creating directory structure at: /var/folders/q7/s5rjdx2d2ydclz5f2d6lylxc0000gn/T/tmp486lefzp
2026-01-03 22:28:15 - light_ai.storage.directory_manager - INFO - directory_manager.py:68 - Directory structure created successfully
2026-01-03 22:28:15 - light_ai.storage.database_managers - INFO - database_managers.py:488 - SQLite metadata registry initialized at: /var/folders/q7/s5rjdx2d2ydclz5f2d6lylxc0000gn/T/tmp486lefzp/metadata/registry.db
2026-01-03 22:28:15 - light_ai.storage.database_managers - INFO - database_managers.py:488 - SQLite metadata registry initialized at: /var/folders/q7/s5rjdx2d2ydclz5f2d6lylxc0000gn/T/tmp486lefzp/metadata/registry.db
2026-01-03 22:28:15 - light_ai.storage.database_managers - INFO - database_managers.py:488 - SQLite metadata registry initialized at: /var/folders/q7/s5rjdx2d2ydclz5f2d6lylxc0000gn/T/tmp486lefzp/metadata/registry.db
2026-01-03 22:28:15 - light_ai.storage.database_managers - INFO - database_managers.py:488 - SQLite metadata registry initialized at: /var/folders/q7/s5rjdx2d2ydclz5f2d6lylxc0000gn/T/tmp486lefzp/metadata/registry.db
2026-01-03 22:28:15 - light_ai.storage.database_managers - INFO - database_managers.py:488 - SQLite metadata registry initialized at: /var/folders/q7/s5rjdx2d2ydclz5f2d6lylxc0000gn/T/tmp486lefzp/metadata/registry.db
2026-01-03 22:28:15 - light_ai.storage.database_managers - INFO - database_managers.py:488 - SQLite metadata registry initialized at: /var/folders/q7/s5rjdx2d2ydclz5f2d6lylxc0000gn/T/tmp486lefzp/metadata/registry.db
2026-01-03 22:28:15 - light_ai.storage.database_managers - INFO - database_managers.py:488 - SQLite metadata registry initialized at: /var/folders/q7/s5rjdx2d2ydclz5f2d6lylxc0000gn/T/tmp486lefzp/metadata/registry.db
2026-01-03 22:28:15 - light_ai.storage.database_managers - INFO - database_managers.py:488 - SQLite metadata registry initialized at: /var/folders/q7/s5rjdx2d2ydclz5f2d6lylxc0000gn/T/tmp486lefzp/metadata/registry.db
2026-01-03 22:28:15 - light_ai.storage.database_managers - INFO - database_managers.py:488 - SQLite metadata registry initialized at: /var/folders/q7/s5rjdx2d2ydclz5f2d6lylxc0000gn/T/tmp486lefzp/metadata/registry.db
2026-01-03 22:28:15 - light_ai.storage.directory_manager - INFO - directory_manager.py:54 - Creating directory structure at: /var/folders/q7/s5rjdx2d2ydclz5f2d6lylxc0000gn/T/tmp486lefzp
2026-01-03 22:28:15 - light_ai.storage.directory_manager - INFO - directory_manager.py:68 - Directory structure created successfully
2026-01-03 22:28:15 - light_ai.storage.database_managers - INFO - database_managers.py:488 - SQLite metadata registry initialized at: /var/folders/q7/s5rjdx2d2ydclz5f2d6lylxc0000gn/T/tmp486lefzp/metadata/registry.db
2026-01-03 22:28:15 - light_ai.storage.database_managers - INFO - database_managers.py:488 - SQLite metadata registry initialized at: /var/folders/q7/s5rjdx2d2ydclz5f2d6lylxc0000gn/T/tmp486lefzp/metadata/registry.db
2026-01-03 22:28:15 - light_ai.storage.database_managers - INFO - database_managers.py:488 - SQLite metadata registry initialized at: /var/folders/q7/s5rjdx2d2ydclz5f2d6lylxc0000gn/T/tmp486lefzp/metadata/registry.db
2026-01-03 22:28:15 - light_ai.storage.database_managers - INFO - database_managers.py:488 - SQLite metadata registry initialized at: /var/folders/q7/s5rjdx2d2ydclz5f2d6lylxc0000gn/T/tmp486lefzp/metadata/registry.db
2026-01-03 22:28:15 - light_ai.storage.database_managers - INFO - database_managers.py:488 - SQLite metadata registry initialized at: /var/folders/q7/s5rjdx2d2ydclz5f2d6lylxc0000gn/T/tmp486lefzp/metadata/registry.db
2026-01-03 22:28:15 - light_ai.storage.database_managers - INFO - database_managers.py:488 - SQLite metadata registry initialized at: /var/folders/q7/s5rjdx2d2ydclz5f2d6lylxc0000gn/T/tmp486lefzp/metadata/registry.db
2026-01-03 22:28:15 - light_ai.storage.database_managers - INFO - database_managers.py:488 - SQLite metadata registry initialized at: /var/folders/q7/s5rjdx2d2ydclz5f2d6lylxc0000gn/T/tmp486lefzp/metadata/registry.db
2026-01-03 22:28:15 - light_ai.storage.database_managers - INFO - database_managers.py:488 - SQLite metadata registry initialized at: /var/folders/q7/s5rjdx2d2ydclz5f2d6lylxc0000gn/T/tmp486lefzp/metadata/registry.db
2026-01-03 22:28:15 - light_ai.storage.database_managers - INFO - database_managers.py:488 - SQLite metadata registry initialized at: /var/folders/q7/s5rjdx2d2ydclz5f2d6lylxc0000gn/T/tmp486lefzp/metadata/registry.db
2026-01-03 22:28:15 - light_ai.storage.directory_manager - INFO - directory_manager.py:54 - Creating directory structure at: /var/folders/q7/s5rjdx2d2ydclz5f2d6lylxc0000gn/T/tmp486lefzp
2026-01-03 22:28:15 - light_ai.storage.directory_manager - INFO - directory_manager.py:68 - Directory structure created successfully
2026-01-03 22:28:15 - light_ai.storage.database_managers - INFO - database_managers.py:488 - SQLite metadata registry initialized at: /var/folders/q7/s5rjdx2d2ydclz5f2d6lylxc0000gn/T/tmp486lefzp/metadata/registry.db
2026-01-03 22:28:15 - light_ai.storage.database_managers - INFO - database_managers.py:488 - SQLite metadata registry initialized at: /var/folders/q7/s5rjdx2d2ydclz5f2d6lylxc0000gn/T/tmp486lefzp/metadata/registry.db
2026-01-03 22:28:15 - light_ai.storage.database_managers - INFO - database_managers.py:488 - SQLite metadata registry initialized at: /var/folders/q7/s5rjdx2d2ydclz5f2d6lylxc0000gn/T/tmp486lefzp/metadata/registry.db
2026-01-03 22:28:15 - light_ai.storage.database_managers - INFO - database_managers.py:488 - SQLite metadata registry initialized at: /var/folders/q7/s5rjdx2d2ydclz5f2d6lylxc0000gn/T/tmp486lefzp/metadata/registry.db
2026-01-03 22:28:15 - light_ai.storage.database_managers - INFO - database_managers.py:488 - SQLite metadata registry initialized at: /var/folders/q7/s5rjdx2d2ydclz5f2d6lylxc0000gn/T/tmp486lefzp/metadata/registry.db
2026-01-03 22:28:15 - light_ai.storage.database_managers - INFO - database_managers.py:488 - SQLite metadata registry initialized at: /var/folders/q7/s5rjdx2d2ydclz5f2d6lylxc0000gn/T/tmp486lefzp/metadata/registry.db
2026-01-03 22:28:15 - light_ai.storage.database_managers - INFO - database_managers.py:488 - SQLite metadata registry initialized at: /var/folders/q7/s5rjdx2d2ydclz5f2d6lylxc0000gn/T/tmp486lefzp/metadata/registry.db
2026-01-03 22:28:15 - light_ai.storage.database_managers - INFO - database_managers.py:488 - SQLite metadata registry initialized at: /var/folders/q7/s5rjdx2d2ydclz5f2d6lylxc0000gn/T/tmp486lefzp/metadata/registry.db
2026-01-03 22:28:15 - light_ai.storage.database_managers - INFO - database_managers.py:488 - SQLite metadata registry initialized at: /var/folders/q7/s5rjdx2d2ydclz5f2d6lylxc0000gn/T/tmp486lefzp/metadata/registry.db
2026-01-03 22:28:15 - light_ai.storage.directory_manager - INFO - directory_manager.py:54 - Creating directory structure at: /var/folders/q7/s5rjdx2d2ydclz5f2d6lylxc0000gn/T/tmp486lefzp
2026-01-03 22:28:15 - light_ai.storage.directory_manager - INFO - directory_manager.py:68 - Directory structure created successfully
2026-01-03 22:28:15 - light_ai.storage.database_managers - INFO - database_managers.py:488 - SQLite metadata registry initialized at: /var/folders/q7/s5rjdx2d2ydclz5f2d6lylxc0000gn/T/tmp486lefzp/metadata/registry.db
2026-01-03 22:28:15 - light_ai.storage.database_managers - INFO - database_managers.py:488 - SQLite metadata registry initialized at: /var/folders/q7/s5rjdx2d2ydclz5f2d6lylxc0000gn/T/tmp486lefzp/metadata/registry.db
2026-01-03 22:28:15 - light_ai.storage.database_managers - INFO - database_managers.py:488 - SQLite metadata registry initialized at: /var/folders/q7/s5rjdx2d2ydclz5f2d6lylxc0000gn/T/tmp486lefzp/metadata/registry.db
2026-01-03 22:28:15 - light_ai.storage.database_managers - INFO - database_managers.py:488 - SQLite metadata registry initialized at: /var/folders/q7/s5rjdx2d2ydclz5f2d6lylxc0000gn/T/tmp486lefzp/metadata/registry.db
2026-01-03 22:28:15 - light_ai.storage.database_managers - INFO - database_managers.py:488 - SQLite metadata registry initialized at: /var/folders/q7/s5rjdx2d2ydclz5f2d6lylxc0000gn/T/tmp486lefzp/metadata/registry.db
2026-01-03 22:28:15 - light_ai.storage.database_managers - INFO - database_managers.py:488 - SQLite metadata registry initialized at: /var/folders/q7/s5rjdx2d2ydclz5f2d6lylxc0000gn/T/tmp486lefzp/metadata/registry.db
2026-01-03 22:28:15 - light_ai.storage.database_managers - INFO - database_managers.py:488 - SQLite metadata registry initialized at: /var/folders/q7/s5rjdx2d2ydclz5f2d6lylxc0000gn/T/tmp486lefzp/metadata/registry.db
2026-01-03 22:28:15 - light_ai.storage.database_managers - INFO - database_managers.py:488 - SQLite metadata registry initialized at: /var/folders/q7/s5rjdx2d2ydclz5f2d6lylxc0000gn/T/tmp486lefzp/metadata/registry.db
2026-01-03 22:28:15 - light_ai.storage.database_managers - INFO - database_managers.py:488 - SQLite metadata registry initialized at: /var/folders/q7/s5rjdx2d2ydclz5f2d6lylxc0000gn/T/tmp486lefzp/metadata/registry.db
2026-01-03 22:28:15 - light_ai.storage.directory_manager - INFO - directory_manager.py:54 - Creating directory structure at: /var/folders/q7/s5rjdx2d2ydclz5f2d6lylxc0000gn/T/tmp486lefzp
2026-01-03 22:28:15 - light_ai.storage.directory_manager - INFO - directory_manager.py:68 - Directory structure created successfully
2026-01-03 22:28:15 - light_ai.storage.database_managers - INFO - database_managers.py:488 - SQLite metadata registry initialized at: /var/folders/q7/s5rjdx2d2ydclz5f2d6lylxc0000gn/T/tmp486lefzp/metadata/registry.db
2026-01-03 22:28:15 - light_ai.storage.database_managers - INFO - database_managers.py:488 - SQLite metadata registry initialized at: /var/folders/q7/s5rjdx2d2ydclz5f2d6lylxc0000gn/T/tmp486lefzp/metadata/registry.db
2026-01-03 22:28:15 - light_ai.storage.database_managers - INFO - database_managers.py:488 - SQLite metadata registry initialized at: /var/folders/q7/s5rjdx2d2ydclz5f2d6lylxc0000gn/T/tmp486lefzp/metadata/registry.db
2026-01-03 22:28:15 - light_ai.storage.database_managers - INFO - database_managers.py:488 - SQLite metadata registry initialized at: /var/folders/q7/s5rjdx2d2ydclz5f2d6lylxc0000gn/T/tmp486lefzp/metadata/registry.db
2026-01-03 22:28:15 - light_ai.storage.database_managers - INFO - database_managers.py:488 - SQLite metadata registry initialized at: /var/folders/q7/s5rjdx2d2ydclz5f2d6lylxc0000gn/T/tmp486lefzp/metadata/registry.db
2026-01-03 22:28:15 - light_ai.storage.database_managers - INFO - database_managers.py:488 - SQLite metadata registry initialized at: /var/folders/q7/s5rjdx2d2ydclz5f2d6lylxc0000gn/T/tmp486lefzp/metadata/registry.db
2026-01-03 22:28:15 - light_ai.storage.database_managers - INFO - database_managers.py:488 - SQLite metadata registry initialized at: /var/folders/q7/s5rjdx2d2ydclz5f2d6lylxc0000gn/T/tmp486lefzp/metadata/registry.db
2026-01-03 22:28:15 - light_ai.storage.database_managers - INFO - database_managers.py:488 - SQLite metadata registry initialized at: /var/folders/q7/s5rjdx2d2ydclz5f2d6lylxc0000gn/T/tmp486lefzp/metadata/registry.db
2026-01-03 22:28:15 - light_ai.storage.database_managers - INFO - database_managers.py:488 - SQLite metadata registry initialized at: /var/folders/q7/s5rjdx2d2ydclz5f2d6lylxc0000gn/T/tmp486lefzp/metadata/registry.db
2026-01-03 22:28:15 - light_ai.storage.directory_manager - INFO - directory_manager.py:54 - Creating directory structure at: /var/folders/q7/s5rjdx2d2ydclz5f2d6lylxc0000gn/T/tmp486lefzp
2026-01-03 22:28:15 - light_ai.storage.directory_manager - INFO - directory_manager.py:68 - Directory structure created successfully
2026-01-03 22:28:15 - light_ai.storage.database_managers - INFO - database_managers.py:488 - SQLite metadata registry initialized at: /var/folders/q7/s5rjdx2d2ydclz5f2d6lylxc0000gn/T/tmp486lefzp/metadata/registry.db
2026-01-03 22:28:15 - light_ai.storage.database_managers - INFO - database_managers.py:488 - SQLite metadata registry initialized at: /var/folders/q7/s5rjdx2d2ydclz5f2d6lylxc0000gn/T/tmp486lefzp/metadata/registry.db
2026-01-03 22:28:15 - light_ai.storage.database_managers - INFO - database_managers.py:488 - SQLite metadata registry initialized at: /var/folders/q7/s5rjdx2d2ydclz5f2d6lylxc0000gn/T/tmp486lefzp/metadata/registry.db
2026-01-03 22:28:15 - light_ai.storage.database_managers - INFO - database_managers.py:488 - SQLite metadata registry initialized at: /var/folders/q7/s5rjdx2d2ydclz5f2d6lylxc0000gn/T/tmp486lefzp/metadata/registry.db
2026-01-03 22:28:15 - light_ai.storage.database_managers - INFO - database_managers.py:488 - SQLite metadata registry initialized at: /var/folders/q7/s5rjdx2d2ydclz5f2d6lylxc0000gn/T/tmp486lefzp/metadata/registry.db
2026-01-03 22:28:15 - light_ai.storage.database_managers - INFO - database_managers.py:488 - SQLite metadata registry initialized at: /var/folders/q7/s5rjdx2d2ydclz5f2d6lylxc0000gn/T/tmp486lefzp/metadata/registry.db
2026-01-03 22:28:15 - light_ai.storage.database_managers - INFO - database_managers.py:488 - SQLite metadata registry initialized at: /var/folders/q7/s5rjdx2d2ydclz5f2d6lylxc0000gn/T/tmp486lefzp/metadata/registry.db
2026-01-03 22:28:15 - light_ai.storage.database_managers - INFO - database_managers.py:488 - SQLite metadata registry initialized at: /var/folders/q7/s5rjdx2d2ydclz5f2d6lylxc0000gn/T/tmp486lefzp/metadata/registry.db
2026-01-03 22:28:15 - light_ai.storage.database_managers - INFO - database_managers.py:488 - SQLite metadata registry initialized at: /var/folders/q7/s5rjdx2d2ydclz5f2d6lylxc0000gn/T/tmp486lefzp/metadata/registry.db
2026-01-03 22:28:15 - light_ai.storage.directory_manager - INFO - directory_manager.py:54 - Creating directory structure at: /var/folders/q7/s5rjdx2d2ydclz5f2d6lylxc0000gn/T/tmp486lefzp
2026-01-03 22:28:15 - light_ai.storage.directory_manager - INFO - directory_manager.py:68 - Directory structure created successfully
2026-01-03 22:28:15 - light_ai.storage.database_managers - INFO - database_managers.py:488 - SQLite metadata registry initialized at: /var/folders/q7/s5rjdx2d2ydclz5f2d6lylxc0000gn/T/tmp486lefzp/metadata/registry.db
2026-01-03 22:28:15 - light_ai.storage.database_managers - INFO - database_managers.py:488 - SQLite metadata registry initialized at: /var/folders/q7/s5rjdx2d2ydclz5f2d6lylxc0000gn/T/tmp486lefzp/metadata/registry.db
2026-01-03 22:28:15 - light_ai.storage.database_managers - INFO - database_managers.py:488 - SQLite metadata registry initialized at: /var/folders/q7/s5rjdx2d2ydclz5f2d6lylxc0000gn/T/tmp486lefzp/metadata/registry.db
2026-01-03 22:28:15 - light_ai.storage.database_managers - INFO - database_managers.py:488 - SQLite metadata registry initialized at: /var/folders/q7/s5rjdx2d2ydclz5f2d6lylxc0000gn/T/tmp486lefzp/metadata/registry.db
2026-01-03 22:28:15 - light_ai.storage.database_managers - INFO - database_managers.py:488 - SQLite metadata registry initialized at: /var/folders/q7/s5rjdx2d2ydclz5f2d6lylxc0000gn/T/tmp486lefzp/metadata/registry.db
2026-01-03 22:28:15 - light_ai.storage.database_managers - INFO - database_managers.py:488 - SQLite metadata registry initialized at: /var/folders/q7/s5rjdx2d2ydclz5f2d6lylxc0000gn/T/tmp486lefzp/metadata/registry.db
2026-01-03 22:28:15 - light_ai.storage.database_managers - INFO - database_managers.py:488 - SQLite metadata registry initialized at: /var/folders/q7/s5rjdx2d2ydclz5f2d6lylxc0000gn/T/tmp486lefzp/metadata/registry.db
2026-01-03 22:28:15 - light_ai.storage.database_managers - INFO - database_managers.py:488 - SQLite metadata registry initialized at: /var/folders/q7/s5rjdx2d2ydclz5f2d6lylxc0000gn/T/tmp486lefzp/metadata/registry.db
2026-01-03 22:28:15 - light_ai.storage.database_managers - INFO - database_managers.py:488 - SQLite metadata registry initialized at: /var/folders/q7/s5rjdx2d2ydclz5f2d6lylxc0000gn/T/tmp486lefzp/metadata/registry.db
2026-01-03 22:28:15 - light_ai.storage.directory_manager - INFO - directory_manager.py:54 - Creating directory structure at: /var/folders/q7/s5rjdx2d2ydclz5f2d6lylxc0000gn/T/tmp486lefzp
2026-01-03 22:28:15 - light_ai.storage.directory_manager - INFO - directory_manager.py:68 - Directory structure created successfully
2026-01-03 22:28:15 - light_ai.storage.database_managers - INFO - database_managers.py:488 - SQLite metadata registry initialized at: /var/folders/q7/s5rjdx2d2ydclz5f2d6lylxc0000gn/T/tmp486lefzp/metadata/registry.db
2026-01-03 22:28:15 - light_ai.storage.database_managers - INFO - database_managers.py:488 - SQLite metadata registry initialized at: /var/folders/q7/s5rjdx2d2ydclz5f2d6lylxc0000gn/T/tmp486lefzp/metadata/registry.db
2026-01-03 22:28:15 - light_ai.storage.database_managers - INFO - database_managers.py:488 - SQLite metadata registry initialized at: /var/folders/q7/s5rjdx2d2ydclz5f2d6lylxc0000gn/T/tmp486lefzp/metadata/registry.db
2026-01-03 22:28:15 - light_ai.storage.database_managers - INFO - database_managers.py:488 - SQLite metadata registry initialized at: /var/folders/q7/s5rjdx2d2ydclz5f2d6lylxc0000gn/T/tmp486lefzp/metadata/registry.db
2026-01-03 22:28:15 - light_ai.storage.database_managers - INFO - database_managers.py:488 - SQLite metadata registry initialized at: /var/folders/q7/s5rjdx2d2ydclz5f2d6lylxc0000gn/T/tmp486lefzp/metadata/registry.db
2026-01-03 22:28:15 - light_ai.storage.database_managers - INFO - database_managers.py:488 - SQLite metadata registry initialized at: /var/folders/q7/s5rjdx2d2ydclz5f2d6lylxc0000gn/T/tmp486lefzp/metadata/registry.db
2026-01-03 22:28:15 - light_ai.storage.database_managers - INFO - database_managers.py:488 - SQLite metadata registry initialized at: /var/folders/q7/s5rjdx2d2ydclz5f2d6lylxc0000gn/T/tmp486lefzp/metadata/registry.db
2026-01-03 22:28:15 - light_ai.storage.database_managers - INFO - database_managers.py:488 - SQLite metadata registry initialized at: /var/folders/q7/s5rjdx2d2ydclz5f2d6lylxc0000gn/T/tmp486lefzp/metadata/registry.db
2026-01-03 22:28:15 - light_ai.storage.database_managers - INFO - database_managers.py:488 - SQLite metadata registry initialized at: /var/folders/q7/s5rjdx2d2ydclz5f2d6lylxc0000gn/T/tmp486lefzp/metadata/registry.db
2026-01-03 22:28:15 - light_ai.storage.directory_manager - INFO - directory_manager.py:54 - Creating directory structure at: /var/folders/q7/s5rjdx2d2ydclz5f2d6lylxc0000gn/T/tmp486lefzp
2026-01-03 22:28:15 - light_ai.storage.directory_manager - INFO - directory_manager.py:68 - Directory structure created successfully
2026-01-03 22:28:15 - light_ai.storage.database_managers - INFO - database_managers.py:488 - SQLite metadata registry initialized at: /var/folders/q7/s5rjdx2d2ydclz5f2d6lylxc0000gn/T/tmp486lefzp/metadata/registry.db
2026-01-03 22:28:15 - light_ai.storage.database_managers - INFO - database_managers.py:488 - SQLite metadata registry initialized at: /var/folders/q7/s5rjdx2d2ydclz5f2d6lylxc0000gn/T/tmp486lefzp/metadata/registry.db
2026-01-03 22:28:15 - light_ai.storage.database_managers - INFO - database_managers.py:488 - SQLite metadata registry initialized at: /var/folders/q7/s5rjdx2d2ydclz5f2d6lylxc0000gn/T/tmp486lefzp/metadata/registry.db
2026-01-03 22:28:15 - light_ai.storage.database_managers - INFO - database_managers.py:488 - SQLite metadata registry initialized at: /var/folders/q7/s5rjdx2d2ydclz5f2d6lylxc0000gn/T/tmp486lefzp/metadata/registry.db
2026-01-03 22:28:15 - light_ai.storage.database_managers - INFO - database_managers.py:488 - SQLite metadata registry initialized at: /var/folders/q7/s5rjdx2d2ydclz5f2d6lylxc0000gn/T/tmp486lefzp/metadata/registry.db
2026-01-03 22:28:15 - light_ai.storage.database_managers - INFO - database_managers.py:488 - SQLite metadata registry initialized at: /var/folders/q7/s5rjdx2d2ydclz5f2d6lylxc0000gn/T/tmp486lefzp/metadata/registry.db
2026-01-03 22:28:15 - light_ai.storage.database_managers - INFO - database_managers.py:488 - SQLite metadata registry initialized at: /var/folders/q7/s5rjdx2d2ydclz5f2d6lylxc0000gn/T/tmp486lefzp/metadata/registry.db
2026-01-03 22:28:15 - light_ai.storage.database_managers - INFO - database_managers.py:488 - SQLite metadata registry initialized at: /var/folders/q7/s5rjdx2d2ydclz5f2d6lylxc0000gn/T/tmp486lefzp/metadata/registry.db
2026-01-03 22:28:15 - light_ai.storage.database_managers - INFO - database_managers.py:488 - SQLite metadata registry initialized at: /var/folders/q7/s5rjdx2d2ydclz5f2d6lylxc0000gn/T/tmp486lefzp/metadata/registry.db
2026-01-03 22:28:15 - light_ai.storage.directory_manager - INFO - directory_manager.py:54 - Creating directory structure at: /var/folders/q7/s5rjdx2d2ydclz5f2d6lylxc0000gn/T/tmp486lefzp
2026-01-03 22:28:15 - light_ai.storage.directory_manager - INFO - directory_manager.py:68 - Directory structure created successfully
2026-01-03 22:28:15 - light_ai.storage.database_managers - INFO - database_managers.py:488 - SQLite metadata registry initialized at: /var/folders/q7/s5rjdx2d2ydclz5f2d6lylxc0000gn/T/tmp486lefzp/metadata/registry.db
2026-01-03 22:28:15 - light_ai.storage.database_managers - INFO - database_managers.py:488 - SQLite metadata registry initialized at: /var/folders/q7/s5rjdx2d2ydclz5f2d6lylxc0000gn/T/tmp486lefzp/metadata/registry.db
2026-01-03 22:28:15 - light_ai.storage.database_managers - INFO - database_managers.py:488 - SQLite metadata registry initialized at: /var/folders/q7/s5rjdx2d2ydclz5f2d6lylxc0000gn/T/tmp486lefzp/metadata/registry.db
2026-01-03 22:28:15 - light_ai.storage.database_managers - INFO - database_managers.py:488 - SQLite metadata registry initialized at: /var/folders/q7/s5rjdx2d2ydclz5f2d6lylxc0000gn/T/tmp486lefzp/metadata/registry.db
2026-01-03 22:28:15 - light_ai.storage.database_managers - INFO - database_managers.py:488 - SQLite metadata registry initialized at: /var/folders/q7/s5rjdx2d2ydclz5f2d6lylxc0000gn/T/tmp486lefzp/metadata/registry.db
2026-01-03 22:28:15 - light_ai.storage.database_managers - INFO - database_managers.py:488 - SQLite metadata registry initialized at: /var/folders/q7/s5rjdx2d2ydclz5f2d6lylxc0000gn/T/tmp486lefzp/metadata/registry.db
2026-01-03 22:28:15 - light_ai.storage.database_managers - INFO - database_managers.py:488 - SQLite metadata registry initialized at: /var/folders/q7/s5rjdx2d2ydclz5f2d6lylxc0000gn/T/tmp486lefzp/metadata/registry.db
2026-01-03 22:28:15 - light_ai.storage.database_managers - INFO - database_managers.py:488 - SQLite metadata registry initialized at: /var/folders/q7/s5rjdx2d2ydclz5f2d6lylxc0000gn/T/tmp486lefzp/metadata/registry.db
2026-01-03 22:28:15 - light_ai.storage.database_managers - INFO - database_managers.py:488 - SQLite metadata registry initialized at: /var/folders/q7/s5rjdx2d2ydclz5f2d6lylxc0000gn/T/tmp486lefzp/metadata/registry.db
2026-01-03 22:28:23 - light_ai.storage.directory_manager - INFO - directory_manager.py:54 - Creating directory structure at: /var/folders/q7/s5rjdx2d2ydclz5f2d6lylxc0000gn/T/tmplsfmviud
2026-01-03 22:28:23 - light_ai.storage.directory_manager - INFO - directory_manager.py:68 - Directory structure created successfully
2026-01-03 22:28:23 - light_ai.storage.database_managers - INFO - database_managers.py:488 - SQLite metadata registry initialized at: /var/folders/q7/s5rjdx2d2ydclz5f2d6lylxc0000gn/T/tmplsfmviud/metadata/registry.db
2026-01-03 22:28:23 - light_ai.storage.database_managers - INFO - database_managers.py:488 - SQLite metadata registry initialized at: /var/folders/q7/s5rjdx2d2ydclz5f2d6lylxc0000gn/T/tmplsfmviud/metadata/registry.db
2026-01-03 22:28:23 - light_ai.storage.database_managers - INFO - database_managers.py:488 - SQLite metadata registry initialized at: /var/folders/q7/s5rjdx2d2ydclz5f2d6lylxc0000gn/T/tmplsfmviud/metadata/registry.db
2026-01-03 22:28:23 - light_ai.storage.database_managers - INFO - database_managers.py:488 - SQLite metadata registry initialized at: /var/folders/q7/s5rjdx2d2ydclz5f2d6lylxc0000gn/T/tmplsfmviud/metadata/registry.db
2026-01-03 22:28:23 - light_ai.storage.database_managers - INFO - database_managers.py:488 - SQLite metadata registry initialized at: /var/folders/q7/s5rjdx2d2ydclz5f2d6lylxc0000gn/T/tmplsfmviud/metadata/registry.db
2026-01-03 22:28:23 - light_ai.storage.database_managers - INFO - database_managers.py:488 - SQLite metadata registry initialized at: /var/folders/q7/s5rjdx2d2ydclz5f2d6lylxc0000gn/T/tmplsfmviud/metadata/registry.db
2026-01-03 22:28:23 - light_ai.storage.database_managers - INFO - database_managers.py:488 - SQLite metadata registry initialized at: /var/folders/q7/s5rjdx2d2ydclz5f2d6lylxc0000gn/T/tmplsfmviud/metadata/registry.db
2026-01-03 22:28:23 - light_ai.storage.database_managers - INFO - database_managers.py:488 - SQLite metadata registry initialized at: /var/folders/q7/s5rjdx2d2ydclz5f2d6lylxc0000gn/T/tmplsfmviud/metadata/registry.db
2026-01-03 22:28:23 - light_ai.storage.database_managers - INFO - database_managers.py:488 - SQLite metadata registry initialized at: /var/folders/q7/s5rjdx2d2ydclz5f2d6lylxc0000gn/T/tmplsfmviud/metadata/registry.db
2026-01-03 22:28:23 - light_ai.storage.directory_manager - INFO - directory_manager.py:54 - Creating directory structure at: /var/folders/q7/s5rjdx2d2ydclz5f2d6lylxc0000gn/T/tmplsfmviud
2026-01-03 22:28:23 - light_ai.storage.directory_manager - INFO - directory_manager.py:68 - Directory structure created successfully
2026-01-03 22:28:23 - light_ai.storage.database_managers - INFO - database_managers.py:488 - SQLite metadata registry initialized at: /var/folders/q7/s5rjdx2d2ydclz5f2d6lylxc0000gn/T/tmplsfmviud/metadata/registry.db
2026-01-03 22:28:23 - light_ai.storage.database_managers - INFO - database_managers.py:488 - SQLite metadata registry initialized at: /var/folders/q7/s5rjdx2d2ydclz5f2d6lylxc0000gn/T/tmplsfmviud/metadata/registry.db
2026-01-03 22:28:23 - light_ai.storage.database_managers - INFO - database_managers.py:488 - SQLite metadata registry initialized at: /var/folders/q7/s5rjdx2d2ydclz5f2d6lylxc0000gn/T/tmplsfmviud/metadata/registry.db
2026-01-03 22:28:23 - light_ai.storage.database_managers - INFO - database_managers.py:488 - SQLite metadata registry initialized at: /var/folders/q7/s5rjdx2d2ydclz5f2d6lylxc0000gn/T/tmplsfmviud/metadata/registry.db
2026-01-03 22:28:23 - light_ai.storage.database_managers - INFO - database_managers.py:488 - SQLite metadata registry initialized at: /var/folders/q7/s5rjdx2d2ydclz5f2d6lylxc0000gn/T/tmplsfmviud/metadata/registry.db
2026-01-03 22:28:23 - light_ai.storage.database_managers - INFO - database_managers.py:488 - SQLite metadata registry initialized at: /var/folders/q7/s5rjdx2d2ydclz5f2d6lylxc0000gn/T/tmplsfmviud/metadata/registry.db
2026-01-03 22:28:23 - light_ai.storage.database_managers - INFO - database_managers.py:488 - SQLite metadata registry initialized at: /var/folders/q7/s5rjdx2d2ydclz5f2d6lylxc0000gn/T/tmplsfmviud/metadata/registry.db
2026-01-03 22:28:23 - light_ai.storage.database_managers - INFO - database_managers.py:488 - SQLite metadata registry initialized at: /var/folders/q7/s5rjdx2d2ydclz5f2d6lylxc0000gn/T/tmplsfmviud/metadata/registry.db
2026-01-03 22:28:23 - light_ai.storage.database_managers - INFO - database_managers.py:488 - SQLite metadata registry initialized at: /var/folders/q7/s5rjdx2d2ydclz5f2d6lylxc0000gn/T/tmplsfmviud/metadata/registry.db
2026-01-03 22:28:23 - light_ai.storage.directory_manager - INFO - directory_manager.py:54 - Creating directory structure at: /var/folders/q7/s5rjdx2d2ydclz5f2d6lylxc0000gn/T/tmplsfmviud
2026-01-03 22:28:23 - light_ai.storage.directory_manager - INFO - directory_manager.py:68 - Directory structure created successfully
2026-01-03 22:28:23 - light_ai.storage.database_managers - INFO - database_managers.py:488 - SQLite metadata registry initialized at: /var/folders/q7/s5rjdx2d2ydclz5f2d6lylxc0000gn/T/tmplsfmviud/metadata/registry.db
2026-01-03 22:28:23 - light_ai.storage.database_managers - INFO - database_managers.py:488 - SQLite metadata registry initialized at: /var/folders/q7/s5rjdx2d2ydclz5f2d6lylxc0000gn/T/tmplsfmviud/metadata/registry.db
2026-01-03 22:28:23 - light_ai.storage.database_managers - INFO - database_managers.py:488 - SQLite metadata registry initialized at: /var/folders/q7/s5rjdx2d2ydclz5f2d6lylxc0000gn/T/tmplsfmviud/metadata/registry.db
2026-01-03 22:28:23 - light_ai.storage.database_managers - INFO - database_managers.py:488 - SQLite metadata registry initialized at: /var/folders/q7/s5rjdx2d2ydclz5f2d6lylxc0000gn/T/tmplsfmviud/metadata/registry.db
2026-01-03 22:28:23 - light_ai.storage.database_managers - INFO - database_managers.py:488 - SQLite metadata registry initialized at: /var/folders/q7/s5rjdx2d2ydclz5f2d6lylxc0000gn/T/tmplsfmviud/metadata/registry.db
2026-01-03 22:28:23 - light_ai.storage.database_managers - INFO - database_managers.py:488 - SQLite metadata registry initialized at: /var/folders/q7/s5rjdx2d2ydclz5f2d6lylxc0000gn/T/tmplsfmviud/metadata/registry.db
2026-01-03 22:28:23 - light_ai.storage.database_managers - INFO - database_managers.py:488 - SQLite metadata registry initialized at: /var/folders/q7/s5rjdx2d2ydclz5f2d6lylxc0000gn/T/tmplsfmviud/metadata/registry.db
2026-01-03 22:28:23 - light_ai.storage.database_managers - INFO - database_managers.py:488 - SQLite metadata registry initialized at: /var/folders/q7/s5rjdx2d2ydclz5f2d6lylxc0000gn/T/tmplsfmviud/metadata/registry.db
2026-01-03 22:28:23 - light_ai.storage.database_managers - INFO - database_managers.py:488 - SQLite metadata registry initialized at: /var/folders/q7/s5rjdx2d2ydclz5f2d6lylxc0000gn/T/tmplsfmviud/metadata/registry.db
2026-01-03 22:28:23 - light_ai.storage.directory_manager - INFO - directory_manager.py:54 - Creating directory structure at: /var/folders/q7/s5rjdx2d2ydclz5f2d6lylxc0000gn/T/tmplsfmviud
2026-01-03 22:28:23 - light_ai.storage.directory_manager - INFO - directory_manager.py:68 - Directory structure created successfully
2026-01-03 22:28:23 - light_ai.storage.database_managers - INFO - database_managers.py:488 - SQLite metadata registry initialized at: /var/folders/q7/s5rjdx2d2ydclz5f2d6lylxc0000gn/T/tmplsfmviud/metadata/registry.db
2026-01-03 22:28:23 - light_ai.storage.database_managers - INFO - database_managers.py:488 - SQLite metadata registry initialized at: /var/folders/q7/s5rjdx2d2ydclz5f2d6lylxc0000gn/T/tmplsfmviud/metadata/registry.db
2026-01-03 22:28:23 - light_ai.storage.database_managers - INFO - database_managers.py:488 - SQLite metadata registry initialized at: /var/folders/q7/s5rjdx2d2ydclz5f2d6lylxc0000gn/T/tmplsfmviud/metadata/registry.db
2026-01-03 22:28:23 - light_ai.storage.database_managers - INFO - database_managers.py:488 - SQLite metadata registry initialized at: /var/folders/q7/s5rjdx2d2ydclz5f2d6lylxc0000gn/T/tmplsfmviud/metadata/registry.db
2026-01-03 22:28:23 - light_ai.storage.database_managers - INFO - database_managers.py:488 - SQLite metadata registry initialized at: /var/folders/q7/s5rjdx2d2ydclz5f2d6lylxc0000gn/T/tmplsfmviud/metadata/registry.db
2026-01-03 22:28:23 - light_ai.storage.database_managers - INFO - database_managers.py:488 - SQLite metadata registry initialized at: /var/folders/q7/s5rjdx2d2ydclz5f2d6lylxc0000gn/T/tmplsfmviud/metadata/registry.db
2026-01-03 22:28:23 - light_ai.storage.database_managers - INFO - database_managers.py:488 - SQLite metadata registry initialized at: /var/folders/q7/s5rjdx2d2ydclz5f2d6lylxc0000gn/T/tmplsfmviud/metadata/registry.db
2026-01-03 22:28:23 - light_ai.storage.database_managers - INFO - database_managers.py:488 - SQLite metadata registry initialized at: /var/folders/q7/s5rjdx2d2ydclz5f2d6lylxc0000gn/T/tmplsfmviud/metadata/registry.db
2026-01-03 22:28:23 - light_ai.storage.database_managers - INFO - database_managers.py:488 - SQLite metadata registry initialized at: /var/folders/q7/s5rjdx2d2ydclz5f2d6lylxc0000gn/T/tmplsfmviud/metadata/registry.db
2026-01-03 22:28:23 - light_ai.storage.directory_manager - INFO - directory_manager.py:54 - Creating directory structure at: /var/folders/q7/s5rjdx2d2ydclz5f2d6lylxc0000gn/T/tmplsfmviud
2026-01-03 22:28:23 - light_ai.storage.directory_manager - INFO - directory_manager.py:68 - Directory structure created successfully
2026-01-03 22:28:23 - light_ai.storage.database_managers - INFO - database_managers.py:488 - SQLite metadata registry initialized at: /var/folders/q7/s5rjdx2d2ydclz5f2d6lylxc0000gn/T/tmplsfmviud/metadata/registry.db
2026-01-03 22:28:23 - light_ai.storage.database_managers - INFO - database_managers.py:488 - SQLite metadata registry initialized at: /var/folders/q7/s5rjdx2d2ydclz5f2d6lylxc0000gn/T/tmplsfmviud/metadata/registry.db
2026-01-03 22:28:23 - light_ai.storage.database_managers - INFO - database_managers.py:488 - SQLite metadata registry initialized at: /var/folders/q7/s5rjdx2d2ydclz5f2d6lylxc0000gn/T/tmplsfmviud/metadata/registry.db
2026-01-03 22:28:23 - light_ai.storage.database_managers - INFO - database_managers.py:488 - SQLite metadata registry initialized at: /var/folders/q7/s5rjdx2d2ydclz5f2d6lylxc0000gn/T/tmplsfmviud/metadata/registry.db
2026-01-03 22:28:23 - light_ai.storage.database_managers - INFO - database_managers.py:488 - SQLite metadata registry initialized at: /var/folders/q7/s5rjdx2d2ydclz5f2d6lylxc0000gn/T/tmplsfmviud/metadata/registry.db
2026-01-03 22:28:23 - light_ai.storage.database_managers - INFO - database_managers.py:488 - SQLite metadata registry initialized at: /var/folders/q7/s5rjdx2d2ydclz5f2d6lylxc0000gn/T/tmplsfmviud/metadata/registry.db
2026-01-03 22:28:23 - light_ai.storage.database_managers - INFO - database_managers.py:488 - SQLite metadata registry initialized at: /var/folders/q7/s5rjdx2d2ydclz5f2d6lylxc0000gn/T/tmplsfmviud/metadata/registry.db
2026-01-03 22:28:23 - light_ai.storage.database_managers - INFO - database_managers.py:488 - SQLite metadata registry initialized at: /var/folders/q7/s5rjdx2d2ydclz5f2d6lylxc0000gn/T/tmplsfmviud/metadata/registry.db
2026-01-03 22:28:23 - light_ai.storage.database_managers - INFO - database_managers.py:488 - SQLite metadata registry initialized at: /var/folders/q7/s5rjdx2d2ydclz5f2d6lylxc0000gn/T/tmplsfmviud/metadata/registry.db
2026-01-03 22:28:23 - light_ai.storage.directory_manager - INFO - directory_manager.py:54 - Creating directory structure at: /var/folders/q7/s5rjdx2d2ydclz5f2d6lylxc0000gn/T/tmplsfmviud
2026-01-03 22:28:23 - light_ai.storage.directory_manager - INFO - directory_manager.py:68 - Directory structure created successfully
2026-01-03 22:28:23 - light_ai.storage.database_managers - INFO - database_managers.py:488 - SQLite metadata registry initialized at: /var/folders/q7/s5rjdx2d2ydclz5f2d6lylxc0000gn/T/tmplsfmviud/metadata/registry.db
2026-01-03 22:28:23 - light_ai.storage.database_managers - INFO - database_managers.py:488 - SQLite metadata registry initialized at: /var/folders/q7/s5rjdx2d2ydclz5f2d6lylxc0000gn/T/tmplsfmviud/metadata/registry.db
2026-01-03 22:28:23 - light_ai.storage.database_managers - INFO - database_managers.py:488 - SQLite metadata registry initialized at: /var/folders/q7/s5rjdx2d2ydclz5f2d6lylxc0000gn/T/tmplsfmviud/metadata/registry.db
2026-01-03 22:28:23 - light_ai.storage.database_managers - INFO - database_managers.py:488 - SQLite metadata registry initialized at: /var/folders/q7/s5rjdx2d2ydclz5f2d6lylxc0000gn/T/tmplsfmviud/metadata/registry.db
2026-01-03 22:28:23 - light_ai.storage.database_managers - INFO - database_managers.py:488 - SQLite metadata registry initialized at: /var/folders/q7/s5rjdx2d2ydclz5f2d6lylxc0000gn/T/tmplsfmviud/metadata/registry.db
2026-01-03 22:28:23 - light_ai.storage.database_managers - INFO - database_managers.py:488 - SQLite metadata registry initialized at: /var/folders/q7/s5rjdx2d2ydclz5f2d6lylxc0000gn/T/tmplsfmviud/metadata/registry.db
2026-01-03 22:28:23 - light_ai.storage.database_managers - INFO - database_managers.py:488 - SQLite metadata registry initialized at: /var/folders/q7/s5rjdx2d2ydclz5f2d6lylxc0000gn/T/tmplsfmviud/metadata/registry.db
2026-01-03 22:28:23 - light_ai.storage.database_managers - INFO - database_managers.py:488 - SQLite metadata registry initialized at: /var/folders/q7/s5rjdx2d2ydclz5f2d6lylxc0000gn/T/tmplsfmviud/metadata/registry.db
2026-01-03 22:28:23 - light_ai.storage.database_managers - INFO - database_managers.py:488 - SQLite metadata registry initialized at: /var/folders/q7/s5rjdx2d2ydclz5f2d6lylxc0000gn/T/tmplsfmviud/metadata/registry.db
2026-01-03 22:28:23 - light_ai.storage.directory_manager - INFO - directory_manager.py:54 - Creating directory structure at: /var/folders/q7/s5rjdx2d2ydclz5f2d6lylxc0000gn/T/tmplsfmviud
2026-01-03 22:28:23 - light_ai.storage.directory_manager - INFO - directory_manager.py:68 - Directory structure created successfully
2026-01-03 22:28:23 - light_ai.storage.database_managers - INFO - database_managers.py:488 - SQLite metadata registry initialized at: /var/folders/q7/s5rjdx2d2ydclz5f2d6lylxc0000gn/T/tmplsfmviud/metadata/registry.db
2026-01-03 22:28:23 - light_ai.storage.database_managers - INFO - database_managers.py:488 - SQLite metadata registry initialized at: /var/folders/q7/s5rjdx2d2ydclz5f2d6lylxc0000gn/T/tmplsfmviud/metadata/registry.db
2026-01-03 22:28:23 - light_ai.storage.database_managers - INFO - database_managers.py:488 - SQLite metadata registry initialized at: /var/folders/q7/s5rjdx2d2ydclz5f2d6lylxc0000gn/T/tmplsfmviud/metadata/registry.db
2026-01-03 22:28:23 - light_ai.storage.database_managers - INFO - database_managers.py:488 - SQLite metadata registry initialized at: /var/folders/q7/s5rjdx2d2ydclz5f2d6lylxc0000gn/T/tmplsfmviud/metadata/registry.db
2026-01-03 22:28:23 - light_ai.storage.database_managers - INFO - database_managers.py:488 - SQLite metadata registry initialized at: /var/folders/q7/s5rjdx2d2ydclz5f2d6lylxc0000gn/T/tmplsfmviud/metadata/registry.db
2026-01-03 22:28:23 - light_ai.storage.database_managers - INFO - database_managers.py:488 - SQLite metadata registry initialized at: /var/folders/q7/s5rjdx2d2ydclz5f2d6lylxc0000gn/T/tmplsfmviud/metadata/registry.db
2026-01-03 22:28:23 - light_ai.storage.database_managers - INFO - database_managers.py:488 - SQLite metadata registry initialized at: /var/folders/q7/s5rjdx2d2ydclz5f2d6lylxc0000gn/T/tmplsfmviud/metadata/registry.db
2026-01-03 22:28:23 - light_ai.storage.database_managers - INFO - database_managers.py:488 - SQLite metadata registry initialized at: /var/folders/q7/s5rjdx2d2ydclz5f2d6lylxc0000gn/T/tmplsfmviud/metadata/registry.db
2026-01-03 22:28:23 - light_ai.storage.database_managers - INFO - database_managers.py:488 - SQLite metadata registry initialized at: /var/folders/q7/s5rjdx2d2ydclz5f2d6lylxc0000gn/T/tmplsfmviud/metadata/registry.db
2026-01-03 22:28:23 - light_ai.storage.directory_manager - INFO - directory_manager.py:54 - Creating directory structure at: /var/folders/q7/s5rjdx2d2ydclz5f2d6lylxc0000gn/T/tmplsfmviud
2026-01-03 22:28:23 - light_ai.storage.directory_manager - INFO - directory_manager.py:68 - Directory structure created successfully
2026-01-03 22:28:23 - light_ai.storage.database_managers - INFO - database_managers.py:488 - SQLite metadata registry initialized at: /var/folders/q7/s5rjdx2d2ydclz5f2d6lylxc0000gn/T/tmplsfmviud/metadata/registry.db
2026-01-03 22:28:23 - light_ai.storage.database_managers - INFO - database_managers.py:488 - SQLite metadata registry initialized at: /var/folders/q7/s5rjdx2d2ydclz5f2d6lylxc0000gn/T/tmplsfmviud/metadata/registry.db
2026-01-03 22:28:23 - light_ai.storage.database_managers - INFO - database_managers.py:488 - SQLite metadata registry initialized at: /var/folders/q7/s5rjdx2d2ydclz5f2d6lylxc0000gn/T/tmplsfmviud/metadata/registry.db
2026-01-03 22:28:23 - light_ai.storage.database_managers - INFO - database_managers.py:488 - SQLite metadata registry initialized at: /var/folders/q7/s5rjdx2d2ydclz5f2d6lylxc0000gn/T/tmplsfmviud/metadata/registry.db
2026-01-03 22:28:23 - light_ai.storage.database_managers - INFO - database_managers.py:488 - SQLite metadata registry initialized at: /var/folders/q7/s5rjdx2d2ydclz5f2d6lylxc0000gn/T/tmplsfmviud/metadata/registry.db
2026-01-03 22:28:23 - light_ai.storage.database_managers - INFO - database_managers.py:488 - SQLite metadata registry initialized at: /var/folders/q7/s5rjdx2d2ydclz5f2d6lylxc0000gn/T/tmplsfmviud/metadata/registry.db
2026-01-03 22:28:23 - light_ai.storage.database_managers - INFO - database_managers.py:488 - SQLite metadata registry initialized at: /var/folders/q7/s5rjdx2d2ydclz5f2d6lylxc0000gn/T/tmplsfmviud/metadata/registry.db
2026-01-03 22:28:23 - light_ai.storage.database_managers - INFO - database_managers.py:488 - SQLite metadata registry initialized at: /var/folders/q7/s5rjdx2d2ydclz5f2d6lylxc0000gn/T/tmplsfmviud/metadata/registry.db
2026-01-03 22:28:23 - light_ai.storage.database_managers - INFO - database_managers.py:488 - SQLite metadata registry initialized at: /var/folders/q7/s5rjdx2d2ydclz5f2d6lylxc0000gn/T/tmplsfmviud/metadata/registry.db
2026-01-03 22:28:23 - light_ai.storage.directory_manager - INFO - directory_manager.py:54 - Creating directory structure at: /var/folders/q7/s5rjdx2d2ydclz5f2d6lylxc0000gn/T/tmplsfmviud
2026-01-03 22:28:23 - light_ai.storage.directory_manager - INFO - directory_manager.py:68 - Directory structure created successfully
2026-01-03 22:28:23 - light_ai.storage.database_managers - INFO - database_managers.py:488 - SQLite metadata registry initialized at: /var/folders/q7/s5rjdx2d2ydclz5f2d6lylxc0000gn/T/tmplsfmviud/metadata/registry.db
2026-01-03 22:28:23 - light_ai.storage.database_managers - INFO - database_managers.py:488 - SQLite metadata registry initialized at: /var/folders/q7/s5rjdx2d2ydclz5f2d6lylxc0000gn/T/tmplsfmviud/metadata/registry.db
2026-01-03 22:28:23 - light_ai.storage.database_managers - INFO - database_managers.py:488 - SQLite metadata registry initialized at: /var/folders/q7/s5rjdx2d2ydclz5f2d6lylxc0000gn/T/tmplsfmviud/metadata/registry.db
2026-01-03 22:28:23 - light_ai.storage.database_managers - INFO - database_managers.py:488 - SQLite metadata registry initialized at: /var/folders/q7/s5rjdx2d2ydclz5f2d6lylxc0000gn/T/tmplsfmviud/metadata/registry.db
2026-01-03 22:28:23 - light_ai.storage.database_managers - INFO - database_managers.py:488 - SQLite metadata registry initialized at: /var/folders/q7/s5rjdx2d2ydclz5f2d6lylxc0000gn/T/tmplsfmviud/metadata/registry.db
2026-01-03 22:28:23 - light_ai.storage.database_managers - INFO - database_managers.py:488 - SQLite metadata registry initialized at: /var/folders/q7/s5rjdx2d2ydclz5f2d6lylxc0000gn/T/tmplsfmviud/metadata/registry.db
2026-01-03 22:28:23 - light_ai.storage.database_managers - INFO - database_managers.py:488 - SQLite metadata registry initialized at: /var/folders/q7/s5rjdx2d2ydclz5f2d6lylxc0000gn/T/tmplsfmviud/metadata/registry.db
2026-01-03 22:28:23 - light_ai.storage.database_managers - INFO - database_managers.py:488 - SQLite metadata registry initialized at: /var/folders/q7/s5rjdx2d2ydclz5f2d6lylxc0000gn/T/tmplsfmviud/metadata/registry.db
2026-01-03 22:28:23 - light_ai.storage.database_managers - INFO - database_managers.py:488 - SQLite metadata registry initialized at: /var/folders/q7/s5rjdx2d2ydclz5f2d6lylxc0000gn/T/tmplsfmviud/metadata/registry.db
2026-01-03 22:28:23 - light_ai.storage.directory_manager - INFO - directory_manager.py:54 - Creating directory structure at: /var/folders/q7/s5rjdx2d2ydclz5f2d6lylxc0000gn/T/tmplsfmviud
2026-01-03 22:28:23 - light_ai.storage.directory_manager - INFO - directory_manager.py:68 - Directory structure created successfully
2026-01-03 22:28:23 - light_ai.storage.database_managers - INFO - database_managers.py:488 - SQLite metadata registry initialized at: /var/folders/q7/s5rjdx2d2ydclz5f2d6lylxc0000gn/T/tmplsfmviud/metadata/registry.db
2026-01-03 22:28:23 - light_ai.storage.database_managers - INFO - database_managers.py:488 - SQLite metadata registry initialized at: /var/folders/q7/s5rjdx2d2ydclz5f2d6lylxc0000gn/T/tmplsfmviud/metadata/registry.db
2026-01-03 22:28:23 - light_ai.storage.database_managers - INFO - database_managers.py:488 - SQLite metadata registry initialized at: /var/folders/q7/s5rjdx2d2ydclz5f2d6lylxc0000gn/T/tmplsfmviud/metadata/registry.db
2026-01-03 22:28:23 - light_ai.storage.database_managers - INFO - database_managers.py:488 - SQLite metadata registry initialized at: /var/folders/q7/s5rjdx2d2ydclz5f2d6lylxc0000gn/T/tmplsfmviud/metadata/registry.db
2026-01-03 22:28:23 - light_ai.storage.database_managers - INFO - database_managers.py:488 - SQLite metadata registry initialized at: /var/folders/q7/s5rjdx2d2ydclz5f2d6lylxc0000gn/T/tmplsfmviud/metadata/registry.db
2026-01-03 22:28:23 - light_ai.storage.database_managers - INFO - database_managers.py:488 - SQLite metadata registry initialized at: /var/folders/q7/s5rjdx2d2ydclz5f2d6lylxc0000gn/T/tmplsfmviud/metadata/registry.db
2026-01-03 22:28:23 - light_ai.storage.database_managers - INFO - database_managers.py:488 - SQLite metadata registry initialized at: /var/folders/q7/s5rjdx2d2ydclz5f2d6lylxc0000gn/T/tmplsfmviud/metadata/registry.db
2026-01-03 22:28:23 - light_ai.storage.database_managers - INFO - database_managers.py:488 - SQLite metadata registry initialized at: /var/folders/q7/s5rjdx2d2ydclz5f2d6lylxc0000gn/T/tmplsfmviud/metadata/registry.db
2026-01-03 22:28:23 - light_ai.storage.database_managers - INFO - database_managers.py:488 - SQLite metadata registry initialized at: /var/folders/q7/s5rjdx2d2ydclz5f2d6lylxc0000gn/T/tmplsfmviud/metadata/registry.db
2026-01-03 22:28:23 - light_ai.storage.directory_manager - INFO - directory_manager.py:54 - Creating directory structure at: /var/folders/q7/s5rjdx2d2ydclz5f2d6lylxc0000gn/T/tmplsfmviud
2026-01-03 22:28:23 - light_ai.storage.directory_manager - INFO - directory_manager.py:68 - Directory structure created successfully
2026-01-03 22:28:23 - light_ai.storage.database_managers - INFO - database_managers.py:488 - SQLite metadata registry initialized at: /var/folders/q7/s5rjdx2d2ydclz5f2d6lylxc0000gn/T/tmplsfmviud/metadata/registry.db
2026-01-03 22:28:23 - light_ai.storage.database_managers - INFO - database_managers.py:488 - SQLite metadata registry initialized at: /var/folders/q7/s5rjdx2d2ydclz5f2d6lylxc0000gn/T/tmplsfmviud/metadata/registry.db
2026-01-03 22:28:23 - light_ai.storage.database_managers - INFO - database_managers.py:488 - SQLite metadata registry initialized at: /var/folders/q7/s5rjdx2d2ydclz5f2d6lylxc0000gn/T/tmplsfmviud/metadata/registry.db
2026-01-03 22:28:23 - light_ai.storage.database_managers - INFO - database_managers.py:488 - SQLite metadata registry initialized at: /var/folders/q7/s5rjdx2d2ydclz5f2d6lylxc0000gn/T/tmplsfmviud/metadata/registry.db
2026-01-03 22:28:23 - light_ai.storage.database_managers - INFO - database_managers.py:488 - SQLite metadata registry initialized at: /var/folders/q7/s5rjdx2d2ydclz5f2d6lylxc0000gn/T/tmplsfmviud/metadata/registry.db
2026-01-03 22:28:23 - light_ai.storage.database_managers - INFO - database_managers.py:488 - SQLite metadata registry initialized at: /var/folders/q7/s5rjdx2d2ydclz5f2d6lylxc0000gn/T/tmplsfmviud/metadata/registry.db
2026-01-03 22:28:23 - light_ai.storage.database_managers - INFO - database_managers.py:488 - SQLite metadata registry initialized at: /var/folders/q7/s5rjdx2d2ydclz5f2d6lylxc0000gn/T/tmplsfmviud/metadata/registry.db
2026-01-03 22:28:23 - light_ai.storage.database_managers - INFO - database_managers.py:488 - SQLite metadata registry initialized at: /var/folders/q7/s5rjdx2d2ydclz5f2d6lylxc0000gn/T/tmplsfmviud/metadata/registry.db
2026-01-03 22:28:23 - light_ai.storage.database_managers - INFO - database_managers.py:488 - SQLite metadata registry initialized at: /var/folders/q7/s5rjdx2d2ydclz5f2d6lylxc0000gn/T/tmplsfmviud/metadata/registry.db
2026-01-03 22:28:23 - light_ai.storage.directory_manager - INFO - directory_manager.py:54 - Creating directory structure at: /var/folders/q7/s5rjdx2d2ydclz5f2d6lylxc0000gn/T/tmplsfmviud
2026-01-03 22:28:23 - light_ai.storage.directory_manager - INFO - directory_manager.py:68 - Directory structure created successfully
2026-01-03 22:28:23 - light_ai.storage.database_managers - INFO - database_managers.py:488 - SQLite metadata registry initialized at: /var/folders/q7/s5rjdx2d2ydclz5f2d6lylxc0000gn/T/tmplsfmviud/metadata/registry.db
2026-01-03 22:28:23 - light_ai.storage.database_managers - INFO - database_managers.py:488 - SQLite metadata registry initialized at: /var/folders/q7/s5rjdx2d2ydclz5f2d6lylxc0000gn/T/tmplsfmviud/metadata/registry.db
2026-01-03 22:28:23 - light_ai.storage.database_managers - INFO - database_managers.py:488 - SQLite metadata registry initialized at: /var/folders/q7/s5rjdx2d2ydclz5f2d6lylxc0000gn/T/tmplsfmviud/metadata/registry.db
2026-01-03 22:28:23 - light_ai.storage.database_managers - INFO - database_managers.py:488 - SQLite metadata registry initialized at: /var/folders/q7/s5rjdx2d2ydclz5f2d6lylxc0000gn/T/tmplsfmviud/metadata/registry.db
2026-01-03 22:28:23 - light_ai.storage.database_managers - INFO - database_managers.py:488 - SQLite metadata registry initialized at: /var/folders/q7/s5rjdx2d2ydclz5f2d6lylxc0000gn/T/tmplsfmviud/metadata/registry.db
2026-01-03 22:28:23 - light_ai.storage.database_managers - INFO - database_managers.py:488 - SQLite metadata registry initialized at: /var/folders/q7/s5rjdx2d2ydclz5f2d6lylxc0000gn/T/tmplsfmviud/metadata/registry.db
2026-01-03 22:28:23 - light_ai.storage.database_managers - INFO - database_managers.py:488 - SQLite metadata registry initialized at: /var/folders/q7/s5rjdx2d2ydclz5f2d6lylxc0000gn/T/tmplsfmviud/metadata/registry.db
2026-01-03 22:28:23 - light_ai.storage.database_managers - INFO - database_managers.py:488 - SQLite metadata registry initialized at: /var/folders/q7/s5rjdx2d2ydclz5f2d6lylxc0000gn/T/tmplsfmviud/metadata/registry.db
2026-01-03 22:28:23 - light_ai.storage.database_managers - INFO - database_managers.py:488 - SQLite metadata registry initialized at: /var/folders/q7/s5rjdx2d2ydclz5f2d6lylxc0000gn/T/tmplsfmviud/metadata/registry.db
2026-01-03 22:28:23 - light_ai.storage.directory_manager - INFO - directory_manager.py:54 - Creating directory structure at: /var/folders/q7/s5rjdx2d2ydclz5f2d6lylxc0000gn/T/tmplsfmviud
2026-01-03 22:28:23 - light_ai.storage.directory_manager - INFO - directory_manager.py:68 - Directory structure created successfully
2026-01-03 22:28:23 - light_ai.storage.database_managers - INFO - database_managers.py:488 - SQLite metadata registry initialized at: /var/folders/q7/s5rjdx2d2ydclz5f2d6lylxc0000gn/T/tmplsfmviud/metadata/registry.db
2026-01-03 22:28:23 - light_ai.storage.database_managers - INFO - database_managers.py:488 - SQLite metadata registry initialized at: /var/folders/q7/s5rjdx2d2ydclz5f2d6lylxc0000gn/T/tmplsfmviud/metadata/registry.db
2026-01-03 22:28:23 - light_ai.storage.database_managers - INFO - database_managers.py:488 - SQLite metadata registry initialized at: /var/folders/q7/s5rjdx2d2ydclz5f2d6lylxc0000gn/T/tmplsfmviud/metadata/registry.db
2026-01-03 22:28:23 - light_ai.storage.database_managers - INFO - database_managers.py:488 - SQLite metadata registry initialized at: /var/folders/q7/s5rjdx2d2ydclz5f2d6lylxc0000gn/T/tmplsfmviud/metadata/registry.db
2026-01-03 22:28:23 - light_ai.storage.database_managers - INFO - database_managers.py:488 - SQLite metadata registry initialized at: /var/folders/q7/s5rjdx2d2ydclz5f2d6lylxc0000gn/T/tmplsfmviud/metadata/registry.db
2026-01-03 22:28:23 - light_ai.storage.database_managers - INFO - database_managers.py:488 - SQLite metadata registry initialized at: /var/folders/q7/s5rjdx2d2ydclz5f2d6lylxc0000gn/T/tmplsfmviud/metadata/registry.db
2026-01-03 22:28:23 - light_ai.storage.database_managers - INFO - database_managers.py:488 - SQLite metadata registry initialized at: /var/folders/q7/s5rjdx2d2ydclz5f2d6lylxc0000gn/T/tmplsfmviud/metadata/registry.db
2026-01-03 22:28:23 - light_ai.storage.database_managers - INFO - database_managers.py:488 - SQLite metadata registry initialized at: /var/folders/q7/s5rjdx2d2ydclz5f2d6lylxc0000gn/T/tmplsfmviud/metadata/registry.db
2026-01-03 22:28:23 - light_ai.storage.database_managers - INFO - database_managers.py:488 - SQLite metadata registry initialized at: /var/folders/q7/s5rjdx2d2ydclz5f2d6lylxc0000gn/T/tmplsfmviud/metadata/registry.db
2026-01-03 22:28:23 - light_ai.storage.directory_manager - INFO - directory_manager.py:54 - Creating directory structure at: /var/folders/q7/s5rjdx2d2ydclz5f2d6lylxc0000gn/T/tmplsfmviud
2026-01-03 22:28:23 - light_ai.storage.directory_manager - INFO - directory_manager.py:68 - Directory structure created successfully
2026-01-03 22:28:23 - light_ai.storage.database_managers - INFO - database_managers.py:488 - SQLite metadata registry initialized at: /var/folders/q7/s5rjdx2d2ydclz5f2d6lylxc0000gn/T/tmplsfmviud/metadata/registry.db
2026-01-03 22:28:23 - light_ai.storage.database_managers - INFO - database_managers.py:488 - SQLite metadata registry initialized at: /var/folders/q7/s5rjdx2d2ydclz5f2d6lylxc0000gn/T/tmplsfmviud/metadata/registry.db
2026-01-03 22:28:23 - light_ai.storage.database_managers - INFO - database_managers.py:488 - SQLite metadata registry initialized at: /var/folders/q7/s5rjdx2d2ydclz5f2d6lylxc0000gn/T/tmplsfmviud/metadata/registry.db
2026-01-03 22:28:23 - light_ai.storage.database_managers - INFO - database_managers.py:488 - SQLite metadata registry initialized at: /var/folders/q7/s5rjdx2d2ydclz5f2d6lylxc0000gn/T/tmplsfmviud/metadata/registry.db
2026-01-03 22:28:23 - light_ai.storage.database_managers - INFO - database_managers.py:488 - SQLite metadata registry initialized at: /var/folders/q7/s5rjdx2d2ydclz5f2d6lylxc0000gn/T/tmplsfmviud/metadata/registry.db
2026-01-03 22:28:23 - light_ai.storage.database_managers - INFO - database_managers.py:488 - SQLite metadata registry initialized at: /var/folders/q7/s5rjdx2d2ydclz5f2d6lylxc0000gn/T/tmplsfmviud/metadata/registry.db
2026-01-03 22:28:23 - light_ai.storage.database_managers - INFO - database_managers.py:488 - SQLite metadata registry initialized at: /var/folders/q7/s5rjdx2d2ydclz5f2d6lylxc0000gn/T/tmplsfmviud/metadata/registry.db
2026-01-03 22:28:23 - light_ai.storage.database_managers - INFO - database_managers.py:488 - SQLite metadata registry initialized at: /var/folders/q7/s5rjdx2d2ydclz5f2d6lylxc0000gn/T/tmplsfmviud/metadata/registry.db
2026-01-03 22:28:23 - light_ai.storage.database_managers - INFO - database_managers.py:488 - SQLite metadata registry initialized at: /var/folders/q7/s5rjdx2d2ydclz5f2d6lylxc0000gn/T/tmplsfmviud/metadata/registry.db
2026-01-03 22:28:23 - light_ai.storage.directory_manager - INFO - directory_manager.py:54 - Creating directory structure at: /var/folders/q7/s5rjdx2d2ydclz5f2d6lylxc0000gn/T/tmplsfmviud
2026-01-03 22:28:23 - light_ai.storage.directory_manager - INFO - directory_manager.py:68 - Directory structure created successfully
2026-01-03 22:28:23 - light_ai.storage.database_managers - INFO - database_managers.py:488 - SQLite metadata registry initialized at: /var/folders/q7/s5rjdx2d2ydclz5f2d6lylxc0000gn/T/tmplsfmviud/metadata/registry.db
2026-01-03 22:28:23 - light_ai.storage.database_managers - INFO - database_managers.py:488 - SQLite metadata registry initialized at: /var/folders/q7/s5rjdx2d2ydclz5f2d6lylxc0000gn/T/tmplsfmviud/metadata/registry.db
2026-01-03 22:28:23 - light_ai.storage.database_managers - INFO - database_managers.py:488 - SQLite metadata registry initialized at: /var/folders/q7/s5rjdx2d2ydclz5f2d6lylxc0000gn/T/tmplsfmviud/metadata/registry.db
2026-01-03 22:28:23 - light_ai.storage.database_managers - INFO - database_managers.py:488 - SQLite metadata registry initialized at: /var/folders/q7/s5rjdx2d2ydclz5f2d6lylxc0000gn/T/tmplsfmviud/metadata/registry.db
2026-01-03 22:28:23 - light_ai.storage.database_managers - INFO - database_managers.py:488 - SQLite metadata registry initialized at: /var/folders/q7/s5rjdx2d2ydclz5f2d6lylxc0000gn/T/tmplsfmviud/metadata/registry.db
2026-01-03 22:28:23 - light_ai.storage.database_managers - INFO - database_managers.py:488 - SQLite metadata registry initialized at: /var/folders/q7/s5rjdx2d2ydclz5f2d6lylxc0000gn/T/tmplsfmviud/metadata/registry.db
2026-01-03 22:28:23 - light_ai.storage.database_managers - INFO - database_managers.py:488 - SQLite metadata registry initialized at: /var/folders/q7/s5rjdx2d2ydclz5f2d6lylxc0000gn/T/tmplsfmviud/metadata/registry.db
2026-01-03 22:28:23 - light_ai.storage.database_managers - INFO - database_managers.py:488 - SQLite metadata registry initialized at: /var/folders/q7/s5rjdx2d2ydclz5f2d6lylxc0000gn/T/tmplsfmviud/metadata/registry.db
2026-01-03 22:28:23 - light_ai.storage.database_managers - INFO - database_managers.py:488 - SQLite metadata registry initialized at: /var/folders/q7/s5rjdx2d2ydclz5f2d6lylxc0000gn/T/tmplsfmviud/metadata/registry.db
2026-01-03 22:28:23 - light_ai.storage.directory_manager - INFO - directory_manager.py:54 - Creating directory structure at: /var/folders/q7/s5rjdx2d2ydclz5f2d6lylxc0000gn/T/tmplsfmviud
2026-01-03 22:28:23 - light_ai.storage.directory_manager - INFO - directory_manager.py:68 - Directory structure created successfully
2026-01-03 22:28:23 - light_ai.storage.database_managers - INFO - database_managers.py:488 - SQLite metadata registry initialized at: /var/folders/q7/s5rjdx2d2ydclz5f2d6lylxc0000gn/T/tmplsfmviud/metadata/registry.db
2026-01-03 22:28:23 - light_ai.storage.database_managers - INFO - database_managers.py:488 - SQLite metadata registry initialized at: /var/folders/q7/s5rjdx2d2ydclz5f2d6lylxc0000gn/T/tmplsfmviud/metadata/registry.db
2026-01-03 22:28:23 - light_ai.storage.database_managers - INFO - database_managers.py:488 - SQLite metadata registry initialized at: /var/folders/q7/s5rjdx2d2ydclz5f2d6lylxc0000gn/T/tmplsfmviud/metadata/registry.db
2026-01-03 22:28:23 - light_ai.storage.database_managers - INFO - database_managers.py:488 - SQLite metadata registry initialized at: /var/folders/q7/s5rjdx2d2ydclz5f2d6lylxc0000gn/T/tmplsfmviud/metadata/registry.db
2026-01-03 22:28:23 - light_ai.storage.database_managers - INFO - database_managers.py:488 - SQLite metadata registry initialized at: /var/folders/q7/s5rjdx2d2ydclz5f2d6lylxc0000gn/T/tmplsfmviud/metadata/registry.db
2026-01-03 22:28:23 - light_ai.storage.database_managers - INFO - database_managers.py:488 - SQLite metadata registry initialized at: /var/folders/q7/s5rjdx2d2ydclz5f2d6lylxc0000gn/T/tmplsfmviud/metadata/registry.db
2026-01-03 22:28:23 - light_ai.storage.database_managers - INFO - database_managers.py:488 - SQLite metadata registry initialized at: /var/folders/q7/s5rjdx2d2ydclz5f2d6lylxc0000gn/T/tmplsfmviud/metadata/registry.db
2026-01-03 22:28:23 - light_ai.storage.database_managers - INFO - database_managers.py:488 - SQLite metadata registry initialized at: /var/folders/q7/s5rjdx2d2ydclz5f2d6lylxc0000gn/T/tmplsfmviud/metadata/registry.db
2026-01-03 22:28:23 - light_ai.storage.database_managers - INFO - database_managers.py:488 - SQLite metadata registry initialized at: /var/folders/q7/s5rjdx2d2ydclz5f2d6lylxc0000gn/T/tmplsfmviud/metadata/registry.db
2026-01-03 22:28:23 - light_ai.storage.directory_manager - INFO - directory_manager.py:54 - Creating directory structure at: /var/folders/q7/s5rjdx2d2ydclz5f2d6lylxc0000gn/T/tmplsfmviud
2026-01-03 22:28:23 - light_ai.storage.directory_manager - INFO - directory_manager.py:68 - Directory structure created successfully
2026-01-03 22:28:23 - light_ai.storage.database_managers - INFO - database_managers.py:488 - SQLite metadata registry initialized at: /var/folders/q7/s5rjdx2d2ydclz5f2d6lylxc0000gn/T/tmplsfmviud/metadata/registry.db
2026-01-03 22:28:23 - light_ai.storage.database_managers - INFO - database_managers.py:488 - SQLite metadata registry initialized at: /var/folders/q7/s5rjdx2d2ydclz5f2d6lylxc0000gn/T/tmplsfmviud/metadata/registry.db
2026-01-03 22:28:23 - light_ai.storage.database_managers - INFO - database_managers.py:488 - SQLite metadata registry initialized at: /var/folders/q7/s5rjdx2d2ydclz5f2d6lylxc0000gn/T/tmplsfmviud/metadata/registry.db
2026-01-03 22:28:23 - light_ai.storage.database_managers - INFO - database_managers.py:488 - SQLite metadata registry initialized at: /var/folders/q7/s5rjdx2d2ydclz5f2d6lylxc0000gn/T/tmplsfmviud/metadata/registry.db
2026-01-03 22:28:23 - light_ai.storage.database_managers - INFO - database_managers.py:488 - SQLite metadata registry initialized at: /var/folders/q7/s5rjdx2d2ydclz5f2d6lylxc0000gn/T/tmplsfmviud/metadata/registry.db
2026-01-03 22:28:23 - light_ai.storage.database_managers - INFO - database_managers.py:488 - SQLite metadata registry initialized at: /var/folders/q7/s5rjdx2d2ydclz5f2d6lylxc0000gn/T/tmplsfmviud/metadata/registry.db
2026-01-03 22:28:23 - light_ai.storage.database_managers - INFO - database_managers.py:488 - SQLite metadata registry initialized at: /var/folders/q7/s5rjdx2d2ydclz5f2d6lylxc0000gn/T/tmplsfmviud/metadata/registry.db
2026-01-03 22:28:23 - light_ai.storage.database_managers - INFO - database_managers.py:488 - SQLite metadata registry initialized at: /var/folders/q7/s5rjdx2d2ydclz5f2d6lylxc0000gn/T/tmplsfmviud/metadata/registry.db
2026-01-03 22:28:23 - light_ai.storage.database_managers - INFO - database_managers.py:488 - SQLite metadata registry initialized at: /var/folders/q7/s5rjdx2d2ydclz5f2d6lylxc0000gn/T/tmplsfmviud/metadata/registry.db
2026-01-03 22:28:23 - light_ai.storage.directory_manager - INFO - directory_manager.py:54 - Creating directory structure at: /var/folders/q7/s5rjdx2d2ydclz5f2d6lylxc0000gn/T/tmplsfmviud
2026-01-03 22:28:23 - light_ai.storage.directory_manager - INFO - directory_manager.py:68 - Directory structure created successfully
2026-01-03 22:28:23 - light_ai.storage.database_managers - INFO - database_managers.py:488 - SQLite metadata registry initialized at: /var/folders/q7/s5rjdx2d2ydclz5f2d6lylxc0000gn/T/tmplsfmviud/metadata/registry.db
2026-01-03 22:28:23 - light_ai.storage.database_managers - INFO - database_managers.py:488 - SQLite metadata registry initialized at: /var/folders/q7/s5rjdx2d2ydclz5f2d6lylxc0000gn/T/tmplsfmviud/metadata/registry.db
2026-01-03 22:28:23 - light_ai.storage.database_managers - INFO - database_managers.py:488 - SQLite metadata registry initialized at: /var/folders/q7/s5rjdx2d2ydclz5f2d6lylxc0000gn/T/tmplsfmviud/metadata/registry.db
2026-01-03 22:28:23 - light_ai.storage.database_managers - INFO - database_managers.py:488 - SQLite metadata registry initialized at: /var/folders/q7/s5rjdx2d2ydclz5f2d6lylxc0000gn/T/tmplsfmviud/metadata/registry.db
2026-01-03 22:28:23 - light_ai.storage.database_managers - INFO - database_managers.py:488 - SQLite metadata registry initialized at: /var/folders/q7/s5rjdx2d2ydclz5f2d6lylxc0000gn/T/tmplsfmviud/metadata/registry.db
2026-01-03 22:28:23 - light_ai.storage.database_managers - INFO - database_managers.py:488 - SQLite metadata registry initialized at: /var/folders/q7/s5rjdx2d2ydclz5f2d6lylxc0000gn/T/tmplsfmviud/metadata/registry.db
2026-01-03 22:28:23 - light_ai.storage.database_managers - INFO - database_managers.py:488 - SQLite metadata registry initialized at: /var/folders/q7/s5rjdx2d2ydclz5f2d6lylxc0000gn/T/tmplsfmviud/metadata/registry.db
2026-01-03 22:28:23 - light_ai.storage.database_managers - INFO - database_managers.py:488 - SQLite metadata registry initialized at: /var/folders/q7/s5rjdx2d2ydclz5f2d6lylxc0000gn/T/tmplsfmviud/metadata/registry.db
2026-01-03 22:28:23 - light_ai.storage.database_managers - INFO - database_managers.py:488 - SQLite metadata registry initialized at: /var/folders/q7/s5rjdx2d2ydclz5f2d6lylxc0000gn/T/tmplsfmviud/metadata/registry.db
2026-01-03 22:28:23 - light_ai.storage.directory_manager - INFO - directory_manager.py:54 - Creating directory structure at: /var/folders/q7/s5rjdx2d2ydclz5f2d6lylxc0000gn/T/tmplsfmviud
2026-01-03 22:28:23 - light_ai.storage.directory_manager - INFO - directory_manager.py:68 - Directory structure created successfully
2026-01-03 22:28:23 - light_ai.storage.database_managers - INFO - database_managers.py:488 - SQLite metadata registry initialized at: /var/folders/q7/s5rjdx2d2ydclz5f2d6lylxc0000gn/T/tmplsfmviud/metadata/registry.db
2026-01-03 22:28:23 - light_ai.storage.database_managers - INFO - database_managers.py:488 - SQLite metadata registry initialized at: /var/folders/q7/s5rjdx2d2ydclz5f2d6lylxc0000gn/T/tmplsfmviud/metadata/registry.db
2026-01-03 22:28:23 - light_ai.storage.database_managers - INFO - database_managers.py:488 - SQLite metadata registry initialized at: /var/folders/q7/s5rjdx2d2ydclz5f2d6lylxc0000gn/T/tmplsfmviud/metadata/registry.db
2026-01-03 22:28:23 - light_ai.storage.database_managers - INFO - database_managers.py:488 - SQLite metadata registry initialized at: /var/folders/q7/s5rjdx2d2ydclz5f2d6lylxc0000gn/T/tmplsfmviud/metadata/registry.db
2026-01-03 22:28:23 - light_ai.storage.database_managers - INFO - database_managers.py:488 - SQLite metadata registry initialized at: /var/folders/q7/s5rjdx2d2ydclz5f2d6lylxc0000gn/T/tmplsfmviud/metadata/registry.db
2026-01-03 22:28:23 - light_ai.storage.database_managers - INFO - database_managers.py:488 - SQLite metadata registry initialized at: /var/folders/q7/s5rjdx2d2ydclz5f2d6lylxc0000gn/T/tmplsfmviud/metadata/registry.db
2026-01-03 22:28:23 - light_ai.storage.database_managers - INFO - database_managers.py:488 - SQLite metadata registry initialized at: /var/folders/q7/s5rjdx2d2ydclz5f2d6lylxc0000gn/T/tmplsfmviud/metadata/registry.db
2026-01-03 22:28:23 - light_ai.storage.database_managers - INFO - database_managers.py:488 - SQLite metadata registry initialized at: /var/folders/q7/s5rjdx2d2ydclz5f2d6lylxc0000gn/T/tmplsfmviud/metadata/registry.db
2026-01-03 22:28:23 - light_ai.storage.database_managers - INFO - database_managers.py:488 - SQLite metadata registry initialized at: /var/folders/q7/s5rjdx2d2ydclz5f2d6lylxc0000gn/T/tmplsfmviud/metadata/registry.db
2026-01-03 22:28:23 - light_ai.storage.directory_manager - INFO - directory_manager.py:54 - Creating directory structure at: /var/folders/q7/s5rjdx2d2ydclz5f2d6lylxc0000gn/T/tmplsfmviud
2026-01-03 22:28:23 - light_ai.storage.directory_manager - INFO - directory_manager.py:68 - Directory structure created successfully
2026-01-03 22:28:23 - light_ai.storage.database_managers - INFO - database_managers.py:488 - SQLite metadata registry initialized at: /var/folders/q7/s5rjdx2d2ydclz5f2d6lylxc0000gn/T/tmplsfmviud/metadata/registry.db
2026-01-03 22:28:23 - light_ai.storage.database_managers - INFO - database_managers.py:488 - SQLite metadata registry initialized at: /var/folders/q7/s5rjdx2d2ydclz5f2d6lylxc0000gn/T/tmplsfmviud/metadata/registry.db
2026-01-03 22:28:23 - light_ai.storage.database_managers - INFO - database_managers.py:488 - SQLite metadata registry initialized at: /var/folders/q7/s5rjdx2d2ydclz5f2d6lylxc0000gn/T/tmplsfmviud/metadata/registry.db
2026-01-03 22:28:23 - light_ai.storage.database_managers - INFO - database_managers.py:488 - SQLite metadata registry initialized at: /var/folders/q7/s5rjdx2d2ydclz5f2d6lylxc0000gn/T/tmplsfmviud/metadata/registry.db
2026-01-03 22:28:23 - light_ai.storage.database_managers - INFO - database_managers.py:488 - SQLite metadata registry initialized at: /var/folders/q7/s5rjdx2d2ydclz5f2d6lylxc0000gn/T/tmplsfmviud/metadata/registry.db
2026-01-03 22:28:23 - light_ai.storage.database_managers - INFO - database_managers.py:488 - SQLite metadata registry initialized at: /var/folders/q7/s5rjdx2d2ydclz5f2d6lylxc0000gn/T/tmplsfmviud/metadata/registry.db
2026-01-03 22:28:23 - light_ai.storage.database_managers - INFO - database_managers.py:488 - SQLite metadata registry initialized at: /var/folders/q7/s5rjdx2d2ydclz5f2d6lylxc0000gn/T/tmplsfmviud/metadata/registry.db
2026-01-03 22:28:23 - light_ai.storage.database_managers - INFO - database_managers.py:488 - SQLite metadata registry initialized at: /var/folders/q7/s5rjdx2d2ydclz5f2d6lylxc0000gn/T/tmplsfmviud/metadata/registry.db
2026-01-03 22:28:23 - light_ai.storage.database_managers - INFO - database_managers.py:488 - SQLite metadata registry initialized at: /var/folders/q7/s5rjdx2d2ydclz5f2d6lylxc0000gn/T/tmplsfmviud/metadata/registry.db
2026-01-03 22:28:23 - light_ai.storage.directory_manager - INFO - directory_manager.py:54 - Creating directory structure at: /var/folders/q7/s5rjdx2d2ydclz5f2d6lylxc0000gn/T/tmplsfmviud
2026-01-03 22:28:23 - light_ai.storage.directory_manager - INFO - directory_manager.py:68 - Directory structure created successfully
2026-01-03 22:28:23 - light_ai.storage.database_managers - INFO - database_managers.py:488 - SQLite metadata registry initialized at: /var/folders/q7/s5rjdx2d2ydclz5f2d6lylxc0000gn/T/tmplsfmviud/metadata/registry.db
2026-01-03 22:28:23 - light_ai.storage.database_managers - INFO - database_managers.py:488 - SQLite metadata registry initialized at: /var/folders/q7/s5rjdx2d2ydclz5f2d6lylxc0000gn/T/tmplsfmviud/metadata/registry.db
2026-01-03 22:28:23 - light_ai.storage.database_managers - INFO - database_managers.py:488 - SQLite metadata registry initialized at: /var/folders/q7/s5rjdx2d2ydclz5f2d6lylxc0000gn/T/tmplsfmviud/metadata/registry.db
2026-01-03 22:28:23 - light_ai.storage.database_managers - INFO - database_managers.py:488 - SQLite metadata registry initialized at: /var/folders/q7/s5rjdx2d2ydclz5f2d6lylxc0000gn/T/tmplsfmviud/metadata/registry.db
2026-01-03 22:28:23 - light_ai.storage.database_managers - INFO - database_managers.py:488 - SQLite metadata registry initialized at: /var/folders/q7/s5rjdx2d2ydclz5f2d6lylxc0000gn/T/tmplsfmviud/metadata/registry.db
2026-01-03 22:28:23 - light_ai.storage.database_managers - INFO - database_managers.py:488 - SQLite metadata registry initialized at: /var/folders/q7/s5rjdx2d2ydclz5f2d6lylxc0000gn/T/tmplsfmviud/metadata/registry.db
2026-01-03 22:28:23 - light_ai.storage.database_managers - INFO - database_managers.py:488 - SQLite metadata registry initialized at: /var/folders/q7/s5rjdx2d2ydclz5f2d6lylxc0000gn/T/tmplsfmviud/metadata/registry.db
2026-01-03 22:28:23 - light_ai.storage.database_managers - INFO - database_managers.py:488 - SQLite metadata registry initialized at: /var/folders/q7/s5rjdx2d2ydclz5f2d6lylxc0000gn/T/tmplsfmviud/metadata/registry.db
2026-01-03 22:28:23 - light_ai.storage.database_managers - INFO - database_managers.py:488 - SQLite metadata registry initialized at: /var/folders/q7/s5rjdx2d2ydclz5f2d6lylxc0000gn/T/tmplsfmviud/metadata/registry.db
2026-01-03 22:28:23 - light_ai.storage.directory_manager - INFO - directory_manager.py:54 - Creating directory structure at: /var/folders/q7/s5rjdx2d2ydclz5f2d6lylxc0000gn/T/tmplsfmviud
2026-01-03 22:28:23 - light_ai.storage.directory_manager - INFO - directory_manager.py:68 - Directory structure created successfully
2026-01-03 22:28:23 - light_ai.storage.database_managers - INFO - database_managers.py:488 - SQLite metadata registry initialized at: /var/folders/q7/s5rjdx2d2ydclz5f2d6lylxc0000gn/T/tmplsfmviud/metadata/registry.db
2026-01-03 22:28:23 - light_ai.storage.database_managers - INFO - database_managers.py:488 - SQLite metadata registry initialized at: /var/folders/q7/s5rjdx2d2ydclz5f2d6lylxc0000gn/T/tmplsfmviud/metadata/registry.db
2026-01-03 22:28:23 - light_ai.storage.database_managers - INFO - database_managers.py:488 - SQLite metadata registry initialized at: /var/folders/q7/s5rjdx2d2ydclz5f2d6lylxc0000gn/T/tmplsfmviud/metadata/registry.db
2026-01-03 22:28:23 - light_ai.storage.database_managers - INFO - database_managers.py:488 - SQLite metadata registry initialized at: /var/folders/q7/s5rjdx2d2ydclz5f2d6lylxc0000gn/T/tmplsfmviud/metadata/registry.db
2026-01-03 22:28:23 - light_ai.storage.database_managers - INFO - database_managers.py:488 - SQLite metadata registry initialized at: /var/folders/q7/s5rjdx2d2ydclz5f2d6lylxc0000gn/T/tmplsfmviud/metadata/registry.db
2026-01-03 22:28:23 - light_ai.storage.database_managers - INFO - database_managers.py:488 - SQLite metadata registry initialized at: /var/folders/q7/s5rjdx2d2ydclz5f2d6lylxc0000gn/T/tmplsfmviud/metadata/registry.db
2026-01-03 22:28:23 - light_ai.storage.database_managers - INFO - database_managers.py:488 - SQLite metadata registry initialized at: /var/folders/q7/s5rjdx2d2ydclz5f2d6lylxc0000gn/T/tmplsfmviud/metadata/registry.db
2026-01-03 22:28:23 - light_ai.storage.database_managers - INFO - database_managers.py:488 - SQLite metadata registry initialized at: /var/folders/q7/s5rjdx2d2ydclz5f2d6lylxc0000gn/T/tmplsfmviud/metadata/registry.db
2026-01-03 22:28:23 - light_ai.storage.database_managers - INFO - database_managers.py:488 - SQLite metadata registry initialized at: /var/folders/q7/s5rjdx2d2ydclz5f2d6lylxc0000gn/T/tmplsfmviud/metadata/registry.db
2026-01-03 22:28:23 - light_ai.storage.directory_manager - INFO - directory_manager.py:54 - Creating directory structure at: /var/folders/q7/s5rjdx2d2ydclz5f2d6lylxc0000gn/T/tmplsfmviud
2026-01-03 22:28:23 - light_ai.storage.directory_manager - INFO - directory_manager.py:68 - Directory structure created successfully
2026-01-03 22:28:23 - light_ai.storage.database_managers - INFO - database_managers.py:488 - SQLite metadata registry initialized at: /var/folders/q7/s5rjdx2d2ydclz5f2d6lylxc0000gn/T/tmplsfmviud/metadata/registry.db
2026-01-03 22:28:23 - light_ai.storage.database_managers - INFO - database_managers.py:488 - SQLite metadata registry initialized at: /var/folders/q7/s5rjdx2d2ydclz5f2d6lylxc0000gn/T/tmplsfmviud/metadata/registry.db
2026-01-03 22:28:23 - light_ai.storage.database_managers - INFO - database_managers.py:488 - SQLite metadata registry initialized at: /var/folders/q7/s5rjdx2d2ydclz5f2d6lylxc0000gn/T/tmplsfmviud/metadata/registry.db
2026-01-03 22:28:23 - light_ai.storage.database_managers - INFO - database_managers.py:488 - SQLite metadata registry initialized at: /var/folders/q7/s5rjdx2d2ydclz5f2d6lylxc0000gn/T/tmplsfmviud/metadata/registry.db
2026-01-03 22:28:23 - light_ai.storage.database_managers - INFO - database_managers.py:488 - SQLite metadata registry initialized at: /var/folders/q7/s5rjdx2d2ydclz5f2d6lylxc0000gn/T/tmplsfmviud/metadata/registry.db
2026-01-03 22:28:23 - light_ai.storage.database_managers - INFO - database_managers.py:488 - SQLite metadata registry initialized at: /var/folders/q7/s5rjdx2d2ydclz5f2d6lylxc0000gn/T/tmplsfmviud/metadata/registry.db
2026-01-03 22:28:23 - light_ai.storage.database_managers - INFO - database_managers.py:488 - SQLite metadata registry initialized at: /var/folders/q7/s5rjdx2d2ydclz5f2d6lylxc0000gn/T/tmplsfmviud/metadata/registry.db
2026-01-03 22:28:23 - light_ai.storage.database_managers - INFO - database_managers.py:488 - SQLite metadata registry initialized at: /var/folders/q7/s5rjdx2d2ydclz5f2d6lylxc0000gn/T/tmplsfmviud/metadata/registry.db
2026-01-03 22:28:23 - light_ai.storage.database_managers - INFO - database_managers.py:488 - SQLite metadata registry initialized at: /var/folders/q7/s5rjdx2d2ydclz5f2d6lylxc0000gn/T/tmplsfmviud/metadata/registry.db
2026-01-03 22:28:23 - light_ai.storage.directory_manager - INFO - directory_manager.py:54 - Creating directory structure at: /var/folders/q7/s5rjdx2d2ydclz5f2d6lylxc0000gn/T/tmplsfmviud
2026-01-03 22:28:23 - light_ai.storage.directory_manager - INFO - directory_manager.py:68 - Directory structure created successfully
2026-01-03 22:28:23 - light_ai.storage.database_managers - INFO - database_managers.py:488 - SQLite metadata registry initialized at: /var/folders/q7/s5rjdx2d2ydclz5f2d6lylxc0000gn/T/tmplsfmviud/metadata/registry.db
2026-01-03 22:28:23 - light_ai.storage.database_managers - INFO - database_managers.py:488 - SQLite metadata registry initialized at: /var/folders/q7/s5rjdx2d2ydclz5f2d6lylxc0000gn/T/tmplsfmviud/metadata/registry.db
2026-01-03 22:28:23 - light_ai.storage.database_managers - INFO - database_managers.py:488 - SQLite metadata registry initialized at: /var/folders/q7/s5rjdx2d2ydclz5f2d6lylxc0000gn/T/tmplsfmviud/metadata/registry.db
2026-01-03 22:28:23 - light_ai.storage.database_managers - INFO - database_managers.py:488 - SQLite metadata registry initialized at: /var/folders/q7/s5rjdx2d2ydclz5f2d6lylxc0000gn/T/tmplsfmviud/metadata/registry.db
2026-01-03 22:28:23 - light_ai.storage.database_managers - INFO - database_managers.py:488 - SQLite metadata registry initialized at: /var/folders/q7/s5rjdx2d2ydclz5f2d6lylxc0000gn/T/tmplsfmviud/metadata/registry.db
2026-01-03 22:28:23 - light_ai.storage.database_managers - INFO - database_managers.py:488 - SQLite metadata registry initialized at: /var/folders/q7/s5rjdx2d2ydclz5f2d6lylxc0000gn/T/tmplsfmviud/metadata/registry.db
2026-01-03 22:28:23 - light_ai.storage.database_managers - INFO - database_managers.py:488 - SQLite metadata registry initialized at: /var/folders/q7/s5rjdx2d2ydclz5f2d6lylxc0000gn/T/tmplsfmviud/metadata/registry.db
2026-01-03 22:28:23 - light_ai.storage.database_managers - INFO - database_managers.py:488 - SQLite metadata registry initialized at: /var/folders/q7/s5rjdx2d2ydclz5f2d6lylxc0000gn/T/tmplsfmviud/metadata/registry.db
2026-01-03 22:28:23 - light_ai.storage.database_managers - INFO - database_managers.py:488 - SQLite metadata registry initialized at: /var/folders/q7/s5rjdx2d2ydclz5f2d6lylxc0000gn/T/tmplsfmviud/metadata/registry.db
2026-01-03 22:28:23 - light_ai.storage.directory_manager - INFO - directory_manager.py:54 - Creating directory structure at: /var/folders/q7/s5rjdx2d2ydclz5f2d6lylxc0000gn/T/tmplsfmviud
2026-01-03 22:28:23 - light_ai.storage.directory_manager - INFO - directory_manager.py:68 - Directory structure created successfully
2026-01-03 22:28:23 - light_ai.storage.database_managers - INFO - database_managers.py:488 - SQLite metadata registry initialized at: /var/folders/q7/s5rjdx2d2ydclz5f2d6lylxc0000gn/T/tmplsfmviud/metadata/registry.db
2026-01-03 22:28:23 - light_ai.storage.database_managers - INFO - database_managers.py:488 - SQLite metadata registry initialized at: /var/folders/q7/s5rjdx2d2ydclz5f2d6lylxc0000gn/T/tmplsfmviud/metadata/registry.db
2026-01-03 22:28:23 - light_ai.storage.database_managers - INFO - database_managers.py:488 - SQLite metadata registry initialized at: /var/folders/q7/s5rjdx2d2ydclz5f2d6lylxc0000gn/T/tmplsfmviud/metadata/registry.db
2026-01-03 22:28:23 - light_ai.storage.database_managers - INFO - database_managers.py:488 - SQLite metadata registry initialized at: /var/folders/q7/s5rjdx2d2ydclz5f2d6lylxc0000gn/T/tmplsfmviud/metadata/registry.db
2026-01-03 22:28:23 - light_ai.storage.database_managers - INFO - database_managers.py:488 - SQLite metadata registry initialized at: /var/folders/q7/s5rjdx2d2ydclz5f2d6lylxc0000gn/T/tmplsfmviud/metadata/registry.db
2026-01-03 22:28:23 - light_ai.storage.database_managers - INFO - database_managers.py:488 - SQLite metadata registry initialized at: /var/folders/q7/s5rjdx2d2ydclz5f2d6lylxc0000gn/T/tmplsfmviud/metadata/registry.db
2026-01-03 22:28:23 - light_ai.storage.database_managers - INFO - database_managers.py:488 - SQLite metadata registry initialized at: /var/folders/q7/s5rjdx2d2ydclz5f2d6lylxc0000gn/T/tmplsfmviud/metadata/registry.db
2026-01-03 22:28:23 - light_ai.storage.database_managers - INFO - database_managers.py:488 - SQLite metadata registry initialized at: /var/folders/q7/s5rjdx2d2ydclz5f2d6lylxc0000gn/T/tmplsfmviud/metadata/registry.db
2026-01-03 22:28:23 - light_ai.storage.database_managers - INFO - database_managers.py:488 - SQLite metadata registry initialized at: /var/folders/q7/s5rjdx2d2ydclz5f2d6lylxc0000gn/T/tmplsfmviud/metadata/registry.db
2026-01-03 22:28:23 - light_ai.storage.directory_manager - INFO - directory_manager.py:54 - Creating directory structure at: /var/folders/q7/s5rjdx2d2ydclz5f2d6lylxc0000gn/T/tmplsfmviud
2026-01-03 22:28:23 - light_ai.storage.directory_manager - INFO - directory_manager.py:68 - Directory structure created successfully
2026-01-03 22:28:23 - light_ai.storage.database_managers - INFO - database_managers.py:488 - SQLite metadata registry initialized at: /var/folders/q7/s5rjdx2d2ydclz5f2d6lylxc0000gn/T/tmplsfmviud/metadata/registry.db
2026-01-03 22:28:23 - light_ai.storage.database_managers - INFO - database_managers.py:488 - SQLite metadata registry initialized at: /var/folders/q7/s5rjdx2d2ydclz5f2d6lylxc0000gn/T/tmplsfmviud/metadata/registry.db
2026-01-03 22:28:23 - light_ai.storage.database_managers - INFO - database_managers.py:488 - SQLite metadata registry initialized at: /var/folders/q7/s5rjdx2d2ydclz5f2d6lylxc0000gn/T/tmplsfmviud/metadata/registry.db
2026-01-03 22:28:23 - light_ai.storage.database_managers - INFO - database_managers.py:488 - SQLite metadata registry initialized at: /var/folders/q7/s5rjdx2d2ydclz5f2d6lylxc0000gn/T/tmplsfmviud/metadata/registry.db
2026-01-03 22:28:23 - light_ai.storage.database_managers - INFO - database_managers.py:488 - SQLite metadata registry initialized at: /var/folders/q7/s5rjdx2d2ydclz5f2d6lylxc0000gn/T/tmplsfmviud/metadata/registry.db
2026-01-03 22:28:23 - light_ai.storage.database_managers - INFO - database_managers.py:488 - SQLite metadata registry initialized at: /var/folders/q7/s5rjdx2d2ydclz5f2d6lylxc0000gn/T/tmplsfmviud/metadata/registry.db
2026-01-03 22:28:23 - light_ai.storage.database_managers - INFO - database_managers.py:488 - SQLite metadata registry initialized at: /var/folders/q7/s5rjdx2d2ydclz5f2d6lylxc0000gn/T/tmplsfmviud/metadata/registry.db
2026-01-03 22:28:23 - light_ai.storage.database_managers - INFO - database_managers.py:488 - SQLite metadata registry initialized at: /var/folders/q7/s5rjdx2d2ydclz5f2d6lylxc0000gn/T/tmplsfmviud/metadata/registry.db
2026-01-03 22:28:23 - light_ai.storage.database_managers - INFO - database_managers.py:488 - SQLite metadata registry initialized at: /var/folders/q7/s5rjdx2d2ydclz5f2d6lylxc0000gn/T/tmplsfmviud/metadata/registry.db
2026-01-03 22:28:23 - light_ai.storage.directory_manager - INFO - directory_manager.py:54 - Creating directory structure at: /var/folders/q7/s5rjdx2d2ydclz5f2d6lylxc0000gn/T/tmplsfmviud
2026-01-03 22:28:23 - light_ai.storage.directory_manager - INFO - directory_manager.py:68 - Directory structure created successfully
2026-01-03 22:28:23 - light_ai.storage.database_managers - INFO - database_managers.py:488 - SQLite metadata registry initialized at: /var/folders/q7/s5rjdx2d2ydclz5f2d6lylxc0000gn/T/tmplsfmviud/metadata/registry.db
2026-01-03 22:28:23 - light_ai.storage.database_managers - INFO - database_managers.py:488 - SQLite metadata registry initialized at: /var/folders/q7/s5rjdx2d2ydclz5f2d6lylxc0000gn/T/tmplsfmviud/metadata/registry.db
2026-01-03 22:28:23 - light_ai.storage.database_managers - INFO - database_managers.py:488 - SQLite metadata registry initialized at: /var/folders/q7/s5rjdx2d2ydclz5f2d6lylxc0000gn/T/tmplsfmviud/metadata/registry.db
2026-01-03 22:28:23 - light_ai.storage.database_managers - INFO - database_managers.py:488 - SQLite metadata registry initialized at: /var/folders/q7/s5rjdx2d2ydclz5f2d6lylxc0000gn/T/tmplsfmviud/metadata/registry.db
2026-01-03 22:28:23 - light_ai.storage.database_managers - INFO - database_managers.py:488 - SQLite metadata registry initialized at: /var/folders/q7/s5rjdx2d2ydclz5f2d6lylxc0000gn/T/tmplsfmviud/metadata/registry.db
2026-01-03 22:28:23 - light_ai.storage.database_managers - INFO - database_managers.py:488 - SQLite metadata registry initialized at: /var/folders/q7/s5rjdx2d2ydclz5f2d6lylxc0000gn/T/tmplsfmviud/metadata/registry.db
2026-01-03 22:28:23 - light_ai.storage.database_managers - INFO - database_managers.py:488 - SQLite metadata registry initialized at: /var/folders/q7/s5rjdx2d2ydclz5f2d6lylxc0000gn/T/tmplsfmviud/metadata/registry.db
2026-01-03 22:28:23 - light_ai.storage.database_managers - INFO - database_managers.py:488 - SQLite metadata registry initialized at: /var/folders/q7/s5rjdx2d2ydclz5f2d6lylxc0000gn/T/tmplsfmviud/metadata/registry.db
2026-01-03 22:28:23 - light_ai.storage.database_managers - INFO - database_managers.py:488 - SQLite metadata registry initialized at: /var/folders/q7/s5rjdx2d2ydclz5f2d6lylxc0000gn/T/tmplsfmviud/metadata/registry.db
2026-01-03 22:28:23 - light_ai.storage.directory_manager - INFO - directory_manager.py:54 - Creating directory structure at: /var/folders/q7/s5rjdx2d2ydclz5f2d6lylxc0000gn/T/tmplsfmviud
2026-01-03 22:28:23 - light_ai.storage.directory_manager - INFO - directory_manager.py:68 - Directory structure created successfully
2026-01-03 22:28:23 - light_ai.storage.database_managers - INFO - database_managers.py:488 - SQLite metadata registry initialized at: /var/folders/q7/s5rjdx2d2ydclz5f2d6lylxc0000gn/T/tmplsfmviud/metadata/registry.db
2026-01-03 22:28:23 - light_ai.storage.database_managers - INFO - database_managers.py:488 - SQLite metadata registry initialized at: /var/folders/q7/s5rjdx2d2ydclz5f2d6lylxc0000gn/T/tmplsfmviud/metadata/registry.db
2026-01-03 22:28:23 - light_ai.storage.database_managers - INFO - database_managers.py:488 - SQLite metadata registry initialized at: /var/folders/q7/s5rjdx2d2ydclz5f2d6lylxc0000gn/T/tmplsfmviud/metadata/registry.db
2026-01-03 22:28:23 - light_ai.storage.database_managers - INFO - database_managers.py:488 - SQLite metadata registry initialized at: /var/folders/q7/s5rjdx2d2ydclz5f2d6lylxc0000gn/T/tmplsfmviud/metadata/registry.db
2026-01-03 22:28:23 - light_ai.storage.database_managers - INFO - database_managers.py:488 - SQLite metadata registry initialized at: /var/folders/q7/s5rjdx2d2ydclz5f2d6lylxc0000gn/T/tmplsfmviud/metadata/registry.db
2026-01-03 22:28:23 - light_ai.storage.database_managers - INFO - database_managers.py:488 - SQLite metadata registry initialized at: /var/folders/q7/s5rjdx2d2ydclz5f2d6lylxc0000gn/T/tmplsfmviud/metadata/registry.db
2026-01-03 22:28:23 - light_ai.storage.database_managers - INFO - database_managers.py:488 - SQLite metadata registry initialized at: /var/folders/q7/s5rjdx2d2ydclz5f2d6lylxc0000gn/T/tmplsfmviud/metadata/registry.db
2026-01-03 22:28:23 - light_ai.storage.database_managers - INFO - database_managers.py:488 - SQLite metadata registry initialized at: /var/folders/q7/s5rjdx2d2ydclz5f2d6lylxc0000gn/T/tmplsfmviud/metadata/registry.db
2026-01-03 22:28:23 - light_ai.storage.database_managers - INFO - database_managers.py:488 - SQLite metadata registry initialized at: /var/folders/q7/s5rjdx2d2ydclz5f2d6lylxc0000gn/T/tmplsfmviud/metadata/registry.db
2026-01-03 22:28:23 - light_ai.storage.directory_manager - INFO - directory_manager.py:54 - Creating directory structure at: /var/folders/q7/s5rjdx2d2ydclz5f2d6lylxc0000gn/T/tmplsfmviud
2026-01-03 22:28:23 - light_ai.storage.directory_manager - INFO - directory_manager.py:68 - Directory structure created successfully
2026-01-03 22:28:23 - light_ai.storage.database_managers - INFO - database_managers.py:488 - SQLite metadata registry initialized at: /var/folders/q7/s5rjdx2d2ydclz5f2d6lylxc0000gn/T/tmplsfmviud/metadata/registry.db
2026-01-03 22:28:23 - light_ai.storage.database_managers - INFO - database_managers.py:488 - SQLite metadata registry initialized at: /var/folders/q7/s5rjdx2d2ydclz5f2d6lylxc0000gn/T/tmplsfmviud/metadata/registry.db
2026-01-03 22:28:23 - light_ai.storage.database_managers - INFO - database_managers.py:488 - SQLite metadata registry initialized at: /var/folders/q7/s5rjdx2d2ydclz5f2d6lylxc0000gn/T/tmplsfmviud/metadata/registry.db
2026-01-03 22:28:23 - light_ai.storage.database_managers - INFO - database_managers.py:488 - SQLite metadata registry initialized at: /var/folders/q7/s5rjdx2d2ydclz5f2d6lylxc0000gn/T/tmplsfmviud/metadata/registry.db
2026-01-03 22:28:23 - light_ai.storage.database_managers - INFO - database_managers.py:488 - SQLite metadata registry initialized at: /var/folders/q7/s5rjdx2d2ydclz5f2d6lylxc0000gn/T/tmplsfmviud/metadata/registry.db
2026-01-03 22:28:23 - light_ai.storage.database_managers - INFO - database_managers.py:488 - SQLite metadata registry initialized at: /var/folders/q7/s5rjdx2d2ydclz5f2d6lylxc0000gn/T/tmplsfmviud/metadata/registry.db
2026-01-03 22:28:23 - light_ai.storage.database_managers - INFO - database_managers.py:488 - SQLite metadata registry initialized at: /var/folders/q7/s5rjdx2d2ydclz5f2d6lylxc0000gn/T/tmplsfmviud/metadata/registry.db
2026-01-03 22:28:23 - light_ai.storage.database_managers - INFO - database_managers.py:488 - SQLite metadata registry initialized at: /var/folders/q7/s5rjdx2d2ydclz5f2d6lylxc0000gn/T/tmplsfmviud/metadata/registry.db
2026-01-03 22:28:23 - light_ai.storage.database_managers - INFO - database_managers.py:488 - SQLite metadata registry initialized at: /var/folders/q7/s5rjdx2d2ydclz5f2d6lylxc0000gn/T/tmplsfmviud/metadata/registry.db
2026-01-03 22:28:23 - light_ai.storage.directory_manager - INFO - directory_manager.py:54 - Creating directory structure at: /var/folders/q7/s5rjdx2d2ydclz5f2d6lylxc0000gn/T/tmplsfmviud
2026-01-03 22:28:23 - light_ai.storage.directory_manager - INFO - directory_manager.py:68 - Directory structure created successfully
2026-01-03 22:28:23 - light_ai.storage.database_managers - INFO - database_managers.py:488 - SQLite metadata registry initialized at: /var/folders/q7/s5rjdx2d2ydclz5f2d6lylxc0000gn/T/tmplsfmviud/metadata/registry.db
2026-01-03 22:28:23 - light_ai.storage.database_managers - INFO - database_managers.py:488 - SQLite metadata registry initialized at: /var/folders/q7/s5rjdx2d2ydclz5f2d6lylxc0000gn/T/tmplsfmviud/metadata/registry.db
2026-01-03 22:28:23 - light_ai.storage.database_managers - INFO - database_managers.py:488 - SQLite metadata registry initialized at: /var/folders/q7/s5rjdx2d2ydclz5f2d6lylxc0000gn/T/tmplsfmviud/metadata/registry.db
2026-01-03 22:28:23 - light_ai.storage.database_managers - INFO - database_managers.py:488 - SQLite metadata registry initialized at: /var/folders/q7/s5rjdx2d2ydclz5f2d6lylxc0000gn/T/tmplsfmviud/metadata/registry.db
2026-01-03 22:28:23 - light_ai.storage.database_managers - INFO - database_managers.py:488 - SQLite metadata registry initialized at: /var/folders/q7/s5rjdx2d2ydclz5f2d6lylxc0000gn/T/tmplsfmviud/metadata/registry.db
2026-01-03 22:28:23 - light_ai.storage.database_managers - INFO - database_managers.py:488 - SQLite metadata registry initialized at: /var/folders/q7/s5rjdx2d2ydclz5f2d6lylxc0000gn/T/tmplsfmviud/metadata/registry.db
2026-01-03 22:28:23 - light_ai.storage.database_managers - INFO - database_managers.py:488 - SQLite metadata registry initialized at: /var/folders/q7/s5rjdx2d2ydclz5f2d6lylxc0000gn/T/tmplsfmviud/metadata/registry.db
2026-01-03 22:28:23 - light_ai.storage.database_managers - INFO - database_managers.py:488 - SQLite metadata registry initialized at: /var/folders/q7/s5rjdx2d2ydclz5f2d6lylxc0000gn/T/tmplsfmviud/metadata/registry.db
2026-01-03 22:28:23 - light_ai.storage.database_managers - INFO - database_managers.py:488 - SQLite metadata registry initialized at: /var/folders/q7/s5rjdx2d2ydclz5f2d6lylxc0000gn/T/tmplsfmviud/metadata/registry.db
2026-01-03 22:28:23 - light_ai.storage.directory_manager - INFO - directory_manager.py:54 - Creating directory structure at: /var/folders/q7/s5rjdx2d2ydclz5f2d6lylxc0000gn/T/tmplsfmviud
2026-01-03 22:28:23 - light_ai.storage.directory_manager - INFO - directory_manager.py:68 - Directory structure created successfully
2026-01-03 22:28:23 - light_ai.storage.database_managers - INFO - database_managers.py:488 - SQLite metadata registry initialized at: /var/folders/q7/s5rjdx2d2ydclz5f2d6lylxc0000gn/T/tmplsfmviud/metadata/registry.db
2026-01-03 22:28:23 - light_ai.storage.database_managers - INFO - database_managers.py:488 - SQLite metadata registry initialized at: /var/folders/q7/s5rjdx2d2ydclz5f2d6lylxc0000gn/T/tmplsfmviud/metadata/registry.db
2026-01-03 22:28:23 - light_ai.storage.database_managers - INFO - database_managers.py:488 - SQLite metadata registry initialized at: /var/folders/q7/s5rjdx2d2ydclz5f2d6lylxc0000gn/T/tmplsfmviud/metadata/registry.db
2026-01-03 22:28:23 - light_ai.storage.database_managers - INFO - database_managers.py:488 - SQLite metadata registry initialized at: /var/folders/q7/s5rjdx2d2ydclz5f2d6lylxc0000gn/T/tmplsfmviud/metadata/registry.db
2026-01-03 22:28:23 - light_ai.storage.database_managers - INFO - database_managers.py:488 - SQLite metadata registry initialized at: /var/folders/q7/s5rjdx2d2ydclz5f2d6lylxc0000gn/T/tmplsfmviud/metadata/registry.db
2026-01-03 22:28:23 - light_ai.storage.database_managers - INFO - database_managers.py:488 - SQLite metadata registry initialized at: /var/folders/q7/s5rjdx2d2ydclz5f2d6lylxc0000gn/T/tmplsfmviud/metadata/registry.db
2026-01-03 22:28:23 - light_ai.storage.database_managers - INFO - database_managers.py:488 - SQLite metadata registry initialized at: /var/folders/q7/s5rjdx2d2ydclz5f2d6lylxc0000gn/T/tmplsfmviud/metadata/registry.db
2026-01-03 22:28:23 - light_ai.storage.database_managers - INFO - database_managers.py:488 - SQLite metadata registry initialized at: /var/folders/q7/s5rjdx2d2ydclz5f2d6lylxc0000gn/T/tmplsfmviud/metadata/registry.db
2026-01-03 22:28:23 - light_ai.storage.database_managers - INFO - database_managers.py:488 - SQLite metadata registry initialized at: /var/folders/q7/s5rjdx2d2ydclz5f2d6lylxc0000gn/T/tmplsfmviud/metadata/registry.db
2026-01-03 22:28:23 - light_ai.storage.directory_manager - INFO - directory_manager.py:54 - Creating directory structure at: /var/folders/q7/s5rjdx2d2ydclz5f2d6lylxc0000gn/T/tmplsfmviud
2026-01-03 22:28:23 - light_ai.storage.directory_manager - INFO - directory_manager.py:68 - Directory structure created successfully
2026-01-03 22:28:23 - light_ai.storage.database_managers - INFO - database_managers.py:488 - SQLite metadata registry initialized at: /var/folders/q7/s5rjdx2d2ydclz5f2d6lylxc0000gn/T/tmplsfmviud/metadata/registry.db
2026-01-03 22:28:23 - light_ai.storage.database_managers - INFO - database_managers.py:488 - SQLite metadata registry initialized at: /var/folders/q7/s5rjdx2d2ydclz5f2d6lylxc0000gn/T/tmplsfmviud/metadata/registry.db
2026-01-03 22:28:23 - light_ai.storage.database_managers - INFO - database_managers.py:488 - SQLite metadata registry initialized at: /var/folders/q7/s5rjdx2d2ydclz5f2d6lylxc0000gn/T/tmplsfmviud/metadata/registry.db
2026-01-03 22:28:23 - light_ai.storage.database_managers - INFO - database_managers.py:488 - SQLite metadata registry initialized at: /var/folders/q7/s5rjdx2d2ydclz5f2d6lylxc0000gn/T/tmplsfmviud/metadata/registry.db
2026-01-03 22:28:23 - light_ai.storage.database_managers - INFO - database_managers.py:488 - SQLite metadata registry initialized at: /var/folders/q7/s5rjdx2d2ydclz5f2d6lylxc0000gn/T/tmplsfmviud/metadata/registry.db
2026-01-03 22:28:23 - light_ai.storage.database_managers - INFO - database_managers.py:488 - SQLite metadata registry initialized at: /var/folders/q7/s5rjdx2d2ydclz5f2d6lylxc0000gn/T/tmplsfmviud/metadata/registry.db
2026-01-03 22:28:23 - light_ai.storage.database_managers - INFO - database_managers.py:488 - SQLite metadata registry initialized at: /var/folders/q7/s5rjdx2d2ydclz5f2d6lylxc0000gn/T/tmplsfmviud/metadata/registry.db
2026-01-03 22:28:23 - light_ai.storage.database_managers - INFO - database_managers.py:488 - SQLite metadata registry initialized at: /var/folders/q7/s5rjdx2d2ydclz5f2d6lylxc0000gn/T/tmplsfmviud/metadata/registry.db
2026-01-03 22:28:23 - light_ai.storage.database_managers - INFO - database_managers.py:488 - SQLite metadata registry initialized at: /var/folders/q7/s5rjdx2d2ydclz5f2d6lylxc0000gn/T/tmplsfmviud/metadata/registry.db
2026-01-03 22:28:23 - light_ai.storage.directory_manager - INFO - directory_manager.py:54 - Creating directory structure at: /var/folders/q7/s5rjdx2d2ydclz5f2d6lylxc0000gn/T/tmplsfmviud
2026-01-03 22:28:23 - light_ai.storage.directory_manager - INFO - directory_manager.py:68 - Directory structure created successfully
2026-01-03 22:28:23 - light_ai.storage.database_managers - INFO - database_managers.py:488 - SQLite metadata registry initialized at: /var/folders/q7/s5rjdx2d2ydclz5f2d6lylxc0000gn/T/tmplsfmviud/metadata/registry.db
2026-01-03 22:28:23 - light_ai.storage.database_managers - INFO - database_managers.py:488 - SQLite metadata registry initialized at: /var/folders/q7/s5rjdx2d2ydclz5f2d6lylxc0000gn/T/tmplsfmviud/metadata/registry.db
2026-01-03 22:28:23 - light_ai.storage.database_managers - INFO - database_managers.py:488 - SQLite metadata registry initialized at: /var/folders/q7/s5rjdx2d2ydclz5f2d6lylxc0000gn/T/tmplsfmviud/metadata/registry.db
2026-01-03 22:28:23 - light_ai.storage.database_managers - INFO - database_managers.py:488 - SQLite metadata registry initialized at: /var/folders/q7/s5rjdx2d2ydclz5f2d6lylxc0000gn/T/tmplsfmviud/metadata/registry.db
2026-01-03 22:28:23 - light_ai.storage.database_managers - INFO - database_managers.py:488 - SQLite metadata registry initialized at: /var/folders/q7/s5rjdx2d2ydclz5f2d6lylxc0000gn/T/tmplsfmviud/metadata/registry.db
2026-01-03 22:28:23 - light_ai.storage.database_managers - INFO - database_managers.py:488 - SQLite metadata registry initialized at: /var/folders/q7/s5rjdx2d2ydclz5f2d6lylxc0000gn/T/tmplsfmviud/metadata/registry.db
2026-01-03 22:28:23 - light_ai.storage.database_managers - INFO - database_managers.py:488 - SQLite metadata registry initialized at: /var/folders/q7/s5rjdx2d2ydclz5f2d6lylxc0000gn/T/tmplsfmviud/metadata/registry.db
2026-01-03 22:28:23 - light_ai.storage.database_managers - INFO - database_managers.py:488 - SQLite metadata registry initialized at: /var/folders/q7/s5rjdx2d2ydclz5f2d6lylxc0000gn/T/tmplsfmviud/metadata/registry.db
2026-01-03 22:28:23 - light_ai.storage.database_managers - INFO - database_managers.py:488 - SQLite metadata registry initialized at: /var/folders/q7/s5rjdx2d2ydclz5f2d6lylxc0000gn/T/tmplsfmviud/metadata/registry.db
2026-01-03 22:28:23 - light_ai.storage.directory_manager - INFO - directory_manager.py:54 - Creating directory structure at: /var/folders/q7/s5rjdx2d2ydclz5f2d6lylxc0000gn/T/tmplsfmviud
2026-01-03 22:28:23 - light_ai.storage.directory_manager - INFO - directory_manager.py:68 - Directory structure created successfully
2026-01-03 22:28:23 - light_ai.storage.database_managers - INFO - database_managers.py:488 - SQLite metadata registry initialized at: /var/folders/q7/s5rjdx2d2ydclz5f2d6lylxc0000gn/T/tmplsfmviud/metadata/registry.db
2026-01-03 22:28:23 - light_ai.storage.database_managers - INFO - database_managers.py:488 - SQLite metadata registry initialized at: /var/folders/q7/s5rjdx2d2ydclz5f2d6lylxc0000gn/T/tmplsfmviud/metadata/registry.db
2026-01-03 22:28:23 - light_ai.storage.database_managers - INFO - database_managers.py:488 - SQLite metadata registry initialized at: /var/folders/q7/s5rjdx2d2ydclz5f2d6lylxc0000gn/T/tmplsfmviud/metadata/registry.db
2026-01-03 22:28:23 - light_ai.storage.database_managers - INFO - database_managers.py:488 - SQLite metadata registry initialized at: /var/folders/q7/s5rjdx2d2ydclz5f2d6lylxc0000gn/T/tmplsfmviud/metadata/registry.db
2026-01-03 22:28:23 - light_ai.storage.database_managers - INFO - database_managers.py:488 - SQLite metadata registry initialized at: /var/folders/q7/s5rjdx2d2ydclz5f2d6lylxc0000gn/T/tmplsfmviud/metadata/registry.db
2026-01-03 22:28:23 - light_ai.storage.database_managers - INFO - database_managers.py:488 - SQLite metadata registry initialized at: /var/folders/q7/s5rjdx2d2ydclz5f2d6lylxc0000gn/T/tmplsfmviud/metadata/registry.db
2026-01-03 22:28:23 - light_ai.storage.database_managers - INFO - database_managers.py:488 - SQLite metadata registry initialized at: /var/folders/q7/s5rjdx2d2ydclz5f2d6lylxc0000gn/T/tmplsfmviud/metadata/registry.db
2026-01-03 22:28:23 - light_ai.storage.database_managers - INFO - database_managers.py:488 - SQLite metadata registry initialized at: /var/folders/q7/s5rjdx2d2ydclz5f2d6lylxc0000gn/T/tmplsfmviud/metadata/registry.db
2026-01-03 22:28:23 - light_ai.storage.database_managers - INFO - database_managers.py:488 - SQLite metadata registry initialized at: /var/folders/q7/s5rjdx2d2ydclz5f2d6lylxc0000gn/T/tmplsfmviud/metadata/registry.db
2026-01-03 22:28:23 - light_ai.storage.directory_manager - INFO - directory_manager.py:54 - Creating directory structure at: /var/folders/q7/s5rjdx2d2ydclz5f2d6lylxc0000gn/T/tmplsfmviud
2026-01-03 22:28:23 - light_ai.storage.directory_manager - INFO - directory_manager.py:68 - Directory structure created successfully
2026-01-03 22:28:23 - light_ai.storage.database_managers - INFO - database_managers.py:488 - SQLite metadata registry initialized at: /var/folders/q7/s5rjdx2d2ydclz5f2d6lylxc0000gn/T/tmplsfmviud/metadata/registry.db
2026-01-03 22:28:23 - light_ai.storage.database_managers - INFO - database_managers.py:488 - SQLite metadata registry initialized at: /var/folders/q7/s5rjdx2d2ydclz5f2d6lylxc0000gn/T/tmplsfmviud/metadata/registry.db
2026-01-03 22:28:23 - light_ai.storage.database_managers - INFO - database_managers.py:488 - SQLite metadata registry initialized at: /var/folders/q7/s5rjdx2d2ydclz5f2d6lylxc0000gn/T/tmplsfmviud/metadata/registry.db
2026-01-03 22:28:23 - light_ai.storage.database_managers - INFO - database_managers.py:488 - SQLite metadata registry initialized at: /var/folders/q7/s5rjdx2d2ydclz5f2d6lylxc0000gn/T/tmplsfmviud/metadata/registry.db
2026-01-03 22:28:23 - light_ai.storage.database_managers - INFO - database_managers.py:488 - SQLite metadata registry initialized at: /var/folders/q7/s5rjdx2d2ydclz5f2d6lylxc0000gn/T/tmplsfmviud/metadata/registry.db
2026-01-03 22:28:23 - light_ai.storage.database_managers - INFO - database_managers.py:488 - SQLite metadata registry initialized at: /var/folders/q7/s5rjdx2d2ydclz5f2d6lylxc0000gn/T/tmplsfmviud/metadata/registry.db
2026-01-03 22:28:23 - light_ai.storage.database_managers - INFO - database_managers.py:488 - SQLite metadata registry initialized at: /var/folders/q7/s5rjdx2d2ydclz5f2d6lylxc0000gn/T/tmplsfmviud/metadata/registry.db
2026-01-03 22:28:23 - light_ai.storage.database_managers - INFO - database_managers.py:488 - SQLite metadata registry initialized at: /var/folders/q7/s5rjdx2d2ydclz5f2d6lylxc0000gn/T/tmplsfmviud/metadata/registry.db
2026-01-03 22:28:23 - light_ai.storage.database_managers - INFO - database_managers.py:488 - SQLite metadata registry initialized at: /var/folders/q7/s5rjdx2d2ydclz5f2d6lylxc0000gn/T/tmplsfmviud/metadata/registry.db
2026-01-03 22:28:23 - light_ai.storage.directory_manager - INFO - directory_manager.py:54 - Creating directory structure at: /var/folders/q7/s5rjdx2d2ydclz5f2d6lylxc0000gn/T/tmplsfmviud
2026-01-03 22:28:23 - light_ai.storage.directory_manager - INFO - directory_manager.py:68 - Directory structure created successfully
2026-01-03 22:28:23 - light_ai.storage.database_managers - INFO - database_managers.py:488 - SQLite metadata registry initialized at: /var/folders/q7/s5rjdx2d2ydclz5f2d6lylxc0000gn/T/tmplsfmviud/metadata/registry.db
2026-01-03 22:28:23 - light_ai.storage.database_managers - INFO - database_managers.py:488 - SQLite metadata registry initialized at: /var/folders/q7/s5rjdx2d2ydclz5f2d6lylxc0000gn/T/tmplsfmviud/metadata/registry.db
2026-01-03 22:28:23 - light_ai.storage.database_managers - INFO - database_managers.py:488 - SQLite metadata registry initialized at: /var/folders/q7/s5rjdx2d2ydclz5f2d6lylxc0000gn/T/tmplsfmviud/metadata/registry.db
2026-01-03 22:28:23 - light_ai.storage.database_managers - INFO - database_managers.py:488 - SQLite metadata registry initialized at: /var/folders/q7/s5rjdx2d2ydclz5f2d6lylxc0000gn/T/tmplsfmviud/metadata/registry.db
2026-01-03 22:28:23 - light_ai.storage.database_managers - INFO - database_managers.py:488 - SQLite metadata registry initialized at: /var/folders/q7/s5rjdx2d2ydclz5f2d6lylxc0000gn/T/tmplsfmviud/metadata/registry.db
2026-01-03 22:28:23 - light_ai.storage.database_managers - INFO - database_managers.py:488 - SQLite metadata registry initialized at: /var/folders/q7/s5rjdx2d2ydclz5f2d6lylxc0000gn/T/tmplsfmviud/metadata/registry.db
2026-01-03 22:28:23 - light_ai.storage.database_managers - INFO - database_managers.py:488 - SQLite metadata registry initialized at: /var/folders/q7/s5rjdx2d2ydclz5f2d6lylxc0000gn/T/tmplsfmviud/metadata/registry.db
2026-01-03 22:28:23 - light_ai.storage.database_managers - INFO - database_managers.py:488 - SQLite metadata registry initialized at: /var/folders/q7/s5rjdx2d2ydclz5f2d6lylxc0000gn/T/tmplsfmviud/metadata/registry.db
2026-01-03 22:28:23 - light_ai.storage.database_managers - INFO - database_managers.py:488 - SQLite metadata registry initialized at: /var/folders/q7/s5rjdx2d2ydclz5f2d6lylxc0000gn/T/tmplsfmviud/metadata/registry.db
2026-01-03 22:28:23 - light_ai.storage.directory_manager - INFO - directory_manager.py:54 - Creating directory structure at: /var/folders/q7/s5rjdx2d2ydclz5f2d6lylxc0000gn/T/tmplsfmviud
2026-01-03 22:28:23 - light_ai.storage.directory_manager - INFO - directory_manager.py:68 - Directory structure created successfully
2026-01-03 22:28:23 - light_ai.storage.database_managers - INFO - database_managers.py:488 - SQLite metadata registry initialized at: /var/folders/q7/s5rjdx2d2ydclz5f2d6lylxc0000gn/T/tmplsfmviud/metadata/registry.db
2026-01-03 22:28:23 - light_ai.storage.database_managers - INFO - database_managers.py:488 - SQLite metadata registry initialized at: /var/folders/q7/s5rjdx2d2ydclz5f2d6lylxc0000gn/T/tmplsfmviud/metadata/registry.db
2026-01-03 22:28:23 - light_ai.storage.database_managers - INFO - database_managers.py:488 - SQLite metadata registry initialized at: /var/folders/q7/s5rjdx2d2ydclz5f2d6lylxc0000gn/T/tmplsfmviud/metadata/registry.db
2026-01-03 22:28:23 - light_ai.storage.database_managers - INFO - database_managers.py:488 - SQLite metadata registry initialized at: /var/folders/q7/s5rjdx2d2ydclz5f2d6lylxc0000gn/T/tmplsfmviud/metadata/registry.db
2026-01-03 22:28:23 - light_ai.storage.database_managers - INFO - database_managers.py:488 - SQLite metadata registry initialized at: /var/folders/q7/s5rjdx2d2ydclz5f2d6lylxc0000gn/T/tmplsfmviud/metadata/registry.db
2026-01-03 22:28:23 - light_ai.storage.database_managers - INFO - database_managers.py:488 - SQLite metadata registry initialized at: /var/folders/q7/s5rjdx2d2ydclz5f2d6lylxc0000gn/T/tmplsfmviud/metadata/registry.db
2026-01-03 22:28:23 - light_ai.storage.database_managers - INFO - database_managers.py:488 - SQLite metadata registry initialized at: /var/folders/q7/s5rjdx2d2ydclz5f2d6lylxc0000gn/T/tmplsfmviud/metadata/registry.db
2026-01-03 22:28:23 - light_ai.storage.database_managers - INFO - database_managers.py:488 - SQLite metadata registry initialized at: /var/folders/q7/s5rjdx2d2ydclz5f2d6lylxc0000gn/T/tmplsfmviud/metadata/registry.db
2026-01-03 22:28:23 - light_ai.storage.database_managers - INFO - database_managers.py:488 - SQLite metadata registry initialized at: /var/folders/q7/s5rjdx2d2ydclz5f2d6lylxc0000gn/T/tmplsfmviud/metadata/registry.db
2026-01-03 22:28:23 - light_ai.storage.directory_manager - INFO - directory_manager.py:54 - Creating directory structure at: /var/folders/q7/s5rjdx2d2ydclz5f2d6lylxc0000gn/T/tmplsfmviud
2026-01-03 22:28:23 - light_ai.storage.directory_manager - INFO - directory_manager.py:68 - Directory structure created successfully
2026-01-03 22:28:23 - light_ai.storage.database_managers - INFO - database_managers.py:488 - SQLite metadata registry initialized at: /var/folders/q7/s5rjdx2d2ydclz5f2d6lylxc0000gn/T/tmplsfmviud/metadata/registry.db
2026-01-03 22:28:23 - light_ai.storage.database_managers - INFO - database_managers.py:488 - SQLite metadata registry initialized at: /var/folders/q7/s5rjdx2d2ydclz5f2d6lylxc0000gn/T/tmplsfmviud/metadata/registry.db
2026-01-03 22:28:23 - light_ai.storage.database_managers - INFO - database_managers.py:488 - SQLite metadata registry initialized at: /var/folders/q7/s5rjdx2d2ydclz5f2d6lylxc0000gn/T/tmplsfmviud/metadata/registry.db
2026-01-03 22:28:23 - light_ai.storage.database_managers - INFO - database_managers.py:488 - SQLite metadata registry initialized at: /var/folders/q7/s5rjdx2d2ydclz5f2d6lylxc0000gn/T/tmplsfmviud/metadata/registry.db
2026-01-03 22:28:23 - light_ai.storage.database_managers - INFO - database_managers.py:488 - SQLite metadata registry initialized at: /var/folders/q7/s5rjdx2d2ydclz5f2d6lylxc0000gn/T/tmplsfmviud/metadata/registry.db
2026-01-03 22:28:23 - light_ai.storage.database_managers - INFO - database_managers.py:488 - SQLite metadata registry initialized at: /var/folders/q7/s5rjdx2d2ydclz5f2d6lylxc0000gn/T/tmplsfmviud/metadata/registry.db
2026-01-03 22:28:23 - light_ai.storage.database_managers - INFO - database_managers.py:488 - SQLite metadata registry initialized at: /var/folders/q7/s5rjdx2d2ydclz5f2d6lylxc0000gn/T/tmplsfmviud/metadata/registry.db
2026-01-03 22:28:23 - light_ai.storage.database_managers - INFO - database_managers.py:488 - SQLite metadata registry initialized at: /var/folders/q7/s5rjdx2d2ydclz5f2d6lylxc0000gn/T/tmplsfmviud/metadata/registry.db
2026-01-03 22:28:23 - light_ai.storage.database_managers - INFO - database_managers.py:488 - SQLite metadata registry initialized at: /var/folders/q7/s5rjdx2d2ydclz5f2d6lylxc0000gn/T/tmplsfmviud/metadata/registry.db
2026-01-03 22:28:23 - light_ai.storage.directory_manager - INFO - directory_manager.py:54 - Creating directory structure at: /var/folders/q7/s5rjdx2d2ydclz5f2d6lylxc0000gn/T/tmplsfmviud
2026-01-03 22:28:23 - light_ai.storage.directory_manager - INFO - directory_manager.py:68 - Directory structure created successfully
2026-01-03 22:28:23 - light_ai.storage.database_managers - INFO - database_managers.py:488 - SQLite metadata registry initialized at: /var/folders/q7/s5rjdx2d2ydclz5f2d6lylxc0000gn/T/tmplsfmviud/metadata/registry.db
2026-01-03 22:28:23 - light_ai.storage.database_managers - INFO - database_managers.py:488 - SQLite metadata registry initialized at: /var/folders/q7/s5rjdx2d2ydclz5f2d6lylxc0000gn/T/tmplsfmviud/metadata/registry.db
2026-01-03 22:28:23 - light_ai.storage.database_managers - INFO - database_managers.py:488 - SQLite metadata registry initialized at: /var/folders/q7/s5rjdx2d2ydclz5f2d6lylxc0000gn/T/tmplsfmviud/metadata/registry.db
2026-01-03 22:28:23 - light_ai.storage.database_managers - INFO - database_managers.py:488 - SQLite metadata registry initialized at: /var/folders/q7/s5rjdx2d2ydclz5f2d6lylxc0000gn/T/tmplsfmviud/metadata/registry.db
2026-01-03 22:28:23 - light_ai.storage.database_managers - INFO - database_managers.py:488 - SQLite metadata registry initialized at: /var/folders/q7/s5rjdx2d2ydclz5f2d6lylxc0000gn/T/tmplsfmviud/metadata/registry.db
2026-01-03 22:28:23 - light_ai.storage.database_managers - INFO - database_managers.py:488 - SQLite metadata registry initialized at: /var/folders/q7/s5rjdx2d2ydclz5f2d6lylxc0000gn/T/tmplsfmviud/metadata/registry.db
2026-01-03 22:28:23 - light_ai.storage.database_managers - INFO - database_managers.py:488 - SQLite metadata registry initialized at: /var/folders/q7/s5rjdx2d2ydclz5f2d6lylxc0000gn/T/tmplsfmviud/metadata/registry.db
2026-01-03 22:28:23 - light_ai.storage.database_managers - INFO - database_managers.py:488 - SQLite metadata registry initialized at: /var/folders/q7/s5rjdx2d2ydclz5f2d6lylxc0000gn/T/tmplsfmviud/metadata/registry.db
2026-01-03 22:28:23 - light_ai.storage.database_managers - INFO - database_managers.py:488 - SQLite metadata registry initialized at: /var/folders/q7/s5rjdx2d2ydclz5f2d6lylxc0000gn/T/tmplsfmviud/metadata/registry.db
2026-01-03 22:28:23 - light_ai.storage.directory_manager - INFO - directory_manager.py:54 - Creating directory structure at: /var/folders/q7/s5rjdx2d2ydclz5f2d6lylxc0000gn/T/tmplsfmviud
2026-01-03 22:28:23 - light_ai.storage.directory_manager - INFO - directory_manager.py:68 - Directory structure created successfully
2026-01-03 22:28:23 - light_ai.storage.database_managers - INFO - database_managers.py:488 - SQLite metadata registry initialized at: /var/folders/q7/s5rjdx2d2ydclz5f2d6lylxc0000gn/T/tmplsfmviud/metadata/registry.db
2026-01-03 22:28:23 - light_ai.storage.database_managers - INFO - database_managers.py:488 - SQLite metadata registry initialized at: /var/folders/q7/s5rjdx2d2ydclz5f2d6lylxc0000gn/T/tmplsfmviud/metadata/registry.db
2026-01-03 22:28:23 - light_ai.storage.database_managers - INFO - database_managers.py:488 - SQLite metadata registry initialized at: /var/folders/q7/s5rjdx2d2ydclz5f2d6lylxc0000gn/T/tmplsfmviud/metadata/registry.db
2026-01-03 22:28:23 - light_ai.storage.database_managers - INFO - database_managers.py:488 - SQLite metadata registry initialized at: /var/folders/q7/s5rjdx2d2ydclz5f2d6lylxc0000gn/T/tmplsfmviud/metadata/registry.db
2026-01-03 22:28:23 - light_ai.storage.database_managers - INFO - database_managers.py:488 - SQLite metadata registry initialized at: /var/folders/q7/s5rjdx2d2ydclz5f2d6lylxc0000gn/T/tmplsfmviud/metadata/registry.db
2026-01-03 22:28:23 - light_ai.storage.database_managers - INFO - database_managers.py:488 - SQLite metadata registry initialized at: /var/folders/q7/s5rjdx2d2ydclz5f2d6lylxc0000gn/T/tmplsfmviud/metadata/registry.db
2026-01-03 22:28:23 - light_ai.storage.database_managers - INFO - database_managers.py:488 - SQLite metadata registry initialized at: /var/folders/q7/s5rjdx2d2ydclz5f2d6lylxc0000gn/T/tmplsfmviud/metadata/registry.db
2026-01-03 22:28:23 - light_ai.storage.database_managers - INFO - database_managers.py:488 - SQLite metadata registry initialized at: /var/folders/q7/s5rjdx2d2ydclz5f2d6lylxc0000gn/T/tmplsfmviud/metadata/registry.db
2026-01-03 22:28:23 - light_ai.storage.database_managers - INFO - database_managers.py:488 - SQLite metadata registry initialized at: /var/folders/q7/s5rjdx2d2ydclz5f2d6lylxc0000gn/T/tmplsfmviud/metadata/registry.db
2026-01-03 22:28:23 - light_ai.storage.directory_manager - INFO - directory_manager.py:54 - Creating directory structure at: /var/folders/q7/s5rjdx2d2ydclz5f2d6lylxc0000gn/T/tmplsfmviud
2026-01-03 22:28:23 - light_ai.storage.directory_manager - INFO - directory_manager.py:68 - Directory structure created successfully
2026-01-03 22:28:23 - light_ai.storage.database_managers - INFO - database_managers.py:488 - SQLite metadata registry initialized at: /var/folders/q7/s5rjdx2d2ydclz5f2d6lylxc0000gn/T/tmplsfmviud/metadata/registry.db
2026-01-03 22:28:23 - light_ai.storage.database_managers - INFO - database_managers.py:488 - SQLite metadata registry initialized at: /var/folders/q7/s5rjdx2d2ydclz5f2d6lylxc0000gn/T/tmplsfmviud/metadata/registry.db
2026-01-03 22:28:23 - light_ai.storage.database_managers - INFO - database_managers.py:488 - SQLite metadata registry initialized at: /var/folders/q7/s5rjdx2d2ydclz5f2d6lylxc0000gn/T/tmplsfmviud/metadata/registry.db
2026-01-03 22:28:23 - light_ai.storage.database_managers - INFO - database_managers.py:488 - SQLite metadata registry initialized at: /var/folders/q7/s5rjdx2d2ydclz5f2d6lylxc0000gn/T/tmplsfmviud/metadata/registry.db
2026-01-03 22:28:23 - light_ai.storage.database_managers - INFO - database_managers.py:488 - SQLite metadata registry initialized at: /var/folders/q7/s5rjdx2d2ydclz5f2d6lylxc0000gn/T/tmplsfmviud/metadata/registry.db
2026-01-03 22:28:23 - light_ai.storage.database_managers - INFO - database_managers.py:488 - SQLite metadata registry initialized at: /var/folders/q7/s5rjdx2d2ydclz5f2d6lylxc0000gn/T/tmplsfmviud/metadata/registry.db
2026-01-03 22:28:23 - light_ai.storage.database_managers - INFO - database_managers.py:488 - SQLite metadata registry initialized at: /var/folders/q7/s5rjdx2d2ydclz5f2d6lylxc0000gn/T/tmplsfmviud/metadata/registry.db
2026-01-03 22:28:23 - light_ai.storage.database_managers - INFO - database_managers.py:488 - SQLite metadata registry initialized at: /var/folders/q7/s5rjdx2d2ydclz5f2d6lylxc0000gn/T/tmplsfmviud/metadata/registry.db
2026-01-03 22:28:23 - light_ai.storage.database_managers - INFO - database_managers.py:488 - SQLite metadata registry initialized at: /var/folders/q7/s5rjdx2d2ydclz5f2d6lylxc0000gn/T/tmplsfmviud/metadata/registry.db
2026-01-03 22:28:23 - light_ai.storage.directory_manager - INFO - directory_manager.py:54 - Creating directory structure at: /var/folders/q7/s5rjdx2d2ydclz5f2d6lylxc0000gn/T/tmplsfmviud
2026-01-03 22:28:23 - light_ai.storage.directory_manager - INFO - directory_manager.py:68 - Directory structure created successfully
2026-01-03 22:28:23 - light_ai.storage.database_managers - INFO - database_managers.py:488 - SQLite metadata registry initialized at: /var/folders/q7/s5rjdx2d2ydclz5f2d6lylxc0000gn/T/tmplsfmviud/metadata/registry.db
2026-01-03 22:28:23 - light_ai.storage.database_managers - INFO - database_managers.py:488 - SQLite metadata registry initialized at: /var/folders/q7/s5rjdx2d2ydclz5f2d6lylxc0000gn/T/tmplsfmviud/metadata/registry.db
2026-01-03 22:28:23 - light_ai.storage.database_managers - INFO - database_managers.py:488 - SQLite metadata registry initialized at: /var/folders/q7/s5rjdx2d2ydclz5f2d6lylxc0000gn/T/tmplsfmviud/metadata/registry.db
2026-01-03 22:28:23 - light_ai.storage.database_managers - INFO - database_managers.py:488 - SQLite metadata registry initialized at: /var/folders/q7/s5rjdx2d2ydclz5f2d6lylxc0000gn/T/tmplsfmviud/metadata/registry.db
2026-01-03 22:28:23 - light_ai.storage.database_managers - INFO - database_managers.py:488 - SQLite metadata registry initialized at: /var/folders/q7/s5rjdx2d2ydclz5f2d6lylxc0000gn/T/tmplsfmviud/metadata/registry.db
2026-01-03 22:28:23 - light_ai.storage.database_managers - INFO - database_managers.py:488 - SQLite metadata registry initialized at: /var/folders/q7/s5rjdx2d2ydclz5f2d6lylxc0000gn/T/tmplsfmviud/metadata/registry.db
2026-01-03 22:28:23 - light_ai.storage.database_managers - INFO - database_managers.py:488 - SQLite metadata registry initialized at: /var/folders/q7/s5rjdx2d2ydclz5f2d6lylxc0000gn/T/tmplsfmviud/metadata/registry.db
2026-01-03 22:28:23 - light_ai.storage.database_managers - INFO - database_managers.py:488 - SQLite metadata registry initialized at: /var/folders/q7/s5rjdx2d2ydclz5f2d6lylxc0000gn/T/tmplsfmviud/metadata/registry.db
2026-01-03 22:28:23 - light_ai.storage.database_managers - INFO - database_managers.py:488 - SQLite metadata registry initialized at: /var/folders/q7/s5rjdx2d2ydclz5f2d6lylxc0000gn/T/tmplsfmviud/metadata/registry.db
2026-01-03 22:28:23 - light_ai.storage.directory_manager - INFO - directory_manager.py:54 - Creating directory structure at: /var/folders/q7/s5rjdx2d2ydclz5f2d6lylxc0000gn/T/tmplsfmviud
2026-01-03 22:28:23 - light_ai.storage.directory_manager - INFO - directory_manager.py:68 - Directory structure created successfully
2026-01-03 22:28:23 - light_ai.storage.database_managers - INFO - database_managers.py:488 - SQLite metadata registry initialized at: /var/folders/q7/s5rjdx2d2ydclz5f2d6lylxc0000gn/T/tmplsfmviud/metadata/registry.db
2026-01-03 22:28:23 - light_ai.storage.database_managers - INFO - database_managers.py:488 - SQLite metadata registry initialized at: /var/folders/q7/s5rjdx2d2ydclz5f2d6lylxc0000gn/T/tmplsfmviud/metadata/registry.db
2026-01-03 22:28:23 - light_ai.storage.database_managers - INFO - database_managers.py:488 - SQLite metadata registry initialized at: /var/folders/q7/s5rjdx2d2ydclz5f2d6lylxc0000gn/T/tmplsfmviud/metadata/registry.db
2026-01-03 22:28:23 - light_ai.storage.database_managers - INFO - database_managers.py:488 - SQLite metadata registry initialized at: /var/folders/q7/s5rjdx2d2ydclz5f2d6lylxc0000gn/T/tmplsfmviud/metadata/registry.db
2026-01-03 22:28:23 - light_ai.storage.database_managers - INFO - database_managers.py:488 - SQLite metadata registry initialized at: /var/folders/q7/s5rjdx2d2ydclz5f2d6lylxc0000gn/T/tmplsfmviud/metadata/registry.db
2026-01-03 22:28:23 - light_ai.storage.database_managers - INFO - database_managers.py:488 - SQLite metadata registry initialized at: /var/folders/q7/s5rjdx2d2ydclz5f2d6lylxc0000gn/T/tmplsfmviud/metadata/registry.db
2026-01-03 22:28:23 - light_ai.storage.database_managers - INFO - database_managers.py:488 - SQLite metadata registry initialized at: /var/folders/q7/s5rjdx2d2ydclz5f2d6lylxc0000gn/T/tmplsfmviud/metadata/registry.db
2026-01-03 22:28:23 - light_ai.storage.database_managers - INFO - database_managers.py:488 - SQLite metadata registry initialized at: /var/folders/q7/s5rjdx2d2ydclz5f2d6lylxc0000gn/T/tmplsfmviud/metadata/registry.db
2026-01-03 22:28:23 - light_ai.storage.database_managers - INFO - database_managers.py:488 - SQLite metadata registry initialized at: /var/folders/q7/s5rjdx2d2ydclz5f2d6lylxc0000gn/T/tmplsfmviud/metadata/registry.db
2026-01-03 22:28:23 - light_ai.storage.directory_manager - INFO - directory_manager.py:54 - Creating directory structure at: /var/folders/q7/s5rjdx2d2ydclz5f2d6lylxc0000gn/T/tmplsfmviud
2026-01-03 22:28:23 - light_ai.storage.directory_manager - INFO - directory_manager.py:68 - Directory structure created successfully
2026-01-03 22:28:23 - light_ai.storage.database_managers - INFO - database_managers.py:488 - SQLite metadata registry initialized at: /var/folders/q7/s5rjdx2d2ydclz5f2d6lylxc0000gn/T/tmplsfmviud/metadata/registry.db
2026-01-03 22:28:23 - light_ai.storage.database_managers - INFO - database_managers.py:488 - SQLite metadata registry initialized at: /var/folders/q7/s5rjdx2d2ydclz5f2d6lylxc0000gn/T/tmplsfmviud/metadata/registry.db
2026-01-03 22:28:23 - light_ai.storage.database_managers - INFO - database_managers.py:488 - SQLite metadata registry initialized at: /var/folders/q7/s5rjdx2d2ydclz5f2d6lylxc0000gn/T/tmplsfmviud/metadata/registry.db
2026-01-03 22:28:23 - light_ai.storage.database_managers - INFO - database_managers.py:488 - SQLite metadata registry initialized at: /var/folders/q7/s5rjdx2d2ydclz5f2d6lylxc0000gn/T/tmplsfmviud/metadata/registry.db
2026-01-03 22:28:23 - light_ai.storage.database_managers - INFO - database_managers.py:488 - SQLite metadata registry initialized at: /var/folders/q7/s5rjdx2d2ydclz5f2d6lylxc0000gn/T/tmplsfmviud/metadata/registry.db
2026-01-03 22:28:23 - light_ai.storage.database_managers - INFO - database_managers.py:488 - SQLite metadata registry initialized at: /var/folders/q7/s5rjdx2d2ydclz5f2d6lylxc0000gn/T/tmplsfmviud/metadata/registry.db
2026-01-03 22:28:23 - light_ai.storage.database_managers - INFO - database_managers.py:488 - SQLite metadata registry initialized at: /var/folders/q7/s5rjdx2d2ydclz5f2d6lylxc0000gn/T/tmplsfmviud/metadata/registry.db
2026-01-03 22:28:23 - light_ai.storage.database_managers - INFO - database_managers.py:488 - SQLite metadata registry initialized at: /var/folders/q7/s5rjdx2d2ydclz5f2d6lylxc0000gn/T/tmplsfmviud/metadata/registry.db
2026-01-03 22:28:23 - light_ai.storage.database_managers - INFO - database_managers.py:488 - SQLite metadata registry initialized at: /var/folders/q7/s5rjdx2d2ydclz5f2d6lylxc0000gn/T/tmplsfmviud/metadata/registry.db
2026-01-03 22:28:23 - light_ai.storage.directory_manager - INFO - directory_manager.py:54 - Creating directory structure at: /var/folders/q7/s5rjdx2d2ydclz5f2d6lylxc0000gn/T/tmplsfmviud
2026-01-03 22:28:23 - light_ai.storage.directory_manager - INFO - directory_manager.py:68 - Directory structure created successfully
2026-01-03 22:28:23 - light_ai.storage.database_managers - INFO - database_managers.py:488 - SQLite metadata registry initialized at: /var/folders/q7/s5rjdx2d2ydclz5f2d6lylxc0000gn/T/tmplsfmviud/metadata/registry.db
2026-01-03 22:28:23 - light_ai.storage.database_managers - INFO - database_managers.py:488 - SQLite metadata registry initialized at: /var/folders/q7/s5rjdx2d2ydclz5f2d6lylxc0000gn/T/tmplsfmviud/metadata/registry.db
2026-01-03 22:28:23 - light_ai.storage.database_managers - INFO - database_managers.py:488 - SQLite metadata registry initialized at: /var/folders/q7/s5rjdx2d2ydclz5f2d6lylxc0000gn/T/tmplsfmviud/metadata/registry.db
2026-01-03 22:28:23 - light_ai.storage.database_managers - INFO - database_managers.py:488 - SQLite metadata registry initialized at: /var/folders/q7/s5rjdx2d2ydclz5f2d6lylxc0000gn/T/tmplsfmviud/metadata/registry.db
2026-01-03 22:28:23 - light_ai.storage.database_managers - INFO - database_managers.py:488 - SQLite metadata registry initialized at: /var/folders/q7/s5rjdx2d2ydclz5f2d6lylxc0000gn/T/tmplsfmviud/metadata/registry.db
2026-01-03 22:28:23 - light_ai.storage.database_managers - INFO - database_managers.py:488 - SQLite metadata registry initialized at: /var/folders/q7/s5rjdx2d2ydclz5f2d6lylxc0000gn/T/tmplsfmviud/metadata/registry.db
2026-01-03 22:28:23 - light_ai.storage.database_managers - INFO - database_managers.py:488 - SQLite metadata registry initialized at: /var/folders/q7/s5rjdx2d2ydclz5f2d6lylxc0000gn/T/tmplsfmviud/metadata/registry.db
2026-01-03 22:28:23 - light_ai.storage.database_managers - INFO - database_managers.py:488 - SQLite metadata registry initialized at: /var/folders/q7/s5rjdx2d2ydclz5f2d6lylxc0000gn/T/tmplsfmviud/metadata/registry.db
2026-01-03 22:28:23 - light_ai.storage.database_managers - INFO - database_managers.py:488 - SQLite metadata registry initialized at: /var/folders/q7/s5rjdx2d2ydclz5f2d6lylxc0000gn/T/tmplsfmviud/metadata/registry.db
2026-01-03 22:28:23 - light_ai.storage.directory_manager - INFO - directory_manager.py:54 - Creating directory structure at: /var/folders/q7/s5rjdx2d2ydclz5f2d6lylxc0000gn/T/tmplsfmviud
2026-01-03 22:28:23 - light_ai.storage.directory_manager - INFO - directory_manager.py:68 - Directory structure created successfully
2026-01-03 22:28:23 - light_ai.storage.database_managers - INFO - database_managers.py:488 - SQLite metadata registry initialized at: /var/folders/q7/s5rjdx2d2ydclz5f2d6lylxc0000gn/T/tmplsfmviud/metadata/registry.db
2026-01-03 22:28:23 - light_ai.storage.database_managers - INFO - database_managers.py:488 - SQLite metadata registry initialized at: /var/folders/q7/s5rjdx2d2ydclz5f2d6lylxc0000gn/T/tmplsfmviud/metadata/registry.db
2026-01-03 22:28:23 - light_ai.storage.database_managers - INFO - database_managers.py:488 - SQLite metadata registry initialized at: /var/folders/q7/s5rjdx2d2ydclz5f2d6lylxc0000gn/T/tmplsfmviud/metadata/registry.db
2026-01-03 22:28:23 - light_ai.storage.database_managers - INFO - database_managers.py:488 - SQLite metadata registry initialized at: /var/folders/q7/s5rjdx2d2ydclz5f2d6lylxc0000gn/T/tmplsfmviud/metadata/registry.db
2026-01-03 22:28:23 - light_ai.storage.database_managers - INFO - database_managers.py:488 - SQLite metadata registry initialized at: /var/folders/q7/s5rjdx2d2ydclz5f2d6lylxc0000gn/T/tmplsfmviud/metadata/registry.db
2026-01-03 22:28:23 - light_ai.storage.database_managers - INFO - database_managers.py:488 - SQLite metadata registry initialized at: /var/folders/q7/s5rjdx2d2ydclz5f2d6lylxc0000gn/T/tmplsfmviud/metadata/registry.db
2026-01-03 22:28:23 - light_ai.storage.database_managers - INFO - database_managers.py:488 - SQLite metadata registry initialized at: /var/folders/q7/s5rjdx2d2ydclz5f2d6lylxc0000gn/T/tmplsfmviud/metadata/registry.db
2026-01-03 22:28:23 - light_ai.storage.database_managers - INFO - database_managers.py:488 - SQLite metadata registry initialized at: /var/folders/q7/s5rjdx2d2ydclz5f2d6lylxc0000gn/T/tmplsfmviud/metadata/registry.db
2026-01-03 22:28:23 - light_ai.storage.database_managers - INFO - database_managers.py:488 - SQLite metadata registry initialized at: /var/folders/q7/s5rjdx2d2ydclz5f2d6lylxc0000gn/T/tmplsfmviud/metadata/registry.db
2026-01-03 22:28:23 - light_ai.storage.directory_manager - INFO - directory_manager.py:54 - Creating directory structure at: /var/folders/q7/s5rjdx2d2ydclz5f2d6lylxc0000gn/T/tmplsfmviud
2026-01-03 22:28:23 - light_ai.storage.directory_manager - INFO - directory_manager.py:68 - Directory structure created successfully
2026-01-03 22:28:23 - light_ai.storage.database_managers - INFO - database_managers.py:488 - SQLite metadata registry initialized at: /var/folders/q7/s5rjdx2d2ydclz5f2d6lylxc0000gn/T/tmplsfmviud/metadata/registry.db
2026-01-03 22:28:23 - light_ai.storage.database_managers - INFO - database_managers.py:488 - SQLite metadata registry initialized at: /var/folders/q7/s5rjdx2d2ydclz5f2d6lylxc0000gn/T/tmplsfmviud/metadata/registry.db
2026-01-03 22:28:23 - light_ai.storage.database_managers - INFO - database_managers.py:488 - SQLite metadata registry initialized at: /var/folders/q7/s5rjdx2d2ydclz5f2d6lylxc0000gn/T/tmplsfmviud/metadata/registry.db
2026-01-03 22:28:23 - light_ai.storage.database_managers - INFO - database_managers.py:488 - SQLite metadata registry initialized at: /var/folders/q7/s5rjdx2d2ydclz5f2d6lylxc0000gn/T/tmplsfmviud/metadata/registry.db
2026-01-03 22:28:23 - light_ai.storage.database_managers - INFO - database_managers.py:488 - SQLite metadata registry initialized at: /var/folders/q7/s5rjdx2d2ydclz5f2d6lylxc0000gn/T/tmplsfmviud/metadata/registry.db
2026-01-03 22:28:23 - light_ai.storage.database_managers - INFO - database_managers.py:488 - SQLite metadata registry initialized at: /var/folders/q7/s5rjdx2d2ydclz5f2d6lylxc0000gn/T/tmplsfmviud/metadata/registry.db
2026-01-03 22:28:23 - light_ai.storage.database_managers - INFO - database_managers.py:488 - SQLite metadata registry initialized at: /var/folders/q7/s5rjdx2d2ydclz5f2d6lylxc0000gn/T/tmplsfmviud/metadata/registry.db
2026-01-03 22:28:23 - light_ai.storage.database_managers - INFO - database_managers.py:488 - SQLite metadata registry initialized at: /var/folders/q7/s5rjdx2d2ydclz5f2d6lylxc0000gn/T/tmplsfmviud/metadata/registry.db
2026-01-03 22:28:23 - light_ai.storage.database_managers - INFO - database_managers.py:488 - SQLite metadata registry initialized at: /var/folders/q7/s5rjdx2d2ydclz5f2d6lylxc0000gn/T/tmplsfmviud/metadata/registry.db
2026-01-03 22:28:23 - light_ai.storage.directory_manager - INFO - directory_manager.py:54 - Creating directory structure at: /var/folders/q7/s5rjdx2d2ydclz5f2d6lylxc0000gn/T/tmplsfmviud
2026-01-03 22:28:23 - light_ai.storage.directory_manager - INFO - directory_manager.py:68 - Directory structure created successfully
2026-01-03 22:28:23 - light_ai.storage.database_managers - INFO - database_managers.py:488 - SQLite metadata registry initialized at: /var/folders/q7/s5rjdx2d2ydclz5f2d6lylxc0000gn/T/tmplsfmviud/metadata/registry.db
2026-01-03 22:28:23 - light_ai.storage.database_managers - INFO - database_managers.py:488 - SQLite metadata registry initialized at: /var/folders/q7/s5rjdx2d2ydclz5f2d6lylxc0000gn/T/tmplsfmviud/metadata/registry.db
2026-01-03 22:28:23 - light_ai.storage.database_managers - INFO - database_managers.py:488 - SQLite metadata registry initialized at: /var/folders/q7/s5rjdx2d2ydclz5f2d6lylxc0000gn/T/tmplsfmviud/metadata/registry.db
2026-01-03 22:28:23 - light_ai.storage.database_managers - INFO - database_managers.py:488 - SQLite metadata registry initialized at: /var/folders/q7/s5rjdx2d2ydclz5f2d6lylxc0000gn/T/tmplsfmviud/metadata/registry.db
2026-01-03 22:28:23 - light_ai.storage.database_managers - INFO - database_managers.py:488 - SQLite metadata registry initialized at: /var/folders/q7/s5rjdx2d2ydclz5f2d6lylxc0000gn/T/tmplsfmviud/metadata/registry.db
2026-01-03 22:28:23 - light_ai.storage.database_managers - INFO - database_managers.py:488 - SQLite metadata registry initialized at: /var/folders/q7/s5rjdx2d2ydclz5f2d6lylxc0000gn/T/tmplsfmviud/metadata/registry.db
2026-01-03 22:28:23 - light_ai.storage.database_managers - INFO - database_managers.py:488 - SQLite metadata registry initialized at: /var/folders/q7/s5rjdx2d2ydclz5f2d6lylxc0000gn/T/tmplsfmviud/metadata/registry.db
2026-01-03 22:28:23 - light_ai.storage.database_managers - INFO - database_managers.py:488 - SQLite metadata registry initialized at: /var/folders/q7/s5rjdx2d2ydclz5f2d6lylxc0000gn/T/tmplsfmviud/metadata/registry.db
2026-01-03 22:28:23 - light_ai.storage.database_managers - INFO - database_managers.py:488 - SQLite metadata registry initialized at: /var/folders/q7/s5rjdx2d2ydclz5f2d6lylxc0000gn/T/tmplsfmviud/metadata/registry.db
2026-01-03 22:28:23 - light_ai.storage.directory_manager - INFO - directory_manager.py:54 - Creating directory structure at: /var/folders/q7/s5rjdx2d2ydclz5f2d6lylxc0000gn/T/tmplsfmviud
2026-01-03 22:28:23 - light_ai.storage.directory_manager - INFO - directory_manager.py:68 - Directory structure created successfully
2026-01-03 22:28:23 - light_ai.storage.database_managers - INFO - database_managers.py:488 - SQLite metadata registry initialized at: /var/folders/q7/s5rjdx2d2ydclz5f2d6lylxc0000gn/T/tmplsfmviud/metadata/registry.db
2026-01-03 22:28:23 - light_ai.storage.database_managers - INFO - database_managers.py:488 - SQLite metadata registry initialized at: /var/folders/q7/s5rjdx2d2ydclz5f2d6lylxc0000gn/T/tmplsfmviud/metadata/registry.db
2026-01-03 22:28:23 - light_ai.storage.database_managers - INFO - database_managers.py:488 - SQLite metadata registry initialized at: /var/folders/q7/s5rjdx2d2ydclz5f2d6lylxc0000gn/T/tmplsfmviud/metadata/registry.db
2026-01-03 22:28:23 - light_ai.storage.database_managers - INFO - database_managers.py:488 - SQLite metadata registry initialized at: /var/folders/q7/s5rjdx2d2ydclz5f2d6lylxc0000gn/T/tmplsfmviud/metadata/registry.db
2026-01-03 22:28:23 - light_ai.storage.database_managers - INFO - database_managers.py:488 - SQLite metadata registry initialized at: /var/folders/q7/s5rjdx2d2ydclz5f2d6lylxc0000gn/T/tmplsfmviud/metadata/registry.db
2026-01-03 22:28:23 - light_ai.storage.database_managers - INFO - database_managers.py:488 - SQLite metadata registry initialized at: /var/folders/q7/s5rjdx2d2ydclz5f2d6lylxc0000gn/T/tmplsfmviud/metadata/registry.db
2026-01-03 22:28:23 - light_ai.storage.database_managers - INFO - database_managers.py:488 - SQLite metadata registry initialized at: /var/folders/q7/s5rjdx2d2ydclz5f2d6lylxc0000gn/T/tmplsfmviud/metadata/registry.db
2026-01-03 22:28:23 - light_ai.storage.database_managers - INFO - database_managers.py:488 - SQLite metadata registry initialized at: /var/folders/q7/s5rjdx2d2ydclz5f2d6lylxc0000gn/T/tmplsfmviud/metadata/registry.db
2026-01-03 22:28:23 - light_ai.storage.database_managers - INFO - database_managers.py:488 - SQLite metadata registry initialized at: /var/folders/q7/s5rjdx2d2ydclz5f2d6lylxc0000gn/T/tmplsfmviud/metadata/registry.db
2026-01-03 22:28:23 - light_ai.storage.directory_manager - INFO - directory_manager.py:54 - Creating directory structure at: /var/folders/q7/s5rjdx2d2ydclz5f2d6lylxc0000gn/T/tmplsfmviud
2026-01-03 22:28:23 - light_ai.storage.directory_manager - INFO - directory_manager.py:68 - Directory structure created successfully
2026-01-03 22:28:23 - light_ai.storage.database_managers - INFO - database_managers.py:488 - SQLite metadata registry initialized at: /var/folders/q7/s5rjdx2d2ydclz5f2d6lylxc0000gn/T/tmplsfmviud/metadata/registry.db
2026-01-03 22:28:23 - light_ai.storage.database_managers - INFO - database_managers.py:488 - SQLite metadata registry initialized at: /var/folders/q7/s5rjdx2d2ydclz5f2d6lylxc0000gn/T/tmplsfmviud/metadata/registry.db
2026-01-03 22:28:23 - light_ai.storage.database_managers - INFO - database_managers.py:488 - SQLite metadata registry initialized at: /var/folders/q7/s5rjdx2d2ydclz5f2d6lylxc0000gn/T/tmplsfmviud/metadata/registry.db
2026-01-03 22:28:23 - light_ai.storage.database_managers - INFO - database_managers.py:488 - SQLite metadata registry initialized at: /var/folders/q7/s5rjdx2d2ydclz5f2d6lylxc0000gn/T/tmplsfmviud/metadata/registry.db
2026-01-03 22:28:23 - light_ai.storage.database_managers - INFO - database_managers.py:488 - SQLite metadata registry initialized at: /var/folders/q7/s5rjdx2d2ydclz5f2d6lylxc0000gn/T/tmplsfmviud/metadata/registry.db
2026-01-03 22:28:23 - light_ai.storage.database_managers - INFO - database_managers.py:488 - SQLite metadata registry initialized at: /var/folders/q7/s5rjdx2d2ydclz5f2d6lylxc0000gn/T/tmplsfmviud/metadata/registry.db
2026-01-03 22:28:23 - light_ai.storage.database_managers - INFO - database_managers.py:488 - SQLite metadata registry initialized at: /var/folders/q7/s5rjdx2d2ydclz5f2d6lylxc0000gn/T/tmplsfmviud/metadata/registry.db
2026-01-03 22:28:23 - light_ai.storage.database_managers - INFO - database_managers.py:488 - SQLite metadata registry initialized at: /var/folders/q7/s5rjdx2d2ydclz5f2d6lylxc0000gn/T/tmplsfmviud/metadata/registry.db
2026-01-03 22:28:23 - light_ai.storage.database_managers - INFO - database_managers.py:488 - SQLite metadata registry initialized at: /var/folders/q7/s5rjdx2d2ydclz5f2d6lylxc0000gn/T/tmplsfmviud/metadata/registry.db
2026-01-03 22:28:23 - light_ai.storage.directory_manager - INFO - directory_manager.py:54 - Creating directory structure at: /var/folders/q7/s5rjdx2d2ydclz5f2d6lylxc0000gn/T/tmpwlmsbmrc
2026-01-03 22:28:23 - light_ai.storage.directory_manager - INFO - directory_manager.py:68 - Directory structure created successfully
2026-01-03 22:28:23 - light_ai.storage.database_managers - INFO - database_managers.py:488 - SQLite metadata registry initialized at: /var/folders/q7/s5rjdx2d2ydclz5f2d6lylxc0000gn/T/tmpwlmsbmrc/metadata/registry.db
2026-01-03 22:28:23 - light_ai.storage.database_managers - INFO - database_managers.py:488 - SQLite metadata registry initialized at: /var/folders/q7/s5rjdx2d2ydclz5f2d6lylxc0000gn/T/tmpwlmsbmrc/metadata/registry.db
2026-01-03 22:28:23 - light_ai.storage.database_managers - INFO - database_managers.py:488 - SQLite metadata registry initialized at: /var/folders/q7/s5rjdx2d2ydclz5f2d6lylxc0000gn/T/tmpwlmsbmrc/metadata/registry.db
2026-01-03 22:28:23 - light_ai.storage.database_managers - INFO - database_managers.py:488 - SQLite metadata registry initialized at: /var/folders/q7/s5rjdx2d2ydclz5f2d6lylxc0000gn/T/tmpwlmsbmrc/metadata/registry.db
2026-01-03 22:28:23 - light_ai.storage.database_managers - INFO - database_managers.py:488 - SQLite metadata registry initialized at: /var/folders/q7/s5rjdx2d2ydclz5f2d6lylxc0000gn/T/tmpwlmsbmrc/metadata/registry.db
2026-01-03 22:28:23 - light_ai.storage.database_managers - INFO - database_managers.py:488 - SQLite metadata registry initialized at: /var/folders/q7/s5rjdx2d2ydclz5f2d6lylxc0000gn/T/tmpwlmsbmrc/metadata/registry.db
2026-01-03 22:28:23 - light_ai.storage.database_managers - INFO - database_managers.py:488 - SQLite metadata registry initialized at: /var/folders/q7/s5rjdx2d2ydclz5f2d6lylxc0000gn/T/tmpwlmsbmrc/metadata/registry.db
2026-01-03 22:28:23 - light_ai.storage.database_managers - INFO - database_managers.py:488 - SQLite metadata registry initialized at: /var/folders/q7/s5rjdx2d2ydclz5f2d6lylxc0000gn/T/tmpwlmsbmrc/metadata/registry.db
2026-01-03 22:28:23 - light_ai.storage.database_managers - INFO - database_managers.py:488 - SQLite metadata registry initialized at: /var/folders/q7/s5rjdx2d2ydclz5f2d6lylxc0000gn/T/tmpwlmsbmrc/metadata/registry.db
2026-01-03 22:28:23 - light_ai.storage.directory_manager - INFO - directory_manager.py:54 - Creating directory structure at: /var/folders/q7/s5rjdx2d2ydclz5f2d6lylxc0000gn/T/tmpx7owredo
2026-01-03 22:28:23 - light_ai.storage.directory_manager - INFO - directory_manager.py:68 - Directory structure created successfully
2026-01-03 22:28:23 - light_ai.storage.database_managers - INFO - database_managers.py:488 - SQLite metadata registry initialized at: /var/folders/q7/s5rjdx2d2ydclz5f2d6lylxc0000gn/T/tmpx7owredo/metadata/registry.db
2026-01-03 22:28:23 - light_ai.storage.database_managers - INFO - database_managers.py:488 - SQLite metadata registry initialized at: /var/folders/q7/s5rjdx2d2ydclz5f2d6lylxc0000gn/T/tmpx7owredo/metadata/registry.db
2026-01-03 22:28:23 - light_ai.storage.database_managers - INFO - database_managers.py:488 - SQLite metadata registry initialized at: /var/folders/q7/s5rjdx2d2ydclz5f2d6lylxc0000gn/T/tmpx7owredo/metadata/registry.db
2026-01-03 22:28:23 - light_ai.storage.database_managers - INFO - database_managers.py:488 - SQLite metadata registry initialized at: /var/folders/q7/s5rjdx2d2ydclz5f2d6lylxc0000gn/T/tmpx7owredo/metadata/registry.db
2026-01-03 22:28:23 - light_ai.storage.database_managers - INFO - database_managers.py:488 - SQLite metadata registry initialized at: /var/folders/q7/s5rjdx2d2ydclz5f2d6lylxc0000gn/T/tmpx7owredo/metadata/registry.db
2026-01-03 22:28:23 - light_ai.storage.database_managers - INFO - database_managers.py:488 - SQLite metadata registry initialized at: /var/folders/q7/s5rjdx2d2ydclz5f2d6lylxc0000gn/T/tmpx7owredo/metadata/registry.db
2026-01-03 22:28:23 - light_ai.storage.database_managers - INFO - database_managers.py:488 - SQLite metadata registry initialized at: /var/folders/q7/s5rjdx2d2ydclz5f2d6lylxc0000gn/T/tmpx7owredo/metadata/registry.db
2026-01-03 22:28:23 - light_ai.storage.database_managers - INFO - database_managers.py:488 - SQLite metadata registry initialized at: /var/folders/q7/s5rjdx2d2ydclz5f2d6lylxc0000gn/T/tmpx7owredo/metadata/registry.db
2026-01-03 22:28:23 - light_ai.storage.database_managers - INFO - database_managers.py:488 - SQLite metadata registry initialized at: /var/folders/q7/s5rjdx2d2ydclz5f2d6lylxc0000gn/T/tmpx7owredo/metadata/registry.db
2026-01-03 22:28:23 - light_ai.storage.directory_manager - INFO - directory_manager.py:54 - Creating directory structure at: /var/folders/q7/s5rjdx2d2ydclz5f2d6lylxc0000gn/T/tmp8vdg6xrz
2026-01-03 22:28:23 - light_ai.storage.directory_manager - INFO - directory_manager.py:68 - Directory structure created successfully
2026-01-03 22:28:23 - light_ai.storage.database_managers - INFO - database_managers.py:488 - SQLite metadata registry initialized at: /var/folders/q7/s5rjdx2d2ydclz5f2d6lylxc0000gn/T/tmp8vdg6xrz/metadata/registry.db
2026-01-03 22:28:23 - light_ai.storage.database_managers - INFO - database_managers.py:488 - SQLite metadata registry initialized at: /var/folders/q7/s5rjdx2d2ydclz5f2d6lylxc0000gn/T/tmp8vdg6xrz/metadata/registry.db
2026-01-03 22:28:23 - light_ai.storage.database_managers - INFO - database_managers.py:488 - SQLite metadata registry initialized at: /var/folders/q7/s5rjdx2d2ydclz5f2d6lylxc0000gn/T/tmp8vdg6xrz/metadata/registry.db
2026-01-03 22:28:23 - light_ai.storage.database_managers - INFO - database_managers.py:488 - SQLite metadata registry initialized at: /var/folders/q7/s5rjdx2d2ydclz5f2d6lylxc0000gn/T/tmp8vdg6xrz/metadata/registry.db
2026-01-03 22:28:23 - light_ai.storage.database_managers - INFO - database_managers.py:488 - SQLite metadata registry initialized at: /var/folders/q7/s5rjdx2d2ydclz5f2d6lylxc0000gn/T/tmp8vdg6xrz/metadata/registry.db
2026-01-03 22:28:23 - light_ai.storage.database_managers - INFO - database_managers.py:488 - SQLite metadata registry initialized at: /var/folders/q7/s5rjdx2d2ydclz5f2d6lylxc0000gn/T/tmp8vdg6xrz/metadata/registry.db
2026-01-03 22:28:23 - light_ai.storage.database_managers - INFO - database_managers.py:488 - SQLite metadata registry initialized at: /var/folders/q7/s5rjdx2d2ydclz5f2d6lylxc0000gn/T/tmp8vdg6xrz/metadata/registry.db
2026-01-03 22:28:23 - light_ai.storage.database_managers - INFO - database_managers.py:488 - SQLite metadata registry initialized at: /var/folders/q7/s5rjdx2d2ydclz5f2d6lylxc0000gn/T/tmp8vdg6xrz/metadata/registry.db
2026-01-03 22:28:23 - light_ai.storage.database_managers - INFO - database_managers.py:488 - SQLite metadata registry initialized at: /var/folders/q7/s5rjdx2d2ydclz5f2d6lylxc0000gn/T/tmp8vdg6xrz/metadata/registry.db
2026-01-03 22:28:23 - light_ai.storage.directory_manager - INFO - directory_manager.py:54 - Creating directory structure at: /var/folders/q7/s5rjdx2d2ydclz5f2d6lylxc0000gn/T/tmpws3r8eiw
2026-01-03 22:28:23 - light_ai.storage.directory_manager - INFO - directory_manager.py:68 - Directory structure created successfully
2026-01-03 22:28:23 - light_ai.storage.database_managers - INFO - database_managers.py:488 - SQLite metadata registry initialized at: /var/folders/q7/s5rjdx2d2ydclz5f2d6lylxc0000gn/T/tmpws3r8eiw/metadata/registry.db
2026-01-03 22:28:23 - light_ai.storage.database_managers - INFO - database_managers.py:488 - SQLite metadata registry initialized at: /var/folders/q7/s5rjdx2d2ydclz5f2d6lylxc0000gn/T/tmpws3r8eiw/metadata/registry.db
2026-01-03 22:28:23 - light_ai.storage.database_managers - INFO - database_managers.py:488 - SQLite metadata registry initialized at: /var/folders/q7/s5rjdx2d2ydclz5f2d6lylxc0000gn/T/tmpws3r8eiw/metadata/registry.db
2026-01-03 22:28:23 - light_ai.storage.database_managers - INFO - database_managers.py:488 - SQLite metadata registry initialized at: /var/folders/q7/s5rjdx2d2ydclz5f2d6lylxc0000gn/T/tmpws3r8eiw/metadata/registry.db
2026-01-03 22:28:23 - light_ai.storage.database_managers - INFO - database_managers.py:488 - SQLite metadata registry initialized at: /var/folders/q7/s5rjdx2d2ydclz5f2d6lylxc0000gn/T/tmpws3r8eiw/metadata/registry.db
2026-01-03 22:28:23 - light_ai.storage.database_managers - INFO - database_managers.py:488 - SQLite metadata registry initialized at: /var/folders/q7/s5rjdx2d2ydclz5f2d6lylxc0000gn/T/tmpws3r8eiw/metadata/registry.db
2026-01-03 22:28:23 - light_ai.storage.database_managers - INFO - database_managers.py:488 - SQLite metadata registry initialized at: /var/folders/q7/s5rjdx2d2ydclz5f2d6lylxc0000gn/T/tmpws3r8eiw/metadata/registry.db
2026-01-03 22:28:23 - light_ai.storage.database_managers - INFO - database_managers.py:488 - SQLite metadata registry initialized at: /var/folders/q7/s5rjdx2d2ydclz5f2d6lylxc0000gn/T/tmpws3r8eiw/metadata/registry.db
2026-01-03 22:28:23 - light_ai.storage.database_managers - INFO - database_managers.py:488 - SQLite metadata registry initialized at: /var/folders/q7/s5rjdx2d2ydclz5f2d6lylxc0000gn/T/tmpws3r8eiw/metadata/registry.db
2026-01-03 22:28:23 - light_ai.storage.directory_manager - INFO - directory_manager.py:54 - Creating directory structure at: /var/folders/q7/s5rjdx2d2ydclz5f2d6lylxc0000gn/T/tmp1ua5jfn2
2026-01-03 22:28:23 - light_ai.storage.directory_manager - INFO - directory_manager.py:68 - Directory structure created successfully
2026-01-03 22:28:23 - light_ai.storage.database_managers - INFO - database_managers.py:488 - SQLite metadata registry initialized at: /var/folders/q7/s5rjdx2d2ydclz5f2d6lylxc0000gn/T/tmp1ua5jfn2/metadata/registry.db
2026-01-03 22:28:23 - light_ai.storage.database_managers - INFO - database_managers.py:488 - SQLite metadata registry initialized at: /var/folders/q7/s5rjdx2d2ydclz5f2d6lylxc0000gn/T/tmp1ua5jfn2/metadata/registry.db
2026-01-03 22:28:23 - light_ai.storage.database_managers - INFO - database_managers.py:488 - SQLite metadata registry initialized at: /var/folders/q7/s5rjdx2d2ydclz5f2d6lylxc0000gn/T/tmp1ua5jfn2/metadata/registry.db
2026-01-03 22:28:23 - light_ai.storage.database_managers - INFO - database_managers.py:488 - SQLite metadata registry initialized at: /var/folders/q7/s5rjdx2d2ydclz5f2d6lylxc0000gn/T/tmp1ua5jfn2/metadata/registry.db
2026-01-03 22:28:23 - light_ai.storage.database_managers - INFO - database_managers.py:488 - SQLite metadata registry initialized at: /var/folders/q7/s5rjdx2d2ydclz5f2d6lylxc0000gn/T/tmp1ua5jfn2/metadata/registry.db
2026-01-03 22:28:23 - light_ai.storage.database_managers - INFO - database_managers.py:488 - SQLite metadata registry initialized at: /var/folders/q7/s5rjdx2d2ydclz5f2d6lylxc0000gn/T/tmp1ua5jfn2/metadata/registry.db
2026-01-03 22:28:23 - light_ai.storage.database_managers - INFO - database_managers.py:488 - SQLite metadata registry initialized at: /var/folders/q7/s5rjdx2d2ydclz5f2d6lylxc0000gn/T/tmp1ua5jfn2/metadata/registry.db
2026-01-03 22:28:23 - light_ai.storage.database_managers - INFO - database_managers.py:488 - SQLite metadata registry initialized at: /var/folders/q7/s5rjdx2d2ydclz5f2d6lylxc0000gn/T/tmp1ua5jfn2/metadata/registry.db
2026-01-03 22:28:23 - light_ai.storage.database_managers - INFO - database_managers.py:488 - SQLite metadata registry initialized at: /var/folders/q7/s5rjdx2d2ydclz5f2d6lylxc0000gn/T/tmp1ua5jfn2/metadata/registry.db
2026-01-03 22:28:24 - light_ai.storage.directory_manager - INFO - directory_manager.py:54 - Creating directory structure at: /var/folders/q7/s5rjdx2d2ydclz5f2d6lylxc0000gn/T/tmppjs10205
2026-01-03 22:28:24 - light_ai.storage.directory_manager - INFO - directory_manager.py:68 - Directory structure created successfully
2026-01-03 22:28:24 - light_ai.storage.database_managers - INFO - database_managers.py:488 - SQLite metadata registry initialized at: /var/folders/q7/s5rjdx2d2ydclz5f2d6lylxc0000gn/T/tmppjs10205/metadata/registry.db
2026-01-03 22:28:24 - light_ai.storage.database_managers - INFO - database_managers.py:488 - SQLite metadata registry initialized at: /var/folders/q7/s5rjdx2d2ydclz5f2d6lylxc0000gn/T/tmppjs10205/metadata/registry.db
2026-01-03 22:28:24 - light_ai.storage.database_managers - INFO - database_managers.py:488 - SQLite metadata registry initialized at: /var/folders/q7/s5rjdx2d2ydclz5f2d6lylxc0000gn/T/tmppjs10205/metadata/registry.db
2026-01-03 22:28:24 - light_ai.storage.database_managers - INFO - database_managers.py:488 - SQLite metadata registry initialized at: /var/folders/q7/s5rjdx2d2ydclz5f2d6lylxc0000gn/T/tmppjs10205/metadata/registry.db
2026-01-03 22:28:24 - light_ai.storage.database_managers - INFO - database_managers.py:488 - SQLite metadata registry initialized at: /var/folders/q7/s5rjdx2d2ydclz5f2d6lylxc0000gn/T/tmppjs10205/metadata/registry.db
2026-01-03 22:28:24 - light_ai.storage.directory_manager - INFO - directory_manager.py:54 - Creating directory structure at: /var/folders/q7/s5rjdx2d2ydclz5f2d6lylxc0000gn/T/tmpc2_o1tim
2026-01-03 22:28:24 - light_ai.storage.directory_manager - INFO - directory_manager.py:68 - Directory structure created successfully
2026-01-03 22:28:24 - light_ai.storage.database_managers - INFO - database_managers.py:488 - SQLite metadata registry initialized at: /var/folders/q7/s5rjdx2d2ydclz5f2d6lylxc0000gn/T/tmpc2_o1tim/metadata/registry.db
2026-01-03 22:28:24 - light_ai.storage.database_managers - INFO - database_managers.py:488 - SQLite metadata registry initialized at: /var/folders/q7/s5rjdx2d2ydclz5f2d6lylxc0000gn/T/tmpc2_o1tim/metadata/registry.db
2026-01-03 22:28:24 - light_ai.storage.database_managers - INFO - database_managers.py:488 - SQLite metadata registry initialized at: /var/folders/q7/s5rjdx2d2ydclz5f2d6lylxc0000gn/T/tmpc2_o1tim/metadata/registry.db
2026-01-03 22:28:24 - light_ai.storage.database_managers - INFO - database_managers.py:488 - SQLite metadata registry initialized at: /var/folders/q7/s5rjdx2d2ydclz5f2d6lylxc0000gn/T/tmpc2_o1tim/metadata/registry.db
2026-01-03 22:28:24 - light_ai.storage.database_managers - INFO - database_managers.py:488 - SQLite metadata registry initialized at: /var/folders/q7/s5rjdx2d2ydclz5f2d6lylxc0000gn/T/tmpc2_o1tim/metadata/registry.db
2026-01-03 22:28:24 - light_ai.storage.database_managers - INFO - database_managers.py:488 - SQLite metadata registry initialized at: /var/folders/q7/s5rjdx2d2ydclz5f2d6lylxc0000gn/T/tmpc2_o1tim/metadata/registry.db
2026-01-03 22:28:24 - light_ai.storage.database_managers - INFO - database_managers.py:488 - SQLite metadata registry initialized at: /var/folders/q7/s5rjdx2d2ydclz5f2d6lylxc0000gn/T/tmpc2_o1tim/metadata/registry.db
2026-01-03 22:28:24 - light_ai.storage.database_managers - INFO - database_managers.py:488 - SQLite metadata registry initialized at: /var/folders/q7/s5rjdx2d2ydclz5f2d6lylxc0000gn/T/tmpc2_o1tim/metadata/registry.db
2026-01-03 22:28:24 - light_ai.storage.database_managers - INFO - database_managers.py:488 - SQLite metadata registry initialized at: /var/folders/q7/s5rjdx2d2ydclz5f2d6lylxc0000gn/T/tmpc2_o1tim/metadata/registry.db
2026-01-03 22:29:18 - light_ai.storage.directory_manager - INFO - directory_manager.py:54 - Creating directory structure at: .
2026-01-03 22:29:18 - light_ai.storage.directory_manager - INFO - directory_manager.py:68 - Directory structure created successfully
2026-01-03 22:29:18 - light_ai.storage.database_managers - INFO - database_managers.py:488 - SQLite metadata registry initialized at: metadata/registry.db
2026-01-03 22:29:18 - light_ai.storage.database_managers - INFO - database_managers.py:488 - SQLite metadata registry initialized at: metadata/registry.db
2026-01-03 22:29:18 - light_ai.storage.database_managers - INFO - database_managers.py:488 - SQLite metadata registry initialized at: metadata/registry.db
2026-01-03 22:29:18 - light_ai.storage.database_managers - INFO - database_managers.py:488 - SQLite metadata registry initialized at: metadata/registry.db
2026-01-03 22:29:18 - light_ai.storage.database_managers - INFO - database_managers.py:488 - SQLite metadata registry initialized at: metadata/registry.db
2026-01-03 22:29:18 - light_ai.storage.database_managers - INFO - database_managers.py:488 - SQLite metadata registry initialized at: metadata/registry.db
2026-01-03 22:29:18 - light_ai.storage.database_managers - INFO - database_managers.py:488 - SQLite metadata registry initialized at: metadata/registry.db
2026-01-03 22:29:18 - light_ai.storage.database_managers - INFO - database_managers.py:488 - SQLite metadata registry initialized at: metadata/registry.db
2026-01-03 22:29:18 - light_ai.storage.database_managers - INFO - database_managers.py:488 - SQLite metadata registry initialized at: metadata/registry.db
2026-01-03 22:29:18 - universal_data_handler - INFO - api.py:123 - Universal Data Handler API initialized successfully
2026-01-03 22:30:25 - light_ai.storage.directory_manager - INFO - directory_manager.py:54 - Creating directory structure at: .
2026-01-03 22:30:25 - light_ai.storage.directory_manager - INFO - directory_manager.py:68 - Directory structure created successfully
2026-01-03 22:30:25 - light_ai.storage.database_managers - INFO - database_managers.py:488 - SQLite metadata registry initialized at: metadata/registry.db
2026-01-03 22:30:25 - light_ai.storage.database_managers - INFO - database_managers.py:488 - SQLite metadata registry initialized at: metadata/registry.db
2026-01-03 22:30:25 - light_ai.storage.database_managers - INFO - database_managers.py:488 - SQLite metadata registry initialized at: metadata/registry.db
2026-01-03 22:30:25 - light_ai.storage.database_managers - INFO - database_managers.py:488 - SQLite metadata registry initialized at: metadata/registry.db
2026-01-03 22:30:25 - light_ai.storage.database_managers - INFO - database_managers.py:488 - SQLite metadata registry initialized at: metadata/registry.db
2026-01-03 22:30:25 - light_ai.storage.database_managers - INFO - database_managers.py:488 - SQLite metadata registry initialized at: metadata/registry.db
2026-01-03 22:30:25 - light_ai.storage.database_managers - INFO - database_managers.py:488 - SQLite metadata registry initialized at: metadata/registry.db
2026-01-03 22:30:25 - light_ai.storage.database_managers - INFO - database_managers.py:488 - SQLite metadata registry initialized at: metadata/registry.db
2026-01-03 22:30:25 - light_ai.storage.database_managers - INFO - database_managers.py:488 - SQLite metadata registry initialized at: metadata/registry.db
2026-01-03 22:30:25 - universal_data_handler - INFO - api.py:123 - Universal Data Handler API initialized successfully
2026-01-03 22:30:25 - light_ai.storage.database_managers - INFO - database_managers.py:488 - SQLite metadata registry initialized at: metadata/registry.db
2026-01-03 22:31:15 - universal_data_handler - ERROR - api.py:128 - Error in upload_file: FileUploadAPI.upload_file() got an unexpected keyword argument 'cleaning_config'
Traceback (most recent call last):
  File "/Users/shashwatroy/Desktop/ns/New-CB/light_ai/./light_ai/api.py", line 173, in upload_file
    resource_id = self.file_upload_api.upload_file(
TypeError: FileUploadAPI.upload_file() got an unexpected keyword argument 'cleaning_config'
2026-01-03 22:40:53 - light_ai.storage.directory_manager - INFO - directory_manager.py:54 - Creating directory structure at: .
2026-01-03 22:40:53 - light_ai.storage.directory_manager - INFO - directory_manager.py:68 - Directory structure created successfully
2026-01-03 22:40:53 - light_ai.storage.database_managers - INFO - database_managers.py:488 - SQLite metadata registry initialized at: metadata/registry.db
2026-01-03 22:40:53 - light_ai.storage.database_managers - INFO - database_managers.py:488 - SQLite metadata registry initialized at: metadata/registry.db
2026-01-03 22:40:53 - light_ai.storage.database_managers - INFO - database_managers.py:488 - SQLite metadata registry initialized at: metadata/registry.db
2026-01-03 22:40:53 - light_ai.storage.database_managers - INFO - database_managers.py:488 - SQLite metadata registry initialized at: metadata/registry.db
2026-01-03 22:40:53 - light_ai.storage.database_managers - INFO - database_managers.py:488 - SQLite metadata registry initialized at: metadata/registry.db
2026-01-03 22:40:53 - light_ai.storage.database_managers - INFO - database_managers.py:488 - SQLite metadata registry initialized at: metadata/registry.db
2026-01-03 22:40:53 - light_ai.storage.database_managers - INFO - database_managers.py:488 - SQLite metadata registry initialized at: metadata/registry.db
2026-01-03 22:40:53 - light_ai.storage.database_managers - INFO - database_managers.py:488 - SQLite metadata registry initialized at: metadata/registry.db
2026-01-03 22:40:53 - light_ai.storage.database_managers - INFO - database_managers.py:488 - SQLite metadata registry initialized at: metadata/registry.db
2026-01-03 22:40:53 - universal_data_handler - INFO - api.py:123 - Universal Data Handler API initialized successfully
2026-01-03 22:41:15 - light_ai.storage.directory_manager - INFO - directory_manager.py:54 - Creating directory structure at: .
2026-01-03 22:41:15 - light_ai.storage.directory_manager - INFO - directory_manager.py:68 - Directory structure created successfully
2026-01-03 22:41:15 - light_ai.storage.database_managers - INFO - database_managers.py:488 - SQLite metadata registry initialized at: metadata/registry.db
2026-01-03 22:41:15 - light_ai.storage.database_managers - INFO - database_managers.py:488 - SQLite metadata registry initialized at: metadata/registry.db
2026-01-03 22:41:15 - light_ai.storage.database_managers - INFO - database_managers.py:488 - SQLite metadata registry initialized at: metadata/registry.db
2026-01-03 22:41:15 - light_ai.storage.database_managers - INFO - database_managers.py:488 - SQLite metadata registry initialized at: metadata/registry.db
2026-01-03 22:41:15 - light_ai.storage.database_managers - INFO - database_managers.py:488 - SQLite metadata registry initialized at: metadata/registry.db
2026-01-03 22:41:15 - light_ai.storage.database_managers - INFO - database_managers.py:488 - SQLite metadata registry initialized at: metadata/registry.db
2026-01-03 22:41:15 - light_ai.storage.database_managers - INFO - database_managers.py:488 - SQLite metadata registry initialized at: metadata/registry.db
2026-01-03 22:41:15 - light_ai.storage.database_managers - INFO - database_managers.py:488 - SQLite metadata registry initialized at: metadata/registry.db
2026-01-03 22:41:15 - light_ai.storage.database_managers - INFO - database_managers.py:488 - SQLite metadata registry initialized at: metadata/registry.db
2026-01-03 22:41:15 - universal_data_handler - INFO - api.py:123 - Universal Data Handler API initialized successfully
2026-01-03 22:41:15 - universal_data_handler - ERROR - api.py:128 - Error in upload_json: 'FileUploadAPI' object has no attribute 'upload_json'
Traceback (most recent call last):
  File "/Users/shashwatroy/Desktop/ns/New-CB/light_ai/light_ai/api.py", line 220, in upload_json
    resource_id = self.file_upload_api.upload_json(
AttributeError: 'FileUploadAPI' object has no attribute 'upload_json'. Did you mean: 'upload_bulk'?
2026-01-03 22:43:05 - light_ai.storage.directory_manager - INFO - directory_manager.py:54 - Creating directory structure at: .
2026-01-03 22:43:05 - light_ai.storage.directory_manager - INFO - directory_manager.py:68 - Directory structure created successfully
2026-01-03 22:43:05 - light_ai.storage.database_managers - INFO - database_managers.py:488 - SQLite metadata registry initialized at: metadata/registry.db
2026-01-03 22:43:05 - light_ai.storage.database_managers - INFO - database_managers.py:488 - SQLite metadata registry initialized at: metadata/registry.db
2026-01-03 22:43:05 - light_ai.storage.database_managers - INFO - database_managers.py:488 - SQLite metadata registry initialized at: metadata/registry.db
2026-01-03 22:43:05 - light_ai.storage.database_managers - INFO - database_managers.py:488 - SQLite metadata registry initialized at: metadata/registry.db
2026-01-03 22:43:05 - light_ai.storage.database_managers - INFO - database_managers.py:488 - SQLite metadata registry initialized at: metadata/registry.db
2026-01-03 22:43:05 - light_ai.storage.database_managers - INFO - database_managers.py:488 - SQLite metadata registry initialized at: metadata/registry.db
2026-01-03 22:43:05 - light_ai.storage.database_managers - INFO - database_managers.py:488 - SQLite metadata registry initialized at: metadata/registry.db
2026-01-03 22:43:05 - light_ai.storage.database_managers - INFO - database_managers.py:488 - SQLite metadata registry initialized at: metadata/registry.db
2026-01-03 22:43:05 - light_ai.storage.database_managers - INFO - database_managers.py:488 - SQLite metadata registry initialized at: metadata/registry.db
2026-01-03 22:43:05 - universal_data_handler - INFO - api.py:123 - Universal Data Handler API initialized successfully
2026-01-03 22:43:05 - universal_data_handler - ERROR - api.py:128 - Error in upload_json: client_id must be a valid UUID v4: badly formed hexadecimal UUID string
Traceback (most recent call last):
  File "/Users/shashwatroy/Desktop/ns/New-CB/light_ai/light_ai/core/models.py", line 61, in _validate_uuid
    uuid_obj = uuid.UUID(uuid_str, version=4)
  File "/Users/shashwatroy/.local/share/uv/python/cpython-3.10.19-macos-aarch64-none/lib/python3.10/uuid.py", line 177, in __init__
    raise ValueError('badly formed hexadecimal UUID string')
ValueError: badly formed hexadecimal UUID string

During handling of the above exception, another exception occurred:

Traceback (most recent call last):
  File "/Users/shashwatroy/Desktop/ns/New-CB/light_ai/light_ai/api.py", line 250, in upload_json
    metadata = self.file_upload_api.upload_file(
  File "/Users/shashwatroy/Desktop/ns/New-CB/light_ai/light_ai/sub_layer_1/file_upload.py", line 339, in upload_file
    hierarchy = DataHierarchy.generate_new(client_id, user_id)
  File "/Users/shashwatroy/Desktop/ns/New-CB/light_ai/light_ai/core/models.py", line 71, in generate_new
    return cls(client_id=client_id, user_id=user_id, resource_id=resource_id)
  File "<string>", line 6, in __init__
  File "/Users/shashwatroy/Desktop/ns/New-CB/light_ai/light_ai/core/models.py", line 53, in __post_init__
    self._validate_uuid(self.client_id, "client_id")
  File "/Users/shashwatroy/Desktop/ns/New-CB/light_ai/light_ai/core/models.py", line 65, in _validate_uuid
    raise ValueError(f"{field_name} must be a valid UUID v4: {e}")
ValueError: client_id must be a valid UUID v4: badly formed hexadecimal UUID string
2026-01-03 22:43:25 - light_ai.storage.directory_manager - INFO - directory_manager.py:54 - Creating directory structure at: .
2026-01-03 22:43:25 - light_ai.storage.directory_manager - INFO - directory_manager.py:68 - Directory structure created successfully
2026-01-03 22:43:25 - light_ai.storage.database_managers - INFO - database_managers.py:488 - SQLite metadata registry initialized at: metadata/registry.db
2026-01-03 22:43:25 - light_ai.storage.database_managers - INFO - database_managers.py:488 - SQLite metadata registry initialized at: metadata/registry.db
2026-01-03 22:43:25 - light_ai.storage.database_managers - INFO - database_managers.py:488 - SQLite metadata registry initialized at: metadata/registry.db
2026-01-03 22:43:25 - light_ai.storage.database_managers - INFO - database_managers.py:488 - SQLite metadata registry initialized at: metadata/registry.db
2026-01-03 22:43:25 - light_ai.storage.database_managers - INFO - database_managers.py:488 - SQLite metadata registry initialized at: metadata/registry.db
2026-01-03 22:43:25 - light_ai.storage.database_managers - INFO - database_managers.py:488 - SQLite metadata registry initialized at: metadata/registry.db
2026-01-03 22:43:25 - light_ai.storage.database_managers - INFO - database_managers.py:488 - SQLite metadata registry initialized at: metadata/registry.db
2026-01-03 22:43:25 - light_ai.storage.database_managers - INFO - database_managers.py:488 - SQLite metadata registry initialized at: metadata/registry.db
2026-01-03 22:43:25 - light_ai.storage.database_managers - INFO - database_managers.py:488 - SQLite metadata registry initialized at: metadata/registry.db
2026-01-03 22:43:25 - universal_data_handler - INFO - api.py:123 - Universal Data Handler API initialized successfully
2026-01-03 22:43:25 - light_ai.sub_layer_1.file_upload - INFO - file_upload.py:341 - Starting upload for tmpu6u1ytg4.json (resource_id: 1e23e716-a2eb-4bc6-ad2b-ce8ebc221b00)
2026-01-03 22:43:25 - light_ai.sub_layer_1.file_upload - INFO - file_upload.py:218 - File validation successful: tmpu6u1ytg4.json (json, 0.0MB)
2026-01-03 22:43:25 - light_ai.sub_layer_1.file_upload - INFO - file_upload.py:354 - Duplicate check for hash c2c89980... (would query metadata registry)
2026-01-03 22:43:25 - light_ai.sub_layer_1.file_upload - INFO - file_upload.py:382 - File upload completed: tmpu6u1ytg4.json -> 1e23e716-a2eb-4bc6-ad2b-ce8ebc221b00
2026-01-03 22:43:25 - universal_data_handler - ERROR - api.py:128 - Error in upload_json: 'UniversalDataHandler' object has no attribute 'data_cleaning_engine'
Traceback (most recent call last):
  File "/Users/shashwatroy/Desktop/ns/New-CB/light_ai/light_ai/api.py", line 258, in upload_json
    cleaned_data = self.data_cleaning_engine.clean_json_data(
AttributeError: 'UniversalDataHandler' object has no attribute 'data_cleaning_engine'. Did you mean: 'cleaning_engine'?
2026-01-03 22:44:02 - light_ai.storage.directory_manager - INFO - directory_manager.py:54 - Creating directory structure at: .
2026-01-03 22:44:02 - light_ai.storage.directory_manager - INFO - directory_manager.py:68 - Directory structure created successfully
2026-01-03 22:44:02 - light_ai.storage.database_managers - INFO - database_managers.py:488 - SQLite metadata registry initialized at: metadata/registry.db
2026-01-03 22:44:02 - light_ai.storage.database_managers - INFO - database_managers.py:488 - SQLite metadata registry initialized at: metadata/registry.db
2026-01-03 22:44:02 - light_ai.storage.database_managers - INFO - database_managers.py:488 - SQLite metadata registry initialized at: metadata/registry.db
2026-01-03 22:44:02 - light_ai.storage.database_managers - INFO - database_managers.py:488 - SQLite metadata registry initialized at: metadata/registry.db
2026-01-03 22:44:02 - light_ai.storage.database_managers - INFO - database_managers.py:488 - SQLite metadata registry initialized at: metadata/registry.db
2026-01-03 22:44:02 - light_ai.storage.database_managers - INFO - database_managers.py:488 - SQLite metadata registry initialized at: metadata/registry.db
2026-01-03 22:44:02 - light_ai.storage.database_managers - INFO - database_managers.py:488 - SQLite metadata registry initialized at: metadata/registry.db
2026-01-03 22:44:02 - light_ai.storage.database_managers - INFO - database_managers.py:488 - SQLite metadata registry initialized at: metadata/registry.db
2026-01-03 22:44:02 - light_ai.storage.database_managers - INFO - database_managers.py:488 - SQLite metadata registry initialized at: metadata/registry.db
2026-01-03 22:44:02 - universal_data_handler - INFO - api.py:123 - Universal Data Handler API initialized successfully
2026-01-03 22:44:02 - light_ai.sub_layer_1.file_upload - INFO - file_upload.py:341 - Starting upload for tmpo94knh80.json (resource_id: 097a5353-f3ed-471c-8bdb-0ee8ab8c937d)
2026-01-03 22:44:02 - light_ai.sub_layer_1.file_upload - INFO - file_upload.py:218 - File validation successful: tmpo94knh80.json (json, 0.0MB)
2026-01-03 22:44:02 - light_ai.sub_layer_1.file_upload - INFO - file_upload.py:354 - Duplicate check for hash c2c89980... (would query metadata registry)
2026-01-03 22:44:02 - light_ai.sub_layer_1.file_upload - INFO - file_upload.py:382 - File upload completed: tmpo94knh80.json -> 097a5353-f3ed-471c-8bdb-0ee8ab8c937d
2026-01-03 22:44:02 - universal_data_handler - ERROR - api.py:128 - Error in upload_json: 'DataCleaningEngine' object has no attribute 'clean_json_data'
Traceback (most recent call last):
  File "/Users/shashwatroy/Desktop/ns/New-CB/light_ai/light_ai/api.py", line 258, in upload_json
    cleaned_data = self.cleaning_engine.clean_json_data(
AttributeError: 'DataCleaningEngine' object has no attribute 'clean_json_data'
2026-01-03 22:44:58 - light_ai.storage.directory_manager - INFO - directory_manager.py:54 - Creating directory structure at: .
2026-01-03 22:44:58 - light_ai.storage.directory_manager - INFO - directory_manager.py:68 - Directory structure created successfully
2026-01-03 22:44:58 - light_ai.storage.database_managers - INFO - database_managers.py:488 - SQLite metadata registry initialized at: metadata/registry.db
2026-01-03 22:44:58 - light_ai.storage.database_managers - INFO - database_managers.py:488 - SQLite metadata registry initialized at: metadata/registry.db
2026-01-03 22:44:58 - light_ai.storage.database_managers - INFO - database_managers.py:488 - SQLite metadata registry initialized at: metadata/registry.db
2026-01-03 22:44:58 - light_ai.storage.database_managers - INFO - database_managers.py:488 - SQLite metadata registry initialized at: metadata/registry.db
2026-01-03 22:44:58 - light_ai.storage.database_managers - INFO - database_managers.py:488 - SQLite metadata registry initialized at: metadata/registry.db
2026-01-03 22:44:58 - light_ai.storage.database_managers - INFO - database_managers.py:488 - SQLite metadata registry initialized at: metadata/registry.db
2026-01-03 22:44:58 - light_ai.storage.database_managers - INFO - database_managers.py:488 - SQLite metadata registry initialized at: metadata/registry.db
2026-01-03 22:44:58 - light_ai.storage.database_managers - INFO - database_managers.py:488 - SQLite metadata registry initialized at: metadata/registry.db
2026-01-03 22:44:58 - light_ai.storage.database_managers - INFO - database_managers.py:488 - SQLite metadata registry initialized at: metadata/registry.db
2026-01-03 22:44:58 - universal_data_handler - INFO - api.py:123 - Universal Data Handler API initialized successfully
2026-01-03 22:44:58 - light_ai.sub_layer_1.file_upload - INFO - file_upload.py:341 - Starting upload for tmpo8157ce_.json (resource_id: 95b85bfb-33bd-4825-be2f-53c43dbb74a8)
2026-01-03 22:44:58 - light_ai.sub_layer_1.file_upload - INFO - file_upload.py:218 - File validation successful: tmpo8157ce_.json (json, 0.0MB)
2026-01-03 22:44:58 - light_ai.sub_layer_1.file_upload - INFO - file_upload.py:354 - Duplicate check for hash c2c89980... (would query metadata registry)
2026-01-03 22:44:58 - light_ai.sub_layer_1.file_upload - INFO - file_upload.py:382 - File upload completed: tmpo8157ce_.json -> 95b85bfb-33bd-4825-be2f-53c43dbb74a8
2026-01-03 22:44:58 - light_ai.sub_layer_1.data_cleaning - INFO - data_cleaning.py:750 - Starting data cleaning for type: json
2026-01-03 22:44:58 - light_ai.sub_layer_1.data_cleaning - INFO - data_cleaning.py:383 - Starting JSON data cleaning: dict
2026-01-03 22:44:58 - light_ai.sub_layer_1.data_cleaning - INFO - data_cleaning.py:397 - JSON data cleaning completed: 0 operations
2026-01-03 22:44:58 - light_ai.storage.storage_router - INFO - storage_router.py:57 - Initializing storage router...
2026-01-03 22:44:58 - light_ai.storage.database_managers - INFO - database_managers.py:695 - Initializing all database managers...
2026-01-03 22:44:58 - light_ai.storage.database_managers - INFO - database_managers.py:488 - SQLite metadata registry initialized at: metadata/registry.db
2026-01-03 22:44:58 - light_ai.storage.database_managers - INFO - database_managers.py:72 - DuckDB initialized at: data/duckdb/main.db
2026-01-03 22:44:58 - light_ai.storage.database_managers - INFO - database_managers.py:304 - ChromaDB initialized at: data/unstructured/chroma_db
2026-01-03 22:44:58 - light_ai.storage.database_managers - INFO - database_managers.py:703 - All database managers initialized successfully
2026-01-03 22:44:58 - light_ai.storage.database_managers - INFO - database_managers.py:488 - SQLite metadata registry initialized at: metadata/registry.db
2026-01-03 22:44:58 - light_ai.storage.storage_router - INFO - storage_router.py:61 - Storage router initialized successfully
2026-01-03 22:44:58 - light_ai.storage.storage_router - ERROR - storage_router.py:170 - Failed to store JSON data: 'dict' object has no attribute 'user_id'
2026-01-03 22:44:58 - universal_data_handler - ERROR - api.py:128 - Error in upload_json: Failed to store JSON data: 'dict' object has no attribute 'user_id'
Traceback (most recent call last):
  File "/Users/shashwatroy/Desktop/ns/New-CB/light_ai/light_ai/storage/storage_router.py", line 151, in store_json_data
    metadata, None, hierarchy.user_id, OperationType.UPLOAD,
AttributeError: 'dict' object has no attribute 'user_id'

During handling of the above exception, another exception occurred:

Traceback (most recent call last):
  File "/Users/shashwatroy/Desktop/ns/New-CB/light_ai/light_ai/api.py", line 271, in upload_json
    self.storage_router.store_json_data(
  File "/Users/shashwatroy/Desktop/ns/New-CB/light_ai/light_ai/storage/storage_router.py", line 171, in store_json_data
    raise RuntimeError(f"Failed to store JSON data: {e}")
RuntimeError: Failed to store JSON data: 'dict' object has no attribute 'user_id'
2026-01-03 22:47:38 - light_ai.storage.directory_manager - INFO - directory_manager.py:54 - Creating directory structure at: .
2026-01-03 22:47:38 - light_ai.storage.directory_manager - INFO - directory_manager.py:68 - Directory structure created successfully
2026-01-03 22:47:38 - light_ai.storage.database_managers - INFO - database_managers.py:488 - SQLite metadata registry initialized at: metadata/registry.db
2026-01-03 22:47:38 - light_ai.storage.database_managers - INFO - database_managers.py:488 - SQLite metadata registry initialized at: metadata/registry.db
2026-01-03 22:47:38 - light_ai.storage.database_managers - INFO - database_managers.py:488 - SQLite metadata registry initialized at: metadata/registry.db
2026-01-03 22:47:38 - light_ai.storage.database_managers - INFO - database_managers.py:488 - SQLite metadata registry initialized at: metadata/registry.db
2026-01-03 22:47:38 - light_ai.storage.database_managers - INFO - database_managers.py:488 - SQLite metadata registry initialized at: metadata/registry.db
2026-01-03 22:47:38 - light_ai.storage.database_managers - INFO - database_managers.py:488 - SQLite metadata registry initialized at: metadata/registry.db
2026-01-03 22:47:38 - light_ai.storage.database_managers - INFO - database_managers.py:488 - SQLite metadata registry initialized at: metadata/registry.db
2026-01-03 22:47:38 - light_ai.storage.database_managers - INFO - database_managers.py:488 - SQLite metadata registry initialized at: metadata/registry.db
2026-01-03 22:47:38 - light_ai.storage.database_managers - INFO - database_managers.py:488 - SQLite metadata registry initialized at: metadata/registry.db
2026-01-03 22:47:38 - universal_data_handler - INFO - api.py:123 - Universal Data Handler API initialized successfully
2026-01-03 22:47:38 - light_ai.sub_layer_1.file_upload - INFO - file_upload.py:341 - Starting upload for tmp29k08brk.json (resource_id: a9682dba-3064-4459-8916-9759ffbd2759)
2026-01-03 22:47:38 - light_ai.sub_layer_1.file_upload - INFO - file_upload.py:218 - File validation successful: tmp29k08brk.json (json, 0.0MB)
2026-01-03 22:47:38 - light_ai.sub_layer_1.file_upload - INFO - file_upload.py:354 - Duplicate check for hash c2c89980... (would query metadata registry)
2026-01-03 22:47:38 - universal_data_handler - ERROR - api.py:128 - Error in upload_json: user_id must be a valid UUID v4: badly formed hexadecimal UUID string
Traceback (most recent call last):
  File "/Users/shashwatroy/Desktop/ns/New-CB/light_ai/light_ai/core/models.py", line 65, in _validate_uuid
    uuid_obj = uuid.UUID(uuid_str, version=4)
  File "/Users/shashwatroy/.local/share/uv/python/cpython-3.10.19-macos-aarch64-none/lib/python3.10/uuid.py", line 177, in __init__
    raise ValueError('badly formed hexadecimal UUID string')
ValueError: badly formed hexadecimal UUID string

During handling of the above exception, another exception occurred:

Traceback (most recent call last):
  File "/Users/shashwatroy/Desktop/ns/New-CB/light_ai/light_ai/api.py", line 258, in upload_json
    metadata = self.file_upload_api.upload_file(
  File "/Users/shashwatroy/Desktop/ns/New-CB/light_ai/light_ai/sub_layer_1/file_upload.py", line 369, in upload_file
    metadata = ResourceMetadata(
  File "<string>", line 22, in __init__
  File "/Users/shashwatroy/Desktop/ns/New-CB/light_ai/light_ai/core/models.py", line 123, in __post_init__
    DataHierarchy._validate_uuid(self.user_id, "user_id")
  File "/Users/shashwatroy/Desktop/ns/New-CB/light_ai/light_ai/core/models.py", line 69, in _validate_uuid
    raise ValueError(f"{field_name} must be a valid UUID v4: {e}")
ValueError: user_id must be a valid UUID v4: badly formed hexadecimal UUID string
2026-01-03 22:47:57 - light_ai.storage.directory_manager - INFO - directory_manager.py:54 - Creating directory structure at: .
2026-01-03 22:47:57 - light_ai.storage.directory_manager - INFO - directory_manager.py:68 - Directory structure created successfully
2026-01-03 22:47:57 - light_ai.storage.database_managers - INFO - database_managers.py:488 - SQLite metadata registry initialized at: metadata/registry.db
2026-01-03 22:47:57 - light_ai.storage.database_managers - INFO - database_managers.py:488 - SQLite metadata registry initialized at: metadata/registry.db
2026-01-03 22:47:57 - light_ai.storage.database_managers - INFO - database_managers.py:488 - SQLite metadata registry initialized at: metadata/registry.db
2026-01-03 22:47:57 - light_ai.storage.database_managers - INFO - database_managers.py:488 - SQLite metadata registry initialized at: metadata/registry.db
2026-01-03 22:47:57 - light_ai.storage.database_managers - INFO - database_managers.py:488 - SQLite metadata registry initialized at: metadata/registry.db
2026-01-03 22:47:57 - light_ai.storage.database_managers - INFO - database_managers.py:488 - SQLite metadata registry initialized at: metadata/registry.db
2026-01-03 22:47:57 - light_ai.storage.database_managers - INFO - database_managers.py:488 - SQLite metadata registry initialized at: metadata/registry.db
2026-01-03 22:47:57 - light_ai.storage.database_managers - INFO - database_managers.py:488 - SQLite metadata registry initialized at: metadata/registry.db
2026-01-03 22:47:57 - light_ai.storage.database_managers - INFO - database_managers.py:488 - SQLite metadata registry initialized at: metadata/registry.db
2026-01-03 22:47:57 - universal_data_handler - INFO - api.py:123 - Universal Data Handler API initialized successfully
2026-01-03 22:47:57 - light_ai.sub_layer_1.file_upload - INFO - file_upload.py:341 - Starting upload for tmp6a8qppnk.json (resource_id: f4bac155-12f8-4221-9c36-7f3255c33f2a)
2026-01-03 22:47:57 - light_ai.sub_layer_1.file_upload - INFO - file_upload.py:218 - File validation successful: tmp6a8qppnk.json (json, 0.0MB)
2026-01-03 22:47:57 - light_ai.sub_layer_1.file_upload - INFO - file_upload.py:354 - Duplicate check for hash c2c89980... (would query metadata registry)
2026-01-03 22:47:57 - light_ai.sub_layer_1.file_upload - INFO - file_upload.py:382 - File upload completed: tmp6a8qppnk.json -> f4bac155-12f8-4221-9c36-7f3255c33f2a
2026-01-03 22:47:57 - light_ai.sub_layer_1.data_cleaning - INFO - data_cleaning.py:750 - Starting data cleaning for type: json
2026-01-03 22:47:57 - light_ai.sub_layer_1.data_cleaning - INFO - data_cleaning.py:383 - Starting JSON data cleaning: dict
2026-01-03 22:47:57 - light_ai.sub_layer_1.data_cleaning - INFO - data_cleaning.py:397 - JSON data cleaning completed: 0 operations
2026-01-03 22:47:57 - light_ai.storage.storage_router - INFO - storage_router.py:57 - Initializing storage router...
2026-01-03 22:47:57 - light_ai.storage.database_managers - INFO - database_managers.py:695 - Initializing all database managers...
2026-01-03 22:47:57 - light_ai.storage.database_managers - INFO - database_managers.py:488 - SQLite metadata registry initialized at: metadata/registry.db
2026-01-03 22:47:57 - light_ai.storage.database_managers - INFO - database_managers.py:72 - DuckDB initialized at: data/duckdb/main.db
2026-01-03 22:47:57 - light_ai.storage.database_managers - INFO - database_managers.py:304 - ChromaDB initialized at: data/unstructured/chroma_db
2026-01-03 22:47:57 - light_ai.storage.database_managers - INFO - database_managers.py:703 - All database managers initialized successfully
2026-01-03 22:47:57 - light_ai.storage.database_managers - INFO - database_managers.py:488 - SQLite metadata registry initialized at: metadata/registry.db
2026-01-03 22:47:57 - light_ai.storage.storage_router - INFO - storage_router.py:61 - Storage router initialized successfully
2026-01-03 22:47:57 - light_ai.storage.storage_router - ERROR - storage_router.py:170 - Failed to store JSON data: 'dict' object has no attribute 'user_id'
2026-01-03 22:47:57 - universal_data_handler - ERROR - api.py:128 - Error in upload_json: Failed to store JSON data: 'dict' object has no attribute 'user_id'
Traceback (most recent call last):
  File "/Users/shashwatroy/Desktop/ns/New-CB/light_ai/light_ai/storage/storage_router.py", line 151, in store_json_data
    metadata, None, hierarchy.user_id, OperationType.UPLOAD,
AttributeError: 'dict' object has no attribute 'user_id'

During handling of the above exception, another exception occurred:

Traceback (most recent call last):
  File "/Users/shashwatroy/Desktop/ns/New-CB/light_ai/light_ai/api.py", line 271, in upload_json
    self.storage_router.store_json_data(
  File "/Users/shashwatroy/Desktop/ns/New-CB/light_ai/light_ai/storage/storage_router.py", line 171, in store_json_data
    raise RuntimeError(f"Failed to store JSON data: {e}")
RuntimeError: Failed to store JSON data: 'dict' object has no attribute 'user_id'
2026-01-03 22:49:28 - light_ai.storage.directory_manager - INFO - directory_manager.py:54 - Creating directory structure at: .
2026-01-03 22:49:28 - light_ai.storage.directory_manager - INFO - directory_manager.py:68 - Directory structure created successfully
2026-01-03 22:49:28 - light_ai.storage.database_managers - INFO - database_managers.py:488 - SQLite metadata registry initialized at: metadata/registry.db
2026-01-03 22:49:28 - light_ai.storage.database_managers - INFO - database_managers.py:488 - SQLite metadata registry initialized at: metadata/registry.db
2026-01-03 22:49:28 - light_ai.storage.database_managers - INFO - database_managers.py:488 - SQLite metadata registry initialized at: metadata/registry.db
2026-01-03 22:49:28 - light_ai.storage.database_managers - INFO - database_managers.py:488 - SQLite metadata registry initialized at: metadata/registry.db
2026-01-03 22:49:28 - light_ai.storage.database_managers - INFO - database_managers.py:488 - SQLite metadata registry initialized at: metadata/registry.db
2026-01-03 22:49:28 - light_ai.storage.database_managers - INFO - database_managers.py:488 - SQLite metadata registry initialized at: metadata/registry.db
2026-01-03 22:49:28 - light_ai.storage.database_managers - INFO - database_managers.py:488 - SQLite metadata registry initialized at: metadata/registry.db
2026-01-03 22:49:28 - light_ai.storage.database_managers - INFO - database_managers.py:488 - SQLite metadata registry initialized at: metadata/registry.db
2026-01-03 22:49:28 - light_ai.storage.database_managers - INFO - database_managers.py:488 - SQLite metadata registry initialized at: metadata/registry.db
2026-01-03 22:49:28 - universal_data_handler - INFO - api.py:123 - Universal Data Handler API initialized successfully
2026-01-03 22:49:28 - light_ai.sub_layer_1.file_upload - INFO - file_upload.py:341 - Starting upload for tmpecrm9rhd.json (resource_id: 8b3e5858-31e6-4ad3-8666-1f461af0b3a4)
2026-01-03 22:49:28 - light_ai.sub_layer_1.file_upload - INFO - file_upload.py:218 - File validation successful: tmpecrm9rhd.json (json, 0.0MB)
2026-01-03 22:49:28 - light_ai.sub_layer_1.file_upload - INFO - file_upload.py:354 - Duplicate check for hash c2c89980... (would query metadata registry)
2026-01-03 22:49:28 - light_ai.sub_layer_1.file_upload - INFO - file_upload.py:382 - File upload completed: tmpecrm9rhd.json -> 8b3e5858-31e6-4ad3-8666-1f461af0b3a4
2026-01-03 22:49:28 - light_ai.sub_layer_1.data_cleaning - INFO - data_cleaning.py:750 - Starting data cleaning for type: json
2026-01-03 22:49:28 - light_ai.sub_layer_1.data_cleaning - INFO - data_cleaning.py:383 - Starting JSON data cleaning: dict
2026-01-03 22:49:28 - light_ai.sub_layer_1.data_cleaning - INFO - data_cleaning.py:397 - JSON data cleaning completed: 0 operations
2026-01-03 22:49:28 - light_ai.storage.storage_router - INFO - storage_router.py:57 - Initializing storage router...
2026-01-03 22:49:28 - light_ai.storage.database_managers - INFO - database_managers.py:695 - Initializing all database managers...
2026-01-03 22:49:28 - light_ai.storage.database_managers - INFO - database_managers.py:488 - SQLite metadata registry initialized at: metadata/registry.db
2026-01-03 22:49:29 - light_ai.storage.database_managers - INFO - database_managers.py:72 - DuckDB initialized at: data/duckdb/main.db
2026-01-03 22:49:29 - light_ai.storage.database_managers - INFO - database_managers.py:304 - ChromaDB initialized at: data/unstructured/chroma_db
2026-01-03 22:49:29 - light_ai.storage.database_managers - INFO - database_managers.py:703 - All database managers initialized successfully
2026-01-03 22:49:29 - light_ai.storage.database_managers - INFO - database_managers.py:488 - SQLite metadata registry initialized at: metadata/registry.db
2026-01-03 22:49:29 - light_ai.storage.storage_router - INFO - storage_router.py:61 - Storage router initialized successfully
2026-01-03 22:49:29 - light_ai.storage.metadata_registry - INFO - metadata_registry.py:98 - Created resource metadata: 8b3e5858-31e6-4ad3-8666-1f461af0b3a4
2026-01-03 22:49:29 - light_ai.storage.version_manager - INFO - version_manager.py:185 - Created version 1 for resource 8b3e5858-31e6-4ad3-8666-1f461af0b3a4
2026-01-03 22:49:29 - light_ai.storage.database_managers - INFO - database_managers.py:215 - Stored JSON data in table: json_data.json_8b3e5858_31e6_4ad3_8666_1f461af0b3a4
2026-01-03 22:49:29 - light_ai.storage.storage_router - INFO - storage_router.py:166 - Stored JSON data: json_8b3e5858_31e6_4ad3_8666_1f461af0b3a4
2026-01-03 22:49:29 - universal_data_handler - ERROR - api.py:128 - Error in upload_json: 'MetadataRegistry' object has no attribute 'register_resource'
Traceback (most recent call last):
  File "/Users/shashwatroy/Desktop/ns/New-CB/light_ai/light_ai/api.py", line 307, in upload_json
    self.metadata_registry.register_resource(metadata)
AttributeError: 'MetadataRegistry' object has no attribute 'register_resource'
2026-01-03 22:50:32 - light_ai.storage.directory_manager - INFO - directory_manager.py:54 - Creating directory structure at: .
2026-01-03 22:50:32 - light_ai.storage.directory_manager - INFO - directory_manager.py:68 - Directory structure created successfully
2026-01-03 22:50:32 - light_ai.storage.database_managers - INFO - database_managers.py:488 - SQLite metadata registry initialized at: metadata/registry.db
2026-01-03 22:50:32 - light_ai.storage.database_managers - INFO - database_managers.py:488 - SQLite metadata registry initialized at: metadata/registry.db
2026-01-03 22:50:32 - light_ai.storage.database_managers - INFO - database_managers.py:488 - SQLite metadata registry initialized at: metadata/registry.db
2026-01-03 22:50:32 - light_ai.storage.database_managers - INFO - database_managers.py:488 - SQLite metadata registry initialized at: metadata/registry.db
2026-01-03 22:50:32 - light_ai.storage.database_managers - INFO - database_managers.py:488 - SQLite metadata registry initialized at: metadata/registry.db
2026-01-03 22:50:32 - light_ai.storage.database_managers - INFO - database_managers.py:488 - SQLite metadata registry initialized at: metadata/registry.db
2026-01-03 22:50:32 - light_ai.storage.database_managers - INFO - database_managers.py:488 - SQLite metadata registry initialized at: metadata/registry.db
2026-01-03 22:50:32 - light_ai.storage.database_managers - INFO - database_managers.py:488 - SQLite metadata registry initialized at: metadata/registry.db
2026-01-03 22:50:32 - light_ai.storage.database_managers - INFO - database_managers.py:488 - SQLite metadata registry initialized at: metadata/registry.db
2026-01-03 22:50:32 - universal_data_handler - INFO - api.py:123 - Universal Data Handler API initialized successfully
2026-01-03 22:50:32 - light_ai.sub_layer_1.file_upload - INFO - file_upload.py:341 - Starting upload for tmpobal20v9.json (resource_id: 3ade2276-f26f-4aa9-a2fa-a87a3aa6e4cd)
2026-01-03 22:50:32 - light_ai.sub_layer_1.file_upload - INFO - file_upload.py:218 - File validation successful: tmpobal20v9.json (json, 0.0MB)
2026-01-03 22:50:32 - light_ai.sub_layer_1.file_upload - INFO - file_upload.py:354 - Duplicate check for hash c2c89980... (would query metadata registry)
2026-01-03 22:50:32 - light_ai.sub_layer_1.file_upload - INFO - file_upload.py:382 - File upload completed: tmpobal20v9.json -> 3ade2276-f26f-4aa9-a2fa-a87a3aa6e4cd
2026-01-03 22:50:32 - light_ai.sub_layer_1.data_cleaning - INFO - data_cleaning.py:750 - Starting data cleaning for type: json
2026-01-03 22:50:32 - light_ai.sub_layer_1.data_cleaning - INFO - data_cleaning.py:383 - Starting JSON data cleaning: dict
2026-01-03 22:50:32 - light_ai.sub_layer_1.data_cleaning - INFO - data_cleaning.py:397 - JSON data cleaning completed: 0 operations
2026-01-03 22:50:32 - light_ai.storage.storage_router - INFO - storage_router.py:57 - Initializing storage router...
2026-01-03 22:50:32 - light_ai.storage.database_managers - INFO - database_managers.py:695 - Initializing all database managers...
2026-01-03 22:50:32 - light_ai.storage.database_managers - INFO - database_managers.py:488 - SQLite metadata registry initialized at: metadata/registry.db
2026-01-03 22:50:32 - light_ai.storage.database_managers - INFO - database_managers.py:72 - DuckDB initialized at: data/duckdb/main.db
2026-01-03 22:50:32 - light_ai.storage.database_managers - INFO - database_managers.py:304 - ChromaDB initialized at: data/unstructured/chroma_db
2026-01-03 22:50:32 - light_ai.storage.database_managers - INFO - database_managers.py:703 - All database managers initialized successfully
2026-01-03 22:50:32 - light_ai.storage.database_managers - INFO - database_managers.py:488 - SQLite metadata registry initialized at: metadata/registry.db
2026-01-03 22:50:32 - light_ai.storage.storage_router - INFO - storage_router.py:61 - Storage router initialized successfully
2026-01-03 22:50:32 - light_ai.storage.metadata_registry - INFO - metadata_registry.py:98 - Created resource metadata: 3ade2276-f26f-4aa9-a2fa-a87a3aa6e4cd
2026-01-03 22:50:32 - light_ai.storage.version_manager - INFO - version_manager.py:185 - Created version 1 for resource 3ade2276-f26f-4aa9-a2fa-a87a3aa6e4cd
2026-01-03 22:50:32 - light_ai.storage.database_managers - INFO - database_managers.py:215 - Stored JSON data in table: json_data.json_3ade2276_f26f_4aa9_a2fa_a87a3aa6e4cd
2026-01-03 22:50:32 - light_ai.storage.storage_router - INFO - storage_router.py:166 - Stored JSON data: json_3ade2276_f26f_4aa9_a2fa_a87a3aa6e4cd
2026-01-03 22:50:32 - light_ai.storage.database_managers - INFO - database_managers.py:488 - SQLite metadata registry initialized at: metadata/registry.db
2026-01-03 22:50:32 - universal_data_handler - ERROR - api.py:128 - Error in upload_json: Resource 3ade2276-f26f-4aa9-a2fa-a87a3aa6e4cd already exists
Traceback (most recent call last):
  File "/Users/shashwatroy/Desktop/ns/New-CB/light_ai/light_ai/api.py", line 307, in upload_json
    self.metadata_registry.create_resource_metadata(metadata)
  File "/Users/shashwatroy/Desktop/ns/New-CB/light_ai/light_ai/storage/metadata_registry.py", line 62, in create_resource_metadata
    raise ValueError(f"Resource {metadata.resource_id} already exists")
ValueError: Resource 3ade2276-f26f-4aa9-a2fa-a87a3aa6e4cd already exists
2026-01-03 22:50:59 - light_ai.storage.directory_manager - INFO - directory_manager.py:54 - Creating directory structure at: .
2026-01-03 22:50:59 - light_ai.storage.directory_manager - INFO - directory_manager.py:68 - Directory structure created successfully
2026-01-03 22:50:59 - light_ai.storage.database_managers - INFO - database_managers.py:488 - SQLite metadata registry initialized at: metadata/registry.db
2026-01-03 22:50:59 - light_ai.storage.database_managers - INFO - database_managers.py:488 - SQLite metadata registry initialized at: metadata/registry.db
2026-01-03 22:50:59 - light_ai.storage.database_managers - INFO - database_managers.py:488 - SQLite metadata registry initialized at: metadata/registry.db
2026-01-03 22:50:59 - light_ai.storage.database_managers - INFO - database_managers.py:488 - SQLite metadata registry initialized at: metadata/registry.db
2026-01-03 22:50:59 - light_ai.storage.database_managers - INFO - database_managers.py:488 - SQLite metadata registry initialized at: metadata/registry.db
2026-01-03 22:50:59 - light_ai.storage.database_managers - INFO - database_managers.py:488 - SQLite metadata registry initialized at: metadata/registry.db
2026-01-03 22:50:59 - light_ai.storage.database_managers - INFO - database_managers.py:488 - SQLite metadata registry initialized at: metadata/registry.db
2026-01-03 22:50:59 - light_ai.storage.database_managers - INFO - database_managers.py:488 - SQLite metadata registry initialized at: metadata/registry.db
2026-01-03 22:50:59 - light_ai.storage.database_managers - INFO - database_managers.py:488 - SQLite metadata registry initialized at: metadata/registry.db
2026-01-03 22:50:59 - universal_data_handler - INFO - api.py:123 - Universal Data Handler API initialized successfully
2026-01-03 22:50:59 - light_ai.sub_layer_1.file_upload - INFO - file_upload.py:341 - Starting upload for tmp2uqocizm.json (resource_id: e4a326e6-c652-4b26-81f6-d017eb799aa2)
2026-01-03 22:50:59 - light_ai.sub_layer_1.file_upload - INFO - file_upload.py:218 - File validation successful: tmp2uqocizm.json (json, 0.0MB)
2026-01-03 22:50:59 - light_ai.sub_layer_1.file_upload - INFO - file_upload.py:354 - Duplicate check for hash c2c89980... (would query metadata registry)
2026-01-03 22:50:59 - light_ai.sub_layer_1.file_upload - INFO - file_upload.py:382 - File upload completed: tmp2uqocizm.json -> e4a326e6-c652-4b26-81f6-d017eb799aa2
2026-01-03 22:50:59 - light_ai.sub_layer_1.data_cleaning - INFO - data_cleaning.py:750 - Starting data cleaning for type: json
2026-01-03 22:50:59 - light_ai.sub_layer_1.data_cleaning - INFO - data_cleaning.py:383 - Starting JSON data cleaning: dict
2026-01-03 22:50:59 - light_ai.sub_layer_1.data_cleaning - INFO - data_cleaning.py:397 - JSON data cleaning completed: 0 operations
2026-01-03 22:50:59 - light_ai.storage.storage_router - INFO - storage_router.py:57 - Initializing storage router...
2026-01-03 22:50:59 - light_ai.storage.database_managers - INFO - database_managers.py:695 - Initializing all database managers...
2026-01-03 22:50:59 - light_ai.storage.database_managers - INFO - database_managers.py:488 - SQLite metadata registry initialized at: metadata/registry.db
2026-01-03 22:50:59 - light_ai.storage.database_managers - INFO - database_managers.py:72 - DuckDB initialized at: data/duckdb/main.db
2026-01-03 22:50:59 - light_ai.storage.database_managers - INFO - database_managers.py:304 - ChromaDB initialized at: data/unstructured/chroma_db
2026-01-03 22:50:59 - light_ai.storage.database_managers - INFO - database_managers.py:703 - All database managers initialized successfully
2026-01-03 22:50:59 - light_ai.storage.database_managers - INFO - database_managers.py:488 - SQLite metadata registry initialized at: metadata/registry.db
2026-01-03 22:50:59 - light_ai.storage.storage_router - INFO - storage_router.py:61 - Storage router initialized successfully
2026-01-03 22:50:59 - light_ai.storage.metadata_registry - INFO - metadata_registry.py:98 - Created resource metadata: e4a326e6-c652-4b26-81f6-d017eb799aa2
2026-01-03 22:50:59 - light_ai.storage.version_manager - INFO - version_manager.py:185 - Created version 1 for resource e4a326e6-c652-4b26-81f6-d017eb799aa2
2026-01-03 22:50:59 - light_ai.storage.database_managers - INFO - database_managers.py:215 - Stored JSON data in table: json_data.json_e4a326e6_c652_4b26_81f6_d017eb799aa2
2026-01-03 22:50:59 - light_ai.storage.storage_router - INFO - storage_router.py:166 - Stored JSON data: json_e4a326e6_c652_4b26_81f6_d017eb799aa2
2026-01-03 22:50:59 - light_ai.storage.database_managers - INFO - database_managers.py:488 - SQLite metadata registry initialized at: metadata/registry.db
2026-01-03 22:50:59 - light_ai.storage.storage_router - INFO - storage_router.py:57 - Initializing storage router...
2026-01-03 22:50:59 - light_ai.storage.database_managers - INFO - database_managers.py:695 - Initializing all database managers...
2026-01-03 22:50:59 - light_ai.storage.database_managers - INFO - database_managers.py:488 - SQLite metadata registry initialized at: metadata/registry.db
2026-01-03 22:50:59 - light_ai.storage.database_managers - INFO - database_managers.py:72 - DuckDB initialized at: data/duckdb/main.db
2026-01-03 22:50:59 - light_ai.storage.database_managers - INFO - database_managers.py:304 - ChromaDB initialized at: data/unstructured/chroma_db
2026-01-03 22:50:59 - light_ai.storage.database_managers - INFO - database_managers.py:703 - All database managers initialized successfully
2026-01-03 22:50:59 - light_ai.storage.database_managers - INFO - database_managers.py:488 - SQLite metadata registry initialized at: metadata/registry.db
2026-01-03 22:50:59 - light_ai.storage.storage_router - INFO - storage_router.py:61 - Storage router initialized successfully
2026-01-03 22:50:59 - light_ai.storage.database_managers - INFO - database_managers.py:488 - SQLite metadata registry initialized at: metadata/registry.db
2026-01-03 22:50:59 - light_ai.sub_layer_2.sql_query_engine - INFO - sql_query_engine.py:81 - SQL Query Engine initialized
2026-01-03 22:50:59 - light_ai.sub_layer_2.sql_query_engine - ERROR - sql_query_engine.py:148 - Failed to execute SQL query: Access denied to table: products
2026-01-03 22:50:59 - universal_data_handler - ERROR - api.py:128 - Error in query_structured: Query execution failed: Access denied to table: products
Traceback (most recent call last):
  File "/Users/shashwatroy/Desktop/ns/New-CB/light_ai/light_ai/sub_layer_2/sql_query_engine.py", line 111, in execute_query
    query_plan = self._create_query_plan(sql, client_id, user_id, access_level)
  File "/Users/shashwatroy/Desktop/ns/New-CB/light_ai/light_ai/sub_layer_2/sql_query_engine.py", line 318, in _create_query_plan
    raise ValueError(f"Access denied to table: {table_ref}")
ValueError: Access denied to table: products

During handling of the above exception, another exception occurred:

Traceback (most recent call last):
  File "/Users/shashwatroy/Desktop/ns/New-CB/light_ai/light_ai/api.py", line 612, in query_structured
    result = self.sql_engine.execute_query(sql_query, client_id, user_id)
  File "/Users/shashwatroy/Desktop/ns/New-CB/light_ai/light_ai/sub_layer_2/sql_query_engine.py", line 149, in execute_query
    raise RuntimeError(f"Query execution failed: {e}")
RuntimeError: Query execution failed: Access denied to table: products
2026-01-03 22:50:59 - universal_data_handler - ERROR - api.py:128 - Error in query_natural: 'NaturalLanguageProcessor' object has no attribute 'process_query'
Traceback (most recent call last):
  File "/Users/shashwatroy/Desktop/ns/New-CB/light_ai/light_ai/api.py", line 651, in query_natural
    result = self.nl_processor.process_query(question, client_id, user_id)
AttributeError: 'NaturalLanguageProcessor' object has no attribute 'process_query'
2026-01-03 22:51:15 - light_ai.storage.directory_manager - INFO - directory_manager.py:54 - Creating directory structure at: .
2026-01-03 22:51:15 - light_ai.storage.directory_manager - INFO - directory_manager.py:68 - Directory structure created successfully
2026-01-03 22:51:15 - light_ai.storage.database_managers - INFO - database_managers.py:488 - SQLite metadata registry initialized at: metadata/registry.db
2026-01-03 22:51:15 - light_ai.storage.database_managers - INFO - database_managers.py:488 - SQLite metadata registry initialized at: metadata/registry.db
2026-01-03 22:51:15 - light_ai.storage.database_managers - INFO - database_managers.py:488 - SQLite metadata registry initialized at: metadata/registry.db
2026-01-03 22:51:15 - light_ai.storage.database_managers - INFO - database_managers.py:488 - SQLite metadata registry initialized at: metadata/registry.db
2026-01-03 22:51:15 - light_ai.storage.database_managers - INFO - database_managers.py:488 - SQLite metadata registry initialized at: metadata/registry.db
2026-01-03 22:51:15 - light_ai.storage.database_managers - INFO - database_managers.py:488 - SQLite metadata registry initialized at: metadata/registry.db
2026-01-03 22:51:15 - light_ai.storage.database_managers - INFO - database_managers.py:488 - SQLite metadata registry initialized at: metadata/registry.db
2026-01-03 22:51:15 - light_ai.storage.database_managers - INFO - database_managers.py:488 - SQLite metadata registry initialized at: metadata/registry.db
2026-01-03 22:51:15 - light_ai.storage.database_managers - INFO - database_managers.py:488 - SQLite metadata registry initialized at: metadata/registry.db
2026-01-03 22:51:15 - universal_data_handler - INFO - api.py:123 - Universal Data Handler API initialized successfully
2026-01-03 22:51:15 - light_ai.sub_layer_1.file_upload - INFO - file_upload.py:341 - Starting upload for tmpiv2571gd.json (resource_id: 8330b60a-a255-4b07-bd0c-0c5cca91081f)
2026-01-03 22:51:15 - light_ai.sub_layer_1.file_upload - INFO - file_upload.py:218 - File validation successful: tmpiv2571gd.json (json, 0.0MB)
2026-01-03 22:51:15 - light_ai.sub_layer_1.file_upload - INFO - file_upload.py:354 - Duplicate check for hash 3edf8292... (would query metadata registry)
2026-01-03 22:51:15 - light_ai.sub_layer_1.file_upload - INFO - file_upload.py:382 - File upload completed: tmpiv2571gd.json -> 8330b60a-a255-4b07-bd0c-0c5cca91081f
2026-01-03 22:51:15 - light_ai.sub_layer_1.data_cleaning - INFO - data_cleaning.py:750 - Starting data cleaning for type: json
2026-01-03 22:51:15 - light_ai.sub_layer_1.data_cleaning - INFO - data_cleaning.py:383 - Starting JSON data cleaning: dict
2026-01-03 22:51:15 - light_ai.sub_layer_1.data_cleaning - INFO - data_cleaning.py:397 - JSON data cleaning completed: 0 operations
2026-01-03 22:51:15 - light_ai.storage.storage_router - INFO - storage_router.py:57 - Initializing storage router...
2026-01-03 22:51:15 - light_ai.storage.database_managers - INFO - database_managers.py:695 - Initializing all database managers...
2026-01-03 22:51:15 - light_ai.storage.database_managers - INFO - database_managers.py:488 - SQLite metadata registry initialized at: metadata/registry.db
2026-01-03 22:51:15 - light_ai.storage.database_managers - INFO - database_managers.py:72 - DuckDB initialized at: data/duckdb/main.db
2026-01-03 22:51:15 - light_ai.storage.database_managers - INFO - database_managers.py:304 - ChromaDB initialized at: data/unstructured/chroma_db
2026-01-03 22:51:15 - light_ai.storage.database_managers - INFO - database_managers.py:703 - All database managers initialized successfully
2026-01-03 22:51:15 - light_ai.storage.database_managers - INFO - database_managers.py:488 - SQLite metadata registry initialized at: metadata/registry.db
2026-01-03 22:51:15 - light_ai.storage.storage_router - INFO - storage_router.py:61 - Storage router initialized successfully
2026-01-03 22:51:15 - light_ai.storage.metadata_registry - INFO - metadata_registry.py:98 - Created resource metadata: 8330b60a-a255-4b07-bd0c-0c5cca91081f
2026-01-03 22:51:15 - light_ai.storage.version_manager - INFO - version_manager.py:185 - Created version 1 for resource 8330b60a-a255-4b07-bd0c-0c5cca91081f
2026-01-03 22:51:15 - light_ai.storage.database_managers - INFO - database_managers.py:215 - Stored JSON data in table: json_data.json_8330b60a_a255_4b07_bd0c_0c5cca91081f
2026-01-03 22:51:15 - light_ai.storage.storage_router - INFO - storage_router.py:166 - Stored JSON data: json_8330b60a_a255_4b07_bd0c_0c5cca91081f
2026-01-03 22:53:00 - light_ai.storage.directory_manager - INFO - directory_manager.py:54 - Creating directory structure at: .
2026-01-03 22:53:00 - light_ai.storage.directory_manager - INFO - directory_manager.py:68 - Directory structure created successfully
2026-01-03 22:53:00 - light_ai.storage.database_managers - INFO - database_managers.py:488 - SQLite metadata registry initialized at: metadata/registry.db
2026-01-03 22:53:00 - light_ai.storage.database_managers - INFO - database_managers.py:488 - SQLite metadata registry initialized at: metadata/registry.db
2026-01-03 22:53:00 - light_ai.storage.database_managers - INFO - database_managers.py:488 - SQLite metadata registry initialized at: metadata/registry.db
2026-01-03 22:53:00 - light_ai.storage.database_managers - INFO - database_managers.py:488 - SQLite metadata registry initialized at: metadata/registry.db
2026-01-03 22:53:00 - light_ai.storage.database_managers - INFO - database_managers.py:488 - SQLite metadata registry initialized at: metadata/registry.db
2026-01-03 22:53:00 - light_ai.storage.database_managers - INFO - database_managers.py:488 - SQLite metadata registry initialized at: metadata/registry.db
2026-01-03 22:53:00 - light_ai.storage.database_managers - INFO - database_managers.py:488 - SQLite metadata registry initialized at: metadata/registry.db
2026-01-03 22:53:00 - light_ai.storage.database_managers - INFO - database_managers.py:488 - SQLite metadata registry initialized at: metadata/registry.db
2026-01-03 22:53:00 - light_ai.storage.database_managers - INFO - database_managers.py:488 - SQLite metadata registry initialized at: metadata/registry.db
2026-01-03 22:53:00 - universal_data_handler - INFO - api.py:123 - Universal Data Handler API initialized successfully
2026-01-03 22:53:27 - light_ai.storage.database_managers - INFO - database_managers.py:488 - SQLite metadata registry initialized at: metadata/registry.db
2026-01-03 22:53:41 - light_ai.sub_layer_1.file_upload - INFO - file_upload.py:341 - Starting upload for tmpsehmcolr.json (resource_id: 698a669f-7019-481b-8426-de391140a5be)
2026-01-03 22:53:41 - light_ai.sub_layer_1.file_upload - INFO - file_upload.py:218 - File validation successful: tmpsehmcolr.json (json, 0.0MB)
2026-01-03 22:53:41 - light_ai.sub_layer_1.file_upload - INFO - file_upload.py:354 - Duplicate check for hash bf8dffb1... (would query metadata registry)
2026-01-03 22:53:41 - light_ai.sub_layer_1.file_upload - INFO - file_upload.py:382 - File upload completed: tmpsehmcolr.json -> 698a669f-7019-481b-8426-de391140a5be
2026-01-03 22:53:41 - light_ai.sub_layer_1.data_cleaning - INFO - data_cleaning.py:750 - Starting data cleaning for type: json
2026-01-03 22:53:41 - light_ai.sub_layer_1.data_cleaning - INFO - data_cleaning.py:383 - Starting JSON data cleaning: dict
2026-01-03 22:53:41 - light_ai.sub_layer_1.data_cleaning - INFO - data_cleaning.py:397 - JSON data cleaning completed: 0 operations
2026-01-03 22:53:41 - light_ai.storage.storage_router - INFO - storage_router.py:57 - Initializing storage router...
2026-01-03 22:53:41 - light_ai.storage.database_managers - INFO - database_managers.py:695 - Initializing all database managers...
2026-01-03 22:53:41 - light_ai.storage.database_managers - INFO - database_managers.py:488 - SQLite metadata registry initialized at: metadata/registry.db
2026-01-03 22:53:42 - light_ai.storage.database_managers - INFO - database_managers.py:72 - DuckDB initialized at: data/duckdb/main.db
2026-01-03 22:53:42 - light_ai.storage.database_managers - INFO - database_managers.py:304 - ChromaDB initialized at: data/unstructured/chroma_db
2026-01-03 22:53:42 - light_ai.storage.database_managers - INFO - database_managers.py:703 - All database managers initialized successfully
2026-01-03 22:53:42 - light_ai.storage.database_managers - INFO - database_managers.py:488 - SQLite metadata registry initialized at: metadata/registry.db
2026-01-03 22:53:42 - light_ai.storage.storage_router - INFO - storage_router.py:61 - Storage router initialized successfully
2026-01-03 22:53:42 - light_ai.storage.metadata_registry - INFO - metadata_registry.py:98 - Created resource metadata: 698a669f-7019-481b-8426-de391140a5be
2026-01-03 22:53:42 - light_ai.storage.version_manager - INFO - version_manager.py:185 - Created version 1 for resource 698a669f-7019-481b-8426-de391140a5be
2026-01-03 22:53:42 - light_ai.storage.database_managers - INFO - database_managers.py:215 - Stored JSON data in table: json_data.json_698a669f_7019_481b_8426_de391140a5be
2026-01-03 22:53:42 - light_ai.storage.storage_router - INFO - storage_router.py:166 - Stored JSON data: json_698a669f_7019_481b_8426_de391140a5be
2026-01-03 22:53:42 - universal_data_handler - ERROR - api.py:128 - Error in upload_file: Resource 698a669f-7019-481b-8426-de391140a5be already exists
Traceback (most recent call last):
  File "/Users/shashwatroy/Desktop/ns/New-CB/light_ai/./light_ai/api.py", line 235, in upload_file
    self.metadata_registry.create_resource_metadata(metadata)
  File "/Users/shashwatroy/Desktop/ns/New-CB/light_ai/./light_ai/storage/metadata_registry.py", line 62, in create_resource_metadata
    raise ValueError(f"Resource {metadata.resource_id} already exists")
ValueError: Resource 698a669f-7019-481b-8426-de391140a5be already exists
2026-01-03 22:54:01 - light_ai.sub_layer_1.file_upload - INFO - file_upload.py:341 - Starting upload for tmp6absf6lt.json (resource_id: 6c4bfc3e-aaf5-4181-b88a-056637d3cda2)
2026-01-03 22:54:01 - light_ai.sub_layer_1.file_upload - INFO - file_upload.py:218 - File validation successful: tmp6absf6lt.json (json, 0.0MB)
2026-01-03 22:54:01 - light_ai.sub_layer_1.file_upload - INFO - file_upload.py:354 - Duplicate check for hash 7a034cbd... (would query metadata registry)
2026-01-03 22:54:01 - light_ai.sub_layer_1.file_upload - INFO - file_upload.py:382 - File upload completed: tmp6absf6lt.json -> 6c4bfc3e-aaf5-4181-b88a-056637d3cda2
2026-01-03 22:54:01 - light_ai.sub_layer_1.data_cleaning - INFO - data_cleaning.py:750 - Starting data cleaning for type: json
2026-01-03 22:54:01 - light_ai.sub_layer_1.data_cleaning - INFO - data_cleaning.py:383 - Starting JSON data cleaning: dict
2026-01-03 22:54:01 - light_ai.sub_layer_1.data_cleaning - INFO - data_cleaning.py:397 - JSON data cleaning completed: 1 operations
2026-01-03 22:54:01 - light_ai.storage.metadata_registry - INFO - metadata_registry.py:98 - Created resource metadata: 6c4bfc3e-aaf5-4181-b88a-056637d3cda2
2026-01-03 22:54:01 - light_ai.storage.version_manager - INFO - version_manager.py:185 - Created version 1 for resource 6c4bfc3e-aaf5-4181-b88a-056637d3cda2
2026-01-03 22:54:01 - light_ai.storage.database_managers - INFO - database_managers.py:215 - Stored JSON data in table: json_data.json_6c4bfc3e_aaf5_4181_b88a_056637d3cda2
2026-01-03 22:54:01 - light_ai.storage.storage_router - INFO - storage_router.py:166 - Stored JSON data: json_6c4bfc3e_aaf5_4181_b88a_056637d3cda2
2026-01-03 22:54:01 - universal_data_handler - ERROR - api.py:128 - Error in upload_file: Resource 6c4bfc3e-aaf5-4181-b88a-056637d3cda2 already exists
Traceback (most recent call last):
  File "/Users/shashwatroy/Desktop/ns/New-CB/light_ai/./light_ai/api.py", line 235, in upload_file
    self.metadata_registry.create_resource_metadata(metadata)
  File "/Users/shashwatroy/Desktop/ns/New-CB/light_ai/./light_ai/storage/metadata_registry.py", line 62, in create_resource_metadata
    raise ValueError(f"Resource {metadata.resource_id} already exists")
ValueError: Resource 6c4bfc3e-aaf5-4181-b88a-056637d3cda2 already exists
2026-01-03 22:55:10 - light_ai.storage.directory_manager - INFO - directory_manager.py:54 - Creating directory structure at: .
2026-01-03 22:55:10 - light_ai.storage.directory_manager - INFO - directory_manager.py:68 - Directory structure created successfully
2026-01-03 22:55:10 - light_ai.storage.database_managers - INFO - database_managers.py:488 - SQLite metadata registry initialized at: metadata/registry.db
2026-01-03 22:55:10 - light_ai.storage.database_managers - INFO - database_managers.py:488 - SQLite metadata registry initialized at: metadata/registry.db
2026-01-03 22:55:10 - light_ai.storage.database_managers - INFO - database_managers.py:488 - SQLite metadata registry initialized at: metadata/registry.db
2026-01-03 22:55:10 - light_ai.storage.database_managers - INFO - database_managers.py:488 - SQLite metadata registry initialized at: metadata/registry.db
2026-01-03 22:55:10 - light_ai.storage.database_managers - INFO - database_managers.py:488 - SQLite metadata registry initialized at: metadata/registry.db
2026-01-03 22:55:10 - light_ai.storage.database_managers - INFO - database_managers.py:488 - SQLite metadata registry initialized at: metadata/registry.db
2026-01-03 22:55:10 - light_ai.storage.database_managers - INFO - database_managers.py:488 - SQLite metadata registry initialized at: metadata/registry.db
2026-01-03 22:55:10 - light_ai.storage.database_managers - INFO - database_managers.py:488 - SQLite metadata registry initialized at: metadata/registry.db
2026-01-03 22:55:10 - light_ai.storage.database_managers - INFO - database_managers.py:488 - SQLite metadata registry initialized at: metadata/registry.db
2026-01-03 22:55:10 - universal_data_handler - INFO - api.py:123 - Universal Data Handler API initialized successfully
2026-01-03 22:55:27 - light_ai.storage.database_managers - INFO - database_managers.py:488 - SQLite metadata registry initialized at: metadata/registry.db
2026-01-03 22:55:44 - light_ai.sub_layer_1.file_upload - INFO - file_upload.py:341 - Starting upload for tmp9yfp4d2e.json (resource_id: 39ebe0b4-c9dd-41d2-b87e-5ce2e7490a42)
2026-01-03 22:55:44 - light_ai.sub_layer_1.file_upload - INFO - file_upload.py:218 - File validation successful: tmp9yfp4d2e.json (json, 0.0MB)
2026-01-03 22:55:44 - light_ai.sub_layer_1.file_upload - INFO - file_upload.py:354 - Duplicate check for hash d753689d... (would query metadata registry)
2026-01-03 22:55:44 - light_ai.sub_layer_1.file_upload - INFO - file_upload.py:382 - File upload completed: tmp9yfp4d2e.json -> 39ebe0b4-c9dd-41d2-b87e-5ce2e7490a42
2026-01-03 22:55:44 - light_ai.sub_layer_1.data_cleaning - INFO - data_cleaning.py:750 - Starting data cleaning for type: json
2026-01-03 22:55:44 - light_ai.sub_layer_1.data_cleaning - INFO - data_cleaning.py:383 - Starting JSON data cleaning: dict
2026-01-03 22:55:44 - light_ai.sub_layer_1.data_cleaning - INFO - data_cleaning.py:397 - JSON data cleaning completed: 1 operations
2026-01-03 22:55:44 - light_ai.storage.storage_router - INFO - storage_router.py:57 - Initializing storage router...
2026-01-03 22:55:44 - light_ai.storage.database_managers - INFO - database_managers.py:695 - Initializing all database managers...
2026-01-03 22:55:44 - light_ai.storage.database_managers - INFO - database_managers.py:488 - SQLite metadata registry initialized at: metadata/registry.db
2026-01-03 22:55:44 - light_ai.storage.database_managers - INFO - database_managers.py:72 - DuckDB initialized at: data/duckdb/main.db
2026-01-03 22:55:44 - light_ai.storage.database_managers - INFO - database_managers.py:304 - ChromaDB initialized at: data/unstructured/chroma_db
2026-01-03 22:55:44 - light_ai.storage.database_managers - INFO - database_managers.py:703 - All database managers initialized successfully
2026-01-03 22:55:44 - light_ai.storage.database_managers - INFO - database_managers.py:488 - SQLite metadata registry initialized at: metadata/registry.db
2026-01-03 22:55:44 - light_ai.storage.storage_router - INFO - storage_router.py:61 - Storage router initialized successfully
2026-01-03 22:55:44 - light_ai.storage.metadata_registry - INFO - metadata_registry.py:98 - Created resource metadata: 39ebe0b4-c9dd-41d2-b87e-5ce2e7490a42
2026-01-03 22:55:44 - light_ai.storage.version_manager - INFO - version_manager.py:185 - Created version 1 for resource 39ebe0b4-c9dd-41d2-b87e-5ce2e7490a42
2026-01-03 22:55:44 - light_ai.storage.database_managers - INFO - database_managers.py:215 - Stored JSON data in table: json_data.json_39ebe0b4_c9dd_41d2_b87e_5ce2e7490a42
2026-01-03 22:55:44 - light_ai.storage.storage_router - INFO - storage_router.py:166 - Stored JSON data: json_39ebe0b4_c9dd_41d2_b87e_5ce2e7490a42
2026-01-03 22:57:00 - light_ai.sub_layer_1.file_upload - INFO - file_upload.py:341 - Starting upload for tmp_kbzaf82.json (resource_id: 891d1ddb-c73f-43cd-a1a8-12897386fe8d)
2026-01-03 22:57:00 - light_ai.sub_layer_1.file_upload - INFO - file_upload.py:218 - File validation successful: tmp_kbzaf82.json (json, 0.0MB)
2026-01-03 22:57:00 - light_ai.sub_layer_1.file_upload - INFO - file_upload.py:354 - Duplicate check for hash 2d6362fa... (would query metadata registry)
2026-01-03 22:57:00 - light_ai.sub_layer_1.file_upload - INFO - file_upload.py:382 - File upload completed: tmp_kbzaf82.json -> 891d1ddb-c73f-43cd-a1a8-12897386fe8d
2026-01-03 22:57:00 - light_ai.sub_layer_1.data_cleaning - INFO - data_cleaning.py:750 - Starting data cleaning for type: json
2026-01-03 22:57:00 - light_ai.sub_layer_1.data_cleaning - INFO - data_cleaning.py:383 - Starting JSON data cleaning: dict
2026-01-03 22:57:00 - light_ai.sub_layer_1.data_cleaning - INFO - data_cleaning.py:397 - JSON data cleaning completed: 0 operations
2026-01-03 22:57:00 - light_ai.storage.metadata_registry - INFO - metadata_registry.py:98 - Created resource metadata: 891d1ddb-c73f-43cd-a1a8-12897386fe8d
2026-01-03 22:57:00 - light_ai.storage.version_manager - INFO - version_manager.py:185 - Created version 1 for resource 891d1ddb-c73f-43cd-a1a8-12897386fe8d
2026-01-03 22:57:00 - light_ai.storage.database_managers - INFO - database_managers.py:215 - Stored JSON data in table: json_data.json_891d1ddb_c73f_43cd_a1a8_12897386fe8d
2026-01-03 22:57:00 - light_ai.storage.storage_router - INFO - storage_router.py:166 - Stored JSON data: json_891d1ddb_c73f_43cd_a1a8_12897386fe8d
2026-01-03 22:58:27 - universal_data_handler - ERROR - api.py:128 - Error in ask_data_analyst: 'AIDataAnalyst' object has no attribute 'analyze'
Traceback (most recent call last):
  File "/Users/shashwatroy/Desktop/ns/New-CB/light_ai/./light_ai/api.py", line 749, in ask_data_analyst
    report = self.ai_analyst.analyze(
AttributeError: 'AIDataAnalyst' object has no attribute 'analyze'
2026-01-03 22:58:34 - universal_data_handler - ERROR - api.py:128 - Error in query_natural: 'NaturalLanguageProcessor' object has no attribute 'process_query'
Traceback (most recent call last):
  File "/Users/shashwatroy/Desktop/ns/New-CB/light_ai/./light_ai/api.py", line 653, in query_natural
    result = self.nl_processor.process_query(question, client_id, user_id)
AttributeError: 'NaturalLanguageProcessor' object has no attribute 'process_query'
2026-01-03 22:59:50 - universal_data_handler - ERROR - api.py:128 - Error in query_natural: 'NaturalLanguageProcessor' object has no attribute 'process_query'
Traceback (most recent call last):
  File "/Users/shashwatroy/Desktop/ns/New-CB/light_ai/./light_ai/api.py", line 653, in query_natural
    result = self.nl_processor.process_query(question, client_id, user_id)
AttributeError: 'NaturalLanguageProcessor' object has no attribute 'process_query'
2026-01-03 23:01:00 - light_ai.sub_layer_1.file_upload - INFO - file_upload.py:341 - Starting upload for tmpg1hlpxb8.csv (resource_id: 4fea3720-37ae-4b9e-9fa1-0d50d3b9a90a)
2026-01-03 23:01:00 - light_ai.sub_layer_1.file_upload - INFO - file_upload.py:218 - File validation successful: tmpg1hlpxb8.csv (csv, 0.0MB)
2026-01-03 23:01:00 - light_ai.sub_layer_1.file_upload - INFO - file_upload.py:354 - Duplicate check for hash cbc9b58d... (would query metadata registry)
2026-01-03 23:01:00 - light_ai.sub_layer_1.file_upload - INFO - file_upload.py:382 - File upload completed: tmpg1hlpxb8.csv -> 4fea3720-37ae-4b9e-9fa1-0d50d3b9a90a
2026-01-03 23:01:00 - light_ai.sub_layer_1.data_cleaning - INFO - data_cleaning.py:750 - Starting data cleaning for type: csv
2026-01-03 23:01:00 - light_ai.sub_layer_1.data_cleaning - INFO - data_cleaning.py:108 - Starting structured data cleaning: 9 rows, 7 columns
2026-01-03 23:01:00 - light_ai.sub_layer_1.data_cleaning - INFO - data_cleaning.py:141 - Structured data cleaning completed: 9 rows, 7 columns (0 rows, 0 columns removed)
2026-01-03 23:01:00 - light_ai.storage.storage_utils - INFO - storage_utils.py:225 - Stored file: data/structured/client-717c4c4d/user-8f4732f3/4fea3720-37ae-4b9e-9fa1-0d50d3b9a90a/v1_tmpg1hlpxb8.csv
2026-01-03 23:01:00 - light_ai.storage.metadata_registry - INFO - metadata_registry.py:98 - Created resource metadata: 4fea3720-37ae-4b9e-9fa1-0d50d3b9a90a
2026-01-03 23:01:00 - light_ai.storage.version_manager - INFO - version_manager.py:185 - Created version 1 for resource 4fea3720-37ae-4b9e-9fa1-0d50d3b9a90a
2026-01-03 23:01:00 - light_ai.storage.database_managers - INFO - database_managers.py:165 - Created virtual table: structured_data.resource_4fea3720_37ae_4b9e_9fa1_0d50d3b9a90a
2026-01-03 23:01:00 - light_ai.storage.storage_router - INFO - storage_router.py:120 - Stored structured data: resource_4fea3720_37ae_4b9e_9fa1_0d50d3b9a90a
2026-01-03 23:01:00 - universal_data_handler - ERROR - api.py:128 - Error in upload_file: Resource 4fea3720-37ae-4b9e-9fa1-0d50d3b9a90a already exists
Traceback (most recent call last):
  File "/Users/shashwatroy/Desktop/ns/New-CB/light_ai/./light_ai/api.py", line 237, in upload_file
    self.metadata_registry.create_resource_metadata(metadata)
  File "/Users/shashwatroy/Desktop/ns/New-CB/light_ai/./light_ai/storage/metadata_registry.py", line 62, in create_resource_metadata
    raise ValueError(f"Resource {metadata.resource_id} already exists")
ValueError: Resource 4fea3720-37ae-4b9e-9fa1-0d50d3b9a90a already exists
2026-01-03 23:01:09 - light_ai.sub_layer_1.file_upload - INFO - file_upload.py:341 - Starting upload for tmp9ol2rraa.csv (resource_id: 40bc6a85-5c22-48f5-86be-df1f670551ac)
2026-01-03 23:01:09 - light_ai.sub_layer_1.file_upload - INFO - file_upload.py:218 - File validation successful: tmp9ol2rraa.csv (csv, 0.0MB)
2026-01-03 23:01:09 - light_ai.sub_layer_1.file_upload - INFO - file_upload.py:354 - Duplicate check for hash da74f4d5... (would query metadata registry)
2026-01-03 23:01:09 - light_ai.sub_layer_1.file_upload - INFO - file_upload.py:382 - File upload completed: tmp9ol2rraa.csv -> 40bc6a85-5c22-48f5-86be-df1f670551ac
2026-01-03 23:01:09 - light_ai.sub_layer_1.data_cleaning - INFO - data_cleaning.py:750 - Starting data cleaning for type: csv
2026-01-03 23:01:09 - light_ai.sub_layer_1.data_cleaning - INFO - data_cleaning.py:108 - Starting structured data cleaning: 30 rows, 9 columns
2026-01-03 23:01:09 - light_ai.sub_layer_1.data_cleaning - INFO - data_cleaning.py:141 - Structured data cleaning completed: 30 rows, 9 columns (0 rows, 0 columns removed)
2026-01-03 23:01:09 - light_ai.storage.storage_utils - INFO - storage_utils.py:225 - Stored file: data/structured/client-717c4c4d/user-8f4732f3/40bc6a85-5c22-48f5-86be-df1f670551ac/v1_tmp9ol2rraa.csv
2026-01-03 23:01:09 - light_ai.storage.metadata_registry - INFO - metadata_registry.py:98 - Created resource metadata: 40bc6a85-5c22-48f5-86be-df1f670551ac
2026-01-03 23:01:09 - light_ai.storage.version_manager - INFO - version_manager.py:185 - Created version 1 for resource 40bc6a85-5c22-48f5-86be-df1f670551ac
2026-01-03 23:01:09 - light_ai.storage.database_managers - INFO - database_managers.py:165 - Created virtual table: structured_data.resource_40bc6a85_5c22_48f5_86be_df1f670551ac
2026-01-03 23:01:09 - light_ai.storage.storage_router - INFO - storage_router.py:120 - Stored structured data: resource_40bc6a85_5c22_48f5_86be_df1f670551ac
2026-01-03 23:01:09 - universal_data_handler - ERROR - api.py:128 - Error in upload_file: Resource 40bc6a85-5c22-48f5-86be-df1f670551ac already exists
Traceback (most recent call last):
  File "/Users/shashwatroy/Desktop/ns/New-CB/light_ai/./light_ai/api.py", line 237, in upload_file
    self.metadata_registry.create_resource_metadata(metadata)
  File "/Users/shashwatroy/Desktop/ns/New-CB/light_ai/./light_ai/storage/metadata_registry.py", line 62, in create_resource_metadata
    raise ValueError(f"Resource {metadata.resource_id} already exists")
ValueError: Resource 40bc6a85-5c22-48f5-86be-df1f670551ac already exists
2026-01-03 23:01:38 - light_ai.sub_layer_1.file_upload - INFO - file_upload.py:341 - Starting upload for tmpak2yznp6.pdf (resource_id: d92162fb-36c5-4818-b77b-2dc93fdcd29f)
2026-01-03 23:01:38 - light_ai.sub_layer_1.file_upload - INFO - file_upload.py:218 - File validation successful: tmpak2yznp6.pdf (pdf, 0.0MB)
2026-01-03 23:01:38 - light_ai.sub_layer_1.file_upload - INFO - file_upload.py:354 - Duplicate check for hash 33bf5283... (would query metadata registry)
2026-01-03 23:01:38 - light_ai.sub_layer_1.file_upload - INFO - file_upload.py:382 - File upload completed: tmpak2yznp6.pdf -> d92162fb-36c5-4818-b77b-2dc93fdcd29f
2026-01-03 23:01:38 - light_ai.sub_layer_1.data_cleaning - INFO - data_cleaning.py:750 - Starting data cleaning for type: pdf
2026-01-03 23:01:38 - light_ai.sub_layer_1.data_cleaning - INFO - data_cleaning.py:528 - Starting unstructured data cleaning: pdf, 2668 characters
2026-01-03 23:01:38 - light_ai.sub_layer_1.data_cleaning - INFO - data_cleaning.py:541 - Unstructured data cleaning completed: 2625 characters, 1 chunks created
2026-01-03 23:01:38 - universal_data_handler - ERROR - api.py:128 - Error in upload_file: too many values to unpack (expected 2)
Traceback (most recent call last):
  File "/Users/shashwatroy/Desktop/ns/New-CB/light_ai/./light_ai/api.py", line 218, in upload_file
    cleaned_data, stats = self.cleaning_engine.clean_data(
ValueError: too many values to unpack (expected 2)
2026-01-03 23:06:17 - light_ai.storage.directory_manager - INFO - directory_manager.py:54 - Creating directory structure at: .
2026-01-03 23:06:17 - light_ai.storage.directory_manager - INFO - directory_manager.py:68 - Directory structure created successfully
2026-01-03 23:06:17 - light_ai.storage.database_managers - INFO - database_managers.py:488 - SQLite metadata registry initialized at: metadata/registry.db
2026-01-03 23:06:17 - light_ai.storage.database_managers - INFO - database_managers.py:488 - SQLite metadata registry initialized at: metadata/registry.db
2026-01-03 23:06:17 - light_ai.storage.database_managers - INFO - database_managers.py:488 - SQLite metadata registry initialized at: metadata/registry.db
2026-01-03 23:06:17 - light_ai.storage.database_managers - INFO - database_managers.py:488 - SQLite metadata registry initialized at: metadata/registry.db
2026-01-03 23:06:17 - light_ai.storage.database_managers - INFO - database_managers.py:488 - SQLite metadata registry initialized at: metadata/registry.db
2026-01-03 23:06:17 - light_ai.storage.database_managers - INFO - database_managers.py:488 - SQLite metadata registry initialized at: metadata/registry.db
2026-01-03 23:06:17 - light_ai.storage.database_managers - INFO - database_managers.py:488 - SQLite metadata registry initialized at: metadata/registry.db
2026-01-03 23:06:17 - light_ai.storage.database_managers - INFO - database_managers.py:488 - SQLite metadata registry initialized at: metadata/registry.db
2026-01-03 23:06:17 - light_ai.storage.database_managers - INFO - database_managers.py:488 - SQLite metadata registry initialized at: metadata/registry.db
2026-01-03 23:06:17 - universal_data_handler - INFO - api.py:123 - Universal Data Handler API initialized successfully
2026-01-03 23:06:35 - light_ai.storage.database_managers - INFO - database_managers.py:488 - SQLite metadata registry initialized at: metadata/registry.db
2026-01-03 23:06:50 - light_ai.sub_layer_1.file_upload - INFO - file_upload.py:341 - Starting upload for tmp9kcjrk7o.pdf (resource_id: 790e45d6-ae79-4f47-a6c3-eb047a015401)
2026-01-03 23:06:50 - light_ai.sub_layer_1.file_upload - INFO - file_upload.py:218 - File validation successful: tmp9kcjrk7o.pdf (pdf, 0.0MB)
2026-01-03 23:06:50 - light_ai.sub_layer_1.file_upload - INFO - file_upload.py:354 - Duplicate check for hash 33bf5283... (would query metadata registry)
2026-01-03 23:06:50 - light_ai.sub_layer_1.file_upload - INFO - file_upload.py:382 - File upload completed: tmp9kcjrk7o.pdf -> 790e45d6-ae79-4f47-a6c3-eb047a015401
2026-01-03 23:06:50 - light_ai.sub_layer_1.data_cleaning - INFO - data_cleaning.py:750 - Starting data cleaning for type: pdf
2026-01-03 23:06:50 - light_ai.sub_layer_1.data_cleaning - INFO - data_cleaning.py:528 - Starting unstructured data cleaning: pdf, 2668 characters
2026-01-03 23:06:50 - light_ai.sub_layer_1.data_cleaning - INFO - data_cleaning.py:541 - Unstructured data cleaning completed: 2625 characters, 1 chunks created
2026-01-03 23:06:50 - universal_data_handler - ERROR - api.py:128 - Error in upload_file: too many values to unpack (expected 2)
Traceback (most recent call last):
  File "/Users/shashwatroy/Desktop/ns/New-CB/light_ai/./light_ai/api.py", line 224, in upload_file
    cleaned_data, stats = result
ValueError: too many values to unpack (expected 2)
2026-01-03 23:12:09 - light_ai.storage.directory_manager - INFO - directory_manager.py:54 - Creating directory structure at: .
2026-01-03 23:12:09 - light_ai.storage.directory_manager - INFO - directory_manager.py:68 - Directory structure created successfully
2026-01-03 23:12:09 - light_ai.storage.database_managers - INFO - database_managers.py:488 - SQLite metadata registry initialized at: metadata/registry.db
2026-01-03 23:12:09 - light_ai.storage.database_managers - INFO - database_managers.py:488 - SQLite metadata registry initialized at: metadata/registry.db
2026-01-03 23:12:09 - light_ai.storage.database_managers - INFO - database_managers.py:488 - SQLite metadata registry initialized at: metadata/registry.db
2026-01-03 23:12:09 - light_ai.storage.database_managers - INFO - database_managers.py:488 - SQLite metadata registry initialized at: metadata/registry.db
2026-01-03 23:12:09 - light_ai.storage.database_managers - INFO - database_managers.py:488 - SQLite metadata registry initialized at: metadata/registry.db
2026-01-03 23:12:09 - light_ai.storage.database_managers - INFO - database_managers.py:488 - SQLite metadata registry initialized at: metadata/registry.db
2026-01-03 23:12:09 - light_ai.storage.database_managers - INFO - database_managers.py:488 - SQLite metadata registry initialized at: metadata/registry.db
2026-01-03 23:12:09 - light_ai.storage.database_managers - INFO - database_managers.py:488 - SQLite metadata registry initialized at: metadata/registry.db
2026-01-03 23:12:09 - light_ai.storage.database_managers - INFO - database_managers.py:488 - SQLite metadata registry initialized at: metadata/registry.db
2026-01-03 23:12:09 - universal_data_handler - INFO - api.py:123 - Universal Data Handler API initialized successfully
2026-01-03 23:12:26 - light_ai.storage.database_managers - INFO - database_managers.py:488 - SQLite metadata registry initialized at: metadata/registry.db
2026-01-03 23:12:33 - light_ai.sub_layer_1.file_upload - INFO - file_upload.py:341 - Starting upload for tmp4r1lavy8.pdf (resource_id: c4a75400-b608-46c8-ada1-c283b30a2577)
2026-01-03 23:12:33 - light_ai.sub_layer_1.file_upload - INFO - file_upload.py:218 - File validation successful: tmp4r1lavy8.pdf (pdf, 0.0MB)
2026-01-03 23:12:33 - light_ai.sub_layer_1.file_upload - INFO - file_upload.py:354 - Duplicate check for hash 33bf5283... (would query metadata registry)
2026-01-03 23:12:33 - light_ai.sub_layer_1.file_upload - INFO - file_upload.py:382 - File upload completed: tmp4r1lavy8.pdf -> c4a75400-b608-46c8-ada1-c283b30a2577
2026-01-03 23:12:33 - light_ai.sub_layer_1.data_cleaning - INFO - data_cleaning.py:750 - Starting data cleaning for type: pdf
2026-01-03 23:12:33 - light_ai.sub_layer_1.data_cleaning - INFO - data_cleaning.py:528 - Starting unstructured data cleaning: pdf, 2668 characters
2026-01-03 23:12:33 - light_ai.sub_layer_1.data_cleaning - INFO - data_cleaning.py:541 - Unstructured data cleaning completed: 2625 characters, 1 chunks created
2026-01-03 23:12:33 - universal_data_handler - INFO - api.py:231 - Would store unstructured data for c4a75400-b608-46c8-ada1-c283b30a2577
2026-01-03 23:12:44 - light_ai.sub_layer_1.file_upload - INFO - file_upload.py:341 - Starting upload for tmpn85ofc1h.json (resource_id: 2ee14db3-8a56-45db-8cfd-c85dbbff6dc6)
2026-01-03 23:12:44 - light_ai.sub_layer_1.file_upload - INFO - file_upload.py:218 - File validation successful: tmpn85ofc1h.json (json, 0.0MB)
2026-01-03 23:12:44 - light_ai.sub_layer_1.file_upload - INFO - file_upload.py:354 - Duplicate check for hash ee699243... (would query metadata registry)
2026-01-03 23:12:44 - light_ai.sub_layer_1.file_upload - INFO - file_upload.py:382 - File upload completed: tmpn85ofc1h.json -> 2ee14db3-8a56-45db-8cfd-c85dbbff6dc6
2026-01-03 23:12:44 - light_ai.sub_layer_1.data_cleaning - INFO - data_cleaning.py:750 - Starting data cleaning for type: json
2026-01-03 23:12:44 - light_ai.sub_layer_1.data_cleaning - INFO - data_cleaning.py:383 - Starting JSON data cleaning: dict
2026-01-03 23:12:44 - light_ai.sub_layer_1.data_cleaning - INFO - data_cleaning.py:397 - JSON data cleaning completed: 0 operations
2026-01-03 23:12:44 - light_ai.storage.storage_router - INFO - storage_router.py:57 - Initializing storage router...
2026-01-03 23:12:44 - light_ai.storage.database_managers - INFO - database_managers.py:695 - Initializing all database managers...
2026-01-03 23:12:44 - light_ai.storage.database_managers - INFO - database_managers.py:488 - SQLite metadata registry initialized at: metadata/registry.db
2026-01-03 23:12:44 - light_ai.storage.database_managers - INFO - database_managers.py:72 - DuckDB initialized at: data/duckdb/main.db
2026-01-03 23:12:44 - light_ai.storage.database_managers - INFO - database_managers.py:304 - ChromaDB initialized at: data/unstructured/chroma_db
2026-01-03 23:12:44 - light_ai.storage.database_managers - INFO - database_managers.py:703 - All database managers initialized successfully
2026-01-03 23:12:44 - light_ai.storage.database_managers - INFO - database_managers.py:488 - SQLite metadata registry initialized at: metadata/registry.db
2026-01-03 23:12:44 - light_ai.storage.storage_router - INFO - storage_router.py:61 - Storage router initialized successfully
2026-01-03 23:12:44 - light_ai.storage.metadata_registry - INFO - metadata_registry.py:98 - Created resource metadata: 2ee14db3-8a56-45db-8cfd-c85dbbff6dc6
2026-01-03 23:12:44 - light_ai.storage.version_manager - INFO - version_manager.py:185 - Created version 1 for resource 2ee14db3-8a56-45db-8cfd-c85dbbff6dc6
2026-01-03 23:12:44 - light_ai.storage.database_managers - INFO - database_managers.py:215 - Stored JSON data in table: json_data.json_2ee14db3_8a56_45db_8cfd_c85dbbff6dc6
2026-01-03 23:12:44 - light_ai.storage.storage_router - INFO - storage_router.py:166 - Stored JSON data: json_2ee14db3_8a56_45db_8cfd_c85dbbff6dc6
2026-01-03 23:23:02 - light_ai.sub_layer_1.file_upload - INFO - file_upload.py:341 - Starting upload for tmp61uj1qpv.csv (resource_id: 511e99a5-daa5-49ef-abe4-c5a9dd749b93)
2026-01-03 23:23:02 - light_ai.sub_layer_1.file_upload - INFO - file_upload.py:218 - File validation successful: tmp61uj1qpv.csv (csv, 0.0MB)
2026-01-03 23:23:02 - light_ai.sub_layer_1.file_upload - INFO - file_upload.py:354 - Duplicate check for hash da74f4d5... (would query metadata registry)
2026-01-03 23:23:02 - light_ai.sub_layer_1.file_upload - INFO - file_upload.py:382 - File upload completed: tmp61uj1qpv.csv -> 511e99a5-daa5-49ef-abe4-c5a9dd749b93
2026-01-03 23:23:02 - light_ai.sub_layer_1.data_cleaning - INFO - data_cleaning.py:750 - Starting data cleaning for type: csv
2026-01-03 23:23:02 - light_ai.sub_layer_1.data_cleaning - INFO - data_cleaning.py:108 - Starting structured data cleaning: 30 rows, 9 columns
2026-01-03 23:23:02 - light_ai.sub_layer_1.data_cleaning - INFO - data_cleaning.py:141 - Structured data cleaning completed: 30 rows, 9 columns (0 rows, 0 columns removed)
2026-01-03 23:23:02 - light_ai.storage.storage_utils - INFO - storage_utils.py:225 - Stored file: data/structured/client-3989c6f3/user-90885f7c/511e99a5-daa5-49ef-abe4-c5a9dd749b93/v1_tmp61uj1qpv.csv
2026-01-03 23:23:02 - light_ai.storage.metadata_registry - INFO - metadata_registry.py:98 - Created resource metadata: 511e99a5-daa5-49ef-abe4-c5a9dd749b93
2026-01-03 23:23:02 - light_ai.storage.version_manager - INFO - version_manager.py:185 - Created version 1 for resource 511e99a5-daa5-49ef-abe4-c5a9dd749b93
2026-01-03 23:23:02 - light_ai.storage.database_managers - INFO - database_managers.py:165 - Created virtual table: structured_data.resource_511e99a5_daa5_49ef_abe4_c5a9dd749b93
2026-01-03 23:23:02 - light_ai.storage.storage_router - INFO - storage_router.py:120 - Stored structured data: resource_511e99a5_daa5_49ef_abe4_c5a9dd749b93
2026-01-03 23:24:14 - light_ai.storage.database_managers - INFO - database_managers.py:488 - SQLite metadata registry initialized at: metadata/registry.db
2026-01-03 23:24:14 - light_ai.storage.storage_router - INFO - storage_router.py:57 - Initializing storage router...
2026-01-03 23:24:14 - light_ai.storage.database_managers - INFO - database_managers.py:695 - Initializing all database managers...
2026-01-03 23:24:14 - light_ai.storage.database_managers - INFO - database_managers.py:488 - SQLite metadata registry initialized at: metadata/registry.db
2026-01-03 23:24:14 - light_ai.storage.database_managers - INFO - database_managers.py:72 - DuckDB initialized at: data/duckdb/main.db
2026-01-03 23:24:14 - light_ai.storage.database_managers - INFO - database_managers.py:304 - ChromaDB initialized at: data/unstructured/chroma_db
2026-01-03 23:24:14 - light_ai.storage.database_managers - INFO - database_managers.py:703 - All database managers initialized successfully
2026-01-03 23:24:14 - light_ai.storage.database_managers - INFO - database_managers.py:488 - SQLite metadata registry initialized at: metadata/registry.db
2026-01-03 23:24:14 - light_ai.storage.storage_router - INFO - storage_router.py:61 - Storage router initialized successfully
2026-01-03 23:24:14 - light_ai.storage.storage_router - INFO - storage_router.py:57 - Initializing storage router...
2026-01-03 23:24:14 - light_ai.storage.database_managers - INFO - database_managers.py:695 - Initializing all database managers...
2026-01-03 23:24:14 - light_ai.storage.database_managers - INFO - database_managers.py:488 - SQLite metadata registry initialized at: metadata/registry.db
2026-01-03 23:24:14 - light_ai.storage.database_managers - INFO - database_managers.py:72 - DuckDB initialized at: data/duckdb/main.db
2026-01-03 23:24:14 - light_ai.storage.database_managers - INFO - database_managers.py:304 - ChromaDB initialized at: data/unstructured/chroma_db
2026-01-03 23:24:14 - light_ai.storage.database_managers - INFO - database_managers.py:703 - All database managers initialized successfully
2026-01-03 23:24:14 - light_ai.storage.database_managers - INFO - database_managers.py:488 - SQLite metadata registry initialized at: metadata/registry.db
2026-01-03 23:24:14 - light_ai.storage.storage_router - INFO - storage_router.py:61 - Storage router initialized successfully
2026-01-03 23:24:14 - light_ai.storage.database_managers - INFO - database_managers.py:488 - SQLite metadata registry initialized at: metadata/registry.db
2026-01-03 23:24:14 - light_ai.sub_layer_2.sql_query_engine - INFO - sql_query_engine.py:81 - SQL Query Engine initialized
2026-01-03 23:24:14 - light_ai.sub_layer_2.natural_language_processor - INFO - natural_language_processor.py:145 - Natural Language Processor initialized
2026-01-03 23:24:22 - light_ai.sub_layer_2.sql_query_engine - INFO - sql_query_engine.py:81 - SQL Query Engine initialized
2026-01-03 23:24:22 - light_ai.sub_layer_2.sql_query_engine - ERROR - sql_query_engine.py:148 - Failed to execute SQL query: Access denied to table: transactions
2026-01-03 23:24:22 - light_ai.sub_layer_2.natural_language_processor - ERROR - natural_language_processor.py:465 - Failed to process structured query: Query execution failed: Access denied to table: transactions
2026-01-03 23:24:22 - light_ai.sub_layer_2.natural_language_processor - INFO - natural_language_processor.py:210 - Processed natural language query for user user-90885f7c: structured_data
2026-01-03 23:24:22 - universal_data_handler - ERROR - api.py:128 - Error in query_natural: 'NLQueryResult' object has no attribute 'confidence'
Traceback (most recent call last):
  File "/Users/shashwatroy/Desktop/ns/New-CB/light_ai/./light_ai/api.py", line 667, in query_natural
    "confidence": result.confidence,
AttributeError: 'NLQueryResult' object has no attribute 'confidence'
2026-01-03 23:25:07 - light_ai.storage.database_managers - INFO - database_managers.py:488 - SQLite metadata registry initialized at: metadata/registry.db
2026-01-03 23:25:07 - light_ai.storage.storage_router - INFO - storage_router.py:57 - Initializing storage router...
2026-01-03 23:25:07 - light_ai.storage.database_managers - INFO - database_managers.py:695 - Initializing all database managers...
2026-01-03 23:25:07 - light_ai.storage.database_managers - INFO - database_managers.py:488 - SQLite metadata registry initialized at: metadata/registry.db
2026-01-03 23:25:07 - light_ai.storage.database_managers - INFO - database_managers.py:72 - DuckDB initialized at: data/duckdb/main.db
2026-01-03 23:25:07 - light_ai.storage.database_managers - INFO - database_managers.py:304 - ChromaDB initialized at: data/unstructured/chroma_db
2026-01-03 23:25:07 - light_ai.storage.database_managers - INFO - database_managers.py:703 - All database managers initialized successfully
2026-01-03 23:25:07 - light_ai.storage.database_managers - INFO - database_managers.py:488 - SQLite metadata registry initialized at: metadata/registry.db
2026-01-03 23:25:07 - light_ai.storage.storage_router - INFO - storage_router.py:61 - Storage router initialized successfully
2026-01-03 23:25:07 - light_ai.storage.storage_router - INFO - storage_router.py:57 - Initializing storage router...
2026-01-03 23:25:07 - light_ai.storage.database_managers - INFO - database_managers.py:695 - Initializing all database managers...
2026-01-03 23:25:07 - light_ai.storage.database_managers - INFO - database_managers.py:488 - SQLite metadata registry initialized at: metadata/registry.db
2026-01-03 23:25:07 - light_ai.storage.database_managers - INFO - database_managers.py:72 - DuckDB initialized at: data/duckdb/main.db
2026-01-03 23:25:07 - light_ai.storage.database_managers - INFO - database_managers.py:304 - ChromaDB initialized at: data/unstructured/chroma_db
2026-01-03 23:25:07 - light_ai.storage.database_managers - INFO - database_managers.py:703 - All database managers initialized successfully
2026-01-03 23:25:07 - light_ai.storage.database_managers - INFO - database_managers.py:488 - SQLite metadata registry initialized at: metadata/registry.db
2026-01-03 23:25:07 - light_ai.storage.storage_router - INFO - storage_router.py:61 - Storage router initialized successfully
2026-01-03 23:25:07 - light_ai.storage.database_managers - INFO - database_managers.py:488 - SQLite metadata registry initialized at: metadata/registry.db
2026-01-03 23:25:07 - light_ai.sub_layer_2.sql_query_engine - INFO - sql_query_engine.py:81 - SQL Query Engine initialized
2026-01-03 23:25:07 - light_ai.storage.database_managers - INFO - database_managers.py:488 - SQLite metadata registry initialized at: metadata/registry.db
2026-01-03 23:25:07 - light_ai.storage.storage_router - INFO - storage_router.py:57 - Initializing storage router...
2026-01-03 23:25:07 - light_ai.storage.database_managers - INFO - database_managers.py:695 - Initializing all database managers...
2026-01-03 23:25:07 - light_ai.storage.database_managers - INFO - database_managers.py:488 - SQLite metadata registry initialized at: metadata/registry.db
2026-01-03 23:25:07 - light_ai.storage.database_managers - INFO - database_managers.py:72 - DuckDB initialized at: data/duckdb/main.db
2026-01-03 23:25:07 - light_ai.storage.database_managers - INFO - database_managers.py:304 - ChromaDB initialized at: data/unstructured/chroma_db
2026-01-03 23:25:07 - light_ai.storage.database_managers - INFO - database_managers.py:703 - All database managers initialized successfully
2026-01-03 23:25:07 - light_ai.storage.database_managers - INFO - database_managers.py:488 - SQLite metadata registry initialized at: metadata/registry.db
2026-01-03 23:25:07 - light_ai.storage.storage_router - INFO - storage_router.py:61 - Storage router initialized successfully
2026-01-03 23:25:07 - light_ai.storage.storage_router - INFO - storage_router.py:57 - Initializing storage router...
2026-01-03 23:25:07 - light_ai.storage.database_managers - INFO - database_managers.py:695 - Initializing all database managers...
2026-01-03 23:25:07 - light_ai.storage.database_managers - INFO - database_managers.py:488 - SQLite metadata registry initialized at: metadata/registry.db
2026-01-03 23:25:07 - light_ai.storage.database_managers - INFO - database_managers.py:72 - DuckDB initialized at: data/duckdb/main.db
2026-01-03 23:25:07 - light_ai.storage.database_managers - INFO - database_managers.py:304 - ChromaDB initialized at: data/unstructured/chroma_db
2026-01-03 23:25:07 - light_ai.storage.database_managers - INFO - database_managers.py:703 - All database managers initialized successfully
2026-01-03 23:25:07 - light_ai.storage.database_managers - INFO - database_managers.py:488 - SQLite metadata registry initialized at: metadata/registry.db
2026-01-03 23:25:07 - light_ai.storage.storage_router - INFO - storage_router.py:61 - Storage router initialized successfully
2026-01-03 23:25:07 - light_ai.storage.database_managers - INFO - database_managers.py:488 - SQLite metadata registry initialized at: metadata/registry.db
2026-01-03 23:25:07 - light_ai.sub_layer_2.sql_query_engine - INFO - sql_query_engine.py:81 - SQL Query Engine initialized
2026-01-03 23:25:07 - light_ai.sub_layer_2.natural_language_processor - INFO - natural_language_processor.py:145 - Natural Language Processor initialized
2026-01-03 23:25:07 - light_ai.sub_layer_2.semantic_search_engine - INFO - semantic_search_engine.py:515 - Initializing semantic search engine...
2026-01-03 23:25:07 - light_ai.storage.database_managers - INFO - database_managers.py:304 - ChromaDB initialized at: data/unstructured/chroma_db
2026-01-03 23:25:07 - light_ai.storage.database_managers - INFO - database_managers.py:488 - SQLite metadata registry initialized at: metadata/registry.db
2026-01-03 23:25:07 - light_ai.sub_layer_2.semantic_search_engine - INFO - semantic_search_engine.py:519 - Semantic search engine initialized successfully
2026-01-03 23:25:07 - light_ai.sub_layer_2.ai_data_analyst - INFO - ai_data_analyst.py:211 - AI Data Analyst initialized
2026-01-03 23:25:07 - universal_data_handler - ERROR - api.py:128 - Error in ask_data_analyst: 'AnalysisReport' object has no attribute 'summary'
Traceback (most recent call last):
  File "/Users/shashwatroy/Desktop/ns/New-CB/light_ai/./light_ai/api.py", line 760, in ask_data_analyst
    "summary": report.summary,
AttributeError: 'AnalysisReport' object has no attribute 'summary'
2026-01-03 23:26:11 - light_ai.sub_layer_2.sql_query_engine - INFO - sql_query_engine.py:81 - SQL Query Engine initialized
2026-01-03 23:26:11 - light_ai.sub_layer_2.natural_language_processor - INFO - natural_language_processor.py:145 - Natural Language Processor initialized
2026-01-03 23:26:17 - light_ai.sub_layer_2.natural_language_processor - INFO - natural_language_processor.py:210 - Processed natural language query for user user-90885f7c: structured_data
2026-01-03 23:26:17 - universal_data_handler - ERROR - api.py:128 - Error in query_natural: 'NLQueryResult' object has no attribute 'confidence'
Traceback (most recent call last):
  File "/Users/shashwatroy/Desktop/ns/New-CB/light_ai/./light_ai/api.py", line 667, in query_natural
    "confidence": result.confidence,
AttributeError: 'NLQueryResult' object has no attribute 'confidence'
2026-01-03 23:27:05 - universal_data_handler - ERROR - api.py:128 - Error in search_unstructured: SemanticSearchEngine.search() got an unexpected keyword argument 'limit'
Traceback (most recent call last):
  File "/Users/shashwatroy/Desktop/ns/New-CB/light_ai/./light_ai/api.py", line 696, in search_unstructured
    results = self.search_engine.search(
TypeError: SemanticSearchEngine.search() got an unexpected keyword argument 'limit'
2026-01-03 23:31:08 - light_ai.sub_layer_1.data_cleaning - INFO - data_cleaning.py:750 - Starting data cleaning for type: pdf
2026-01-03 23:31:08 - light_ai.sub_layer_1.data_cleaning - INFO - data_cleaning.py:528 - Starting unstructured data cleaning: pdf, 1 characters
2026-01-03 23:31:08 - light_ai.sub_layer_1.data_cleaning - INFO - data_cleaning.py:541 - Unstructured data cleaning completed: 1 characters, 0 chunks created
2026-01-04 00:56:47 - light_ai.storage.directory_manager - INFO - directory_manager.py:54 - Creating directory structure at: .
2026-01-04 00:56:47 - light_ai.storage.directory_manager - INFO - directory_manager.py:68 - Directory structure created successfully
2026-01-04 00:56:47 - light_ai.storage.database_managers - INFO - database_managers.py:488 - SQLite metadata registry initialized at: metadata/registry.db
2026-01-04 00:56:47 - light_ai.storage.database_managers - INFO - database_managers.py:488 - SQLite metadata registry initialized at: metadata/registry.db
2026-01-04 00:56:47 - light_ai.storage.database_managers - INFO - database_managers.py:488 - SQLite metadata registry initialized at: metadata/registry.db
2026-01-04 00:56:47 - light_ai.storage.database_managers - INFO - database_managers.py:488 - SQLite metadata registry initialized at: metadata/registry.db
2026-01-04 00:56:47 - light_ai.storage.database_managers - INFO - database_managers.py:488 - SQLite metadata registry initialized at: metadata/registry.db
2026-01-04 00:56:47 - light_ai.storage.database_managers - INFO - database_managers.py:488 - SQLite metadata registry initialized at: metadata/registry.db
2026-01-04 00:56:47 - light_ai.storage.database_managers - INFO - database_managers.py:488 - SQLite metadata registry initialized at: metadata/registry.db
2026-01-04 00:56:47 - light_ai.storage.database_managers - INFO - database_managers.py:488 - SQLite metadata registry initialized at: metadata/registry.db
2026-01-04 00:56:47 - light_ai.storage.database_managers - INFO - database_managers.py:488 - SQLite metadata registry initialized at: metadata/registry.db
2026-01-04 00:56:47 - universal_data_handler - INFO - api.py:123 - Universal Data Handler API initialized successfully
2026-01-04 00:57:38 - light_ai.storage.directory_manager - INFO - directory_manager.py:54 - Creating directory structure at: .
2026-01-04 00:57:38 - light_ai.storage.directory_manager - INFO - directory_manager.py:68 - Directory structure created successfully
2026-01-04 00:57:38 - light_ai.storage.database_managers - INFO - database_managers.py:488 - SQLite metadata registry initialized at: metadata/registry.db
2026-01-04 00:57:38 - light_ai.storage.database_managers - INFO - database_managers.py:488 - SQLite metadata registry initialized at: metadata/registry.db
2026-01-04 00:57:38 - light_ai.storage.database_managers - INFO - database_managers.py:488 - SQLite metadata registry initialized at: metadata/registry.db
2026-01-04 00:57:38 - light_ai.storage.database_managers - INFO - database_managers.py:488 - SQLite metadata registry initialized at: metadata/registry.db
2026-01-04 00:57:38 - light_ai.storage.database_managers - INFO - database_managers.py:488 - SQLite metadata registry initialized at: metadata/registry.db
2026-01-04 00:57:38 - light_ai.storage.database_managers - INFO - database_managers.py:488 - SQLite metadata registry initialized at: metadata/registry.db
2026-01-04 00:57:38 - light_ai.storage.database_managers - INFO - database_managers.py:488 - SQLite metadata registry initialized at: metadata/registry.db
2026-01-04 00:57:38 - light_ai.storage.database_managers - INFO - database_managers.py:488 - SQLite metadata registry initialized at: metadata/registry.db
2026-01-04 00:57:38 - light_ai.storage.database_managers - INFO - database_managers.py:488 - SQLite metadata registry initialized at: metadata/registry.db
2026-01-04 00:57:38 - universal_data_handler - INFO - api.py:123 - Universal Data Handler API initialized successfully
2026-01-04 00:57:38 - light_ai.sub_layer_1.file_upload - INFO - file_upload.py:341 - Starting upload for tmpi4tzlgv6.csv (resource_id: 5bc21208-f0b7-413d-916a-04238a100b97)
2026-01-04 00:57:38 - light_ai.sub_layer_1.file_upload - INFO - file_upload.py:218 - File validation successful: tmpi4tzlgv6.csv (csv, 0.0MB)
2026-01-04 00:57:38 - light_ai.sub_layer_1.file_upload - INFO - file_upload.py:354 - Duplicate check for hash 45fb9c13... (would query metadata registry)
2026-01-04 00:57:38 - light_ai.sub_layer_1.file_upload - INFO - file_upload.py:382 - File upload completed: tmpi4tzlgv6.csv -> 5bc21208-f0b7-413d-916a-04238a100b97
2026-01-04 00:57:38 - light_ai.sub_layer_1.data_cleaning - INFO - data_cleaning.py:750 - Starting data cleaning for type: csv
2026-01-04 00:57:38 - light_ai.sub_layer_1.data_cleaning - INFO - data_cleaning.py:108 - Starting structured data cleaning: 3 rows, 3 columns
2026-01-04 00:57:38 - light_ai.sub_layer_1.data_cleaning - INFO - data_cleaning.py:141 - Structured data cleaning completed: 3 rows, 3 columns (0 rows, 0 columns removed)
2026-01-04 00:57:38 - light_ai.storage.storage_router - INFO - storage_router.py:57 - Initializing storage router...
2026-01-04 00:57:38 - light_ai.storage.database_managers - INFO - database_managers.py:695 - Initializing all database managers...
2026-01-04 00:57:38 - light_ai.storage.database_managers - INFO - database_managers.py:488 - SQLite metadata registry initialized at: metadata/registry.db
2026-01-04 00:57:39 - light_ai.storage.database_managers - INFO - database_managers.py:72 - DuckDB initialized at: data/duckdb/main.db
2026-01-04 00:57:39 - light_ai.storage.database_managers - INFO - database_managers.py:304 - ChromaDB initialized at: data/unstructured/chroma_db
2026-01-04 00:57:39 - light_ai.storage.database_managers - INFO - database_managers.py:703 - All database managers initialized successfully
2026-01-04 00:57:39 - light_ai.storage.database_managers - INFO - database_managers.py:488 - SQLite metadata registry initialized at: metadata/registry.db
2026-01-04 00:57:39 - light_ai.storage.storage_router - INFO - storage_router.py:61 - Storage router initialized successfully
2026-01-04 00:57:39 - light_ai.storage.storage_utils - INFO - storage_utils.py:225 - Stored file: data/structured/3989c6f3-1234-5678-9abc-def012345678/90885f7c-1234-5678-9abc-def012345678/5bc21208-f0b7-413d-916a-04238a100b97/v1_tmpi4tzlgv6.csv
2026-01-04 00:57:39 - light_ai.storage.metadata_registry - INFO - metadata_registry.py:98 - Created resource metadata: 5bc21208-f0b7-413d-916a-04238a100b97
2026-01-04 00:57:39 - light_ai.storage.version_manager - INFO - version_manager.py:185 - Created version 1 for resource 5bc21208-f0b7-413d-916a-04238a100b97
2026-01-04 00:57:39 - light_ai.storage.database_managers - INFO - database_managers.py:165 - Created virtual table: structured_data.resource_5bc21208_f0b7_413d_916a_04238a100b97
2026-01-04 00:57:39 - light_ai.storage.storage_router - INFO - storage_router.py:120 - Stored structured data: resource_5bc21208_f0b7_413d_916a_04238a100b97
2026-01-04 00:57:39 - light_ai.storage.database_managers - INFO - database_managers.py:488 - SQLite metadata registry initialized at: metadata/registry.db
2026-01-04 00:57:39 - light_ai.storage.storage_router - INFO - storage_router.py:57 - Initializing storage router...
2026-01-04 00:57:39 - light_ai.storage.database_managers - INFO - database_managers.py:695 - Initializing all database managers...
2026-01-04 00:57:39 - light_ai.storage.database_managers - INFO - database_managers.py:488 - SQLite metadata registry initialized at: metadata/registry.db
2026-01-04 00:57:39 - light_ai.storage.database_managers - INFO - database_managers.py:72 - DuckDB initialized at: data/duckdb/main.db
2026-01-04 00:57:39 - light_ai.storage.database_managers - INFO - database_managers.py:304 - ChromaDB initialized at: data/unstructured/chroma_db
2026-01-04 00:57:39 - light_ai.storage.database_managers - INFO - database_managers.py:703 - All database managers initialized successfully
2026-01-04 00:57:39 - light_ai.storage.database_managers - INFO - database_managers.py:488 - SQLite metadata registry initialized at: metadata/registry.db
2026-01-04 00:57:39 - light_ai.storage.storage_router - INFO - storage_router.py:61 - Storage router initialized successfully
2026-01-04 00:57:39 - light_ai.storage.storage_router - INFO - storage_router.py:57 - Initializing storage router...
2026-01-04 00:57:39 - light_ai.storage.database_managers - INFO - database_managers.py:695 - Initializing all database managers...
2026-01-04 00:57:39 - light_ai.storage.database_managers - INFO - database_managers.py:488 - SQLite metadata registry initialized at: metadata/registry.db
2026-01-04 00:57:39 - light_ai.storage.database_managers - INFO - database_managers.py:72 - DuckDB initialized at: data/duckdb/main.db
2026-01-04 00:57:39 - light_ai.storage.database_managers - INFO - database_managers.py:304 - ChromaDB initialized at: data/unstructured/chroma_db
2026-01-04 00:57:39 - light_ai.storage.database_managers - INFO - database_managers.py:703 - All database managers initialized successfully
2026-01-04 00:57:39 - light_ai.storage.database_managers - INFO - database_managers.py:488 - SQLite metadata registry initialized at: metadata/registry.db
2026-01-04 00:57:39 - light_ai.storage.storage_router - INFO - storage_router.py:61 - Storage router initialized successfully
2026-01-04 00:57:39 - light_ai.storage.database_managers - INFO - database_managers.py:488 - SQLite metadata registry initialized at: metadata/registry.db
2026-01-04 00:57:39 - light_ai.sub_layer_2.sql_query_engine - INFO - sql_query_engine.py:81 - SQL Query Engine initialized
2026-01-04 00:57:39 - light_ai.sub_layer_2.natural_language_processor - INFO - natural_language_processor.py:145 - Natural Language Processor initialized
2026-01-04 00:57:39 - light_ai.sub_layer_2.natural_language_processor - INFO - natural_language_processor.py:210 - Processed natural language query for user 90885f7c-1234-5678-9abc-def012345678: metadata_query
2026-01-04 00:57:39 - light_ai.sub_layer_2.semantic_search_engine - INFO - semantic_search_engine.py:515 - Initializing semantic search engine...
2026-01-04 00:57:39 - light_ai.storage.database_managers - INFO - database_managers.py:304 - ChromaDB initialized at: data/unstructured/chroma_db
2026-01-04 00:57:39 - light_ai.storage.database_managers - INFO - database_managers.py:488 - SQLite metadata registry initialized at: metadata/registry.db
2026-01-04 00:57:39 - light_ai.sub_layer_2.semantic_search_engine - INFO - semantic_search_engine.py:519 - Semantic search engine initialized successfully
2026-01-04 00:57:39 - light_ai.storage.database_managers - INFO - database_managers.py:488 - SQLite metadata registry initialized at: metadata/registry.db
2026-01-04 00:57:39 - light_ai.storage.storage_router - INFO - storage_router.py:57 - Initializing storage router...
2026-01-04 00:57:39 - light_ai.storage.database_managers - INFO - database_managers.py:695 - Initializing all database managers...
2026-01-04 00:57:39 - light_ai.storage.database_managers - INFO - database_managers.py:488 - SQLite metadata registry initialized at: metadata/registry.db
2026-01-04 00:57:39 - light_ai.storage.database_managers - INFO - database_managers.py:72 - DuckDB initialized at: data/duckdb/main.db
2026-01-04 00:57:39 - light_ai.storage.database_managers - INFO - database_managers.py:304 - ChromaDB initialized at: data/unstructured/chroma_db
2026-01-04 00:57:39 - light_ai.storage.database_managers - INFO - database_managers.py:703 - All database managers initialized successfully
2026-01-04 00:57:39 - light_ai.storage.database_managers - INFO - database_managers.py:488 - SQLite metadata registry initialized at: metadata/registry.db
2026-01-04 00:57:39 - light_ai.storage.storage_router - INFO - storage_router.py:61 - Storage router initialized successfully
2026-01-04 00:57:39 - light_ai.storage.storage_router - INFO - storage_router.py:57 - Initializing storage router...
2026-01-04 00:57:39 - light_ai.storage.database_managers - INFO - database_managers.py:695 - Initializing all database managers...
2026-01-04 00:57:39 - light_ai.storage.database_managers - INFO - database_managers.py:488 - SQLite metadata registry initialized at: metadata/registry.db
2026-01-04 00:57:39 - light_ai.storage.database_managers - INFO - database_managers.py:72 - DuckDB initialized at: data/duckdb/main.db
2026-01-04 00:57:39 - light_ai.storage.database_managers - INFO - database_managers.py:304 - ChromaDB initialized at: data/unstructured/chroma_db
2026-01-04 00:57:39 - light_ai.storage.database_managers - INFO - database_managers.py:703 - All database managers initialized successfully
2026-01-04 00:57:39 - light_ai.storage.database_managers - INFO - database_managers.py:488 - SQLite metadata registry initialized at: metadata/registry.db
2026-01-04 00:57:39 - light_ai.storage.storage_router - INFO - storage_router.py:61 - Storage router initialized successfully
2026-01-04 00:57:39 - light_ai.storage.database_managers - INFO - database_managers.py:488 - SQLite metadata registry initialized at: metadata/registry.db
2026-01-04 00:57:39 - light_ai.sub_layer_2.sql_query_engine - INFO - sql_query_engine.py:81 - SQL Query Engine initialized
2026-01-04 00:57:39 - light_ai.storage.database_managers - INFO - database_managers.py:488 - SQLite metadata registry initialized at: metadata/registry.db
2026-01-04 00:57:39 - light_ai.storage.storage_router - INFO - storage_router.py:57 - Initializing storage router...
2026-01-04 00:57:39 - light_ai.storage.database_managers - INFO - database_managers.py:695 - Initializing all database managers...
2026-01-04 00:57:39 - light_ai.storage.database_managers - INFO - database_managers.py:488 - SQLite metadata registry initialized at: metadata/registry.db
2026-01-04 00:57:39 - light_ai.storage.database_managers - INFO - database_managers.py:72 - DuckDB initialized at: data/duckdb/main.db
2026-01-04 00:57:39 - light_ai.storage.database_managers - INFO - database_managers.py:304 - ChromaDB initialized at: data/unstructured/chroma_db
2026-01-04 00:57:39 - light_ai.storage.database_managers - INFO - database_managers.py:703 - All database managers initialized successfully
2026-01-04 00:57:39 - light_ai.storage.database_managers - INFO - database_managers.py:488 - SQLite metadata registry initialized at: metadata/registry.db
2026-01-04 00:57:39 - light_ai.storage.storage_router - INFO - storage_router.py:61 - Storage router initialized successfully
2026-01-04 00:57:39 - light_ai.storage.storage_router - INFO - storage_router.py:57 - Initializing storage router...
2026-01-04 00:57:39 - light_ai.storage.database_managers - INFO - database_managers.py:695 - Initializing all database managers...
2026-01-04 00:57:39 - light_ai.storage.database_managers - INFO - database_managers.py:488 - SQLite metadata registry initialized at: metadata/registry.db
2026-01-04 00:57:39 - light_ai.storage.database_managers - INFO - database_managers.py:72 - DuckDB initialized at: data/duckdb/main.db
2026-01-04 00:57:39 - light_ai.storage.database_managers - INFO - database_managers.py:304 - ChromaDB initialized at: data/unstructured/chroma_db
2026-01-04 00:57:39 - light_ai.storage.database_managers - INFO - database_managers.py:703 - All database managers initialized successfully
2026-01-04 00:57:39 - light_ai.storage.database_managers - INFO - database_managers.py:488 - SQLite metadata registry initialized at: metadata/registry.db
2026-01-04 00:57:39 - light_ai.storage.storage_router - INFO - storage_router.py:61 - Storage router initialized successfully
2026-01-04 00:57:39 - light_ai.storage.database_managers - INFO - database_managers.py:488 - SQLite metadata registry initialized at: metadata/registry.db
2026-01-04 00:57:39 - light_ai.sub_layer_2.sql_query_engine - INFO - sql_query_engine.py:81 - SQL Query Engine initialized
2026-01-04 00:57:39 - light_ai.sub_layer_2.natural_language_processor - INFO - natural_language_processor.py:145 - Natural Language Processor initialized
2026-01-04 00:57:39 - light_ai.sub_layer_2.semantic_search_engine - INFO - semantic_search_engine.py:515 - Initializing semantic search engine...
2026-01-04 00:57:39 - light_ai.storage.database_managers - INFO - database_managers.py:304 - ChromaDB initialized at: data/unstructured/chroma_db
2026-01-04 00:57:39 - light_ai.storage.database_managers - INFO - database_managers.py:488 - SQLite metadata registry initialized at: metadata/registry.db
2026-01-04 00:57:39 - light_ai.sub_layer_2.semantic_search_engine - INFO - semantic_search_engine.py:519 - Semantic search engine initialized successfully
2026-01-04 00:57:39 - light_ai.sub_layer_2.ai_data_analyst - INFO - ai_data_analyst.py:211 - AI Data Analyst initialized
2026-01-04 00:57:39 - light_ai.storage.storage_router - INFO - storage_router.py:57 - Initializing storage router...
2026-01-04 00:57:39 - light_ai.storage.database_managers - INFO - database_managers.py:695 - Initializing all database managers...
2026-01-04 00:57:39 - light_ai.storage.database_managers - INFO - database_managers.py:488 - SQLite metadata registry initialized at: metadata/registry.db
2026-01-04 00:57:39 - light_ai.storage.database_managers - INFO - database_managers.py:72 - DuckDB initialized at: data/duckdb/main.db
2026-01-04 00:57:39 - light_ai.storage.database_managers - INFO - database_managers.py:304 - ChromaDB initialized at: data/unstructured/chroma_db
2026-01-04 00:57:39 - light_ai.storage.database_managers - INFO - database_managers.py:703 - All database managers initialized successfully
2026-01-04 00:57:39 - light_ai.storage.database_managers - INFO - database_managers.py:488 - SQLite metadata registry initialized at: metadata/registry.db
2026-01-04 00:57:39 - light_ai.storage.storage_router - INFO - storage_router.py:61 - Storage router initialized successfully
2026-01-04 00:57:39 - light_ai.storage.database_managers - INFO - database_managers.py:488 - SQLite metadata registry initialized at: metadata/registry.db
2026-01-04 00:57:39 - light_ai.sub_layer_2.sql_query_engine - INFO - sql_query_engine.py:81 - SQL Query Engine initialized
2026-01-04 00:57:39 - light_ai.storage.database_managers - ERROR - database_managers.py:122 - DuckDB operation failed: Parser Error: syntax error at or near "WHERE"

LINE 1: ...urce_5bc21208_f0b7_413d_916a_04238a100b97_enhanced LIMIT 5 WHERE client_id = '3989c6f3-1234-5678-9abc-def012345678...
                                                                      ^
2026-01-04 00:57:39 - light_ai.sub_layer_2.sql_query_engine - ERROR - sql_query_engine.py:148 - Failed to execute SQL query: Parser Error: syntax error at or near "WHERE"

LINE 1: ...urce_5bc21208_f0b7_413d_916a_04238a100b97_enhanced LIMIT 5 WHERE client_id = '3989c6f3-1234-5678-9abc-def012345678...
                                                                      ^
2026-01-04 00:57:39 - universal_data_handler - ERROR - api.py:128 - Error in query_structured: Query execution failed: Parser Error: syntax error at or near "WHERE"

LINE 1: ...urce_5bc21208_f0b7_413d_916a_04238a100b97_enhanced LIMIT 5 WHERE client_id = '3989c6f3-1234-5678-9abc-def012345678...
                                                                      ^
Traceback (most recent call last):
  File "/Users/shashwatroy/Desktop/ns/New-CB/light_ai/light_ai/sub_layer_2/sql_query_engine.py", line 136, in execute_query
    result = self._execute_normal_query(
  File "/Users/shashwatroy/Desktop/ns/New-CB/light_ai/light_ai/sub_layer_2/sql_query_engine.py", line 531, in _execute_normal_query
    cursor = conn.execute(sql)
_duckdb.ParserException: Parser Error: syntax error at or near "WHERE"

LINE 1: ...urce_5bc21208_f0b7_413d_916a_04238a100b97_enhanced LIMIT 5 WHERE client_id = '3989c6f3-1234-5678-9abc-def012345678...
                                                                      ^

During handling of the above exception, another exception occurred:

Traceback (most recent call last):
  File "/Users/shashwatroy/Desktop/ns/New-CB/light_ai/light_ai/api.py", line 614, in query_structured
    result = self.sql_engine.execute_query(sql_query, client_id, user_id)
  File "/Users/shashwatroy/Desktop/ns/New-CB/light_ai/light_ai/sub_layer_2/sql_query_engine.py", line 149, in execute_query
    raise RuntimeError(f"Query execution failed: {e}")
RuntimeError: Query execution failed: Parser Error: syntax error at or near "WHERE"

LINE 1: ...urce_5bc21208_f0b7_413d_916a_04238a100b97_enhanced LIMIT 5 WHERE client_id = '3989c6f3-1234-5678-9abc-def012345678...
                                                                      ^
2026-01-04 00:57:39 - light_ai.sub_layer_2.sql_query_engine - INFO - sql_query_engine.py:81 - SQL Query Engine initialized
2026-01-04 00:57:39 - light_ai.sub_layer_2.sql_query_engine - ERROR - sql_query_engine.py:148 - Failed to execute SQL query: Access denied to table: transactions
2026-01-04 00:57:39 - universal_data_handler - ERROR - api.py:128 - Error in query_structured: Query execution failed: Access denied to table: transactions
Traceback (most recent call last):
  File "/Users/shashwatroy/Desktop/ns/New-CB/light_ai/light_ai/sub_layer_2/sql_query_engine.py", line 111, in execute_query
    query_plan = self._create_query_plan(sql, client_id, user_id, access_level)
  File "/Users/shashwatroy/Desktop/ns/New-CB/light_ai/light_ai/sub_layer_2/sql_query_engine.py", line 318, in _create_query_plan
    raise ValueError(f"Access denied to table: {table_ref}")
ValueError: Access denied to table: transactions

During handling of the above exception, another exception occurred:

Traceback (most recent call last):
  File "/Users/shashwatroy/Desktop/ns/New-CB/light_ai/light_ai/api.py", line 614, in query_structured
    result = self.sql_engine.execute_query(sql_query, client_id, user_id)
  File "/Users/shashwatroy/Desktop/ns/New-CB/light_ai/light_ai/sub_layer_2/sql_query_engine.py", line 149, in execute_query
    raise RuntimeError(f"Query execution failed: {e}")
RuntimeError: Query execution failed: Access denied to table: transactions
2026-01-04 00:59:45 - light_ai.storage.directory_manager - INFO - directory_manager.py:54 - Creating directory structure at: .
2026-01-04 00:59:45 - light_ai.storage.directory_manager - INFO - directory_manager.py:68 - Directory structure created successfully
2026-01-04 00:59:45 - light_ai.storage.database_managers - INFO - database_managers.py:488 - SQLite metadata registry initialized at: metadata/registry.db
2026-01-04 00:59:45 - light_ai.storage.database_managers - INFO - database_managers.py:488 - SQLite metadata registry initialized at: metadata/registry.db
2026-01-04 00:59:45 - light_ai.storage.database_managers - INFO - database_managers.py:488 - SQLite metadata registry initialized at: metadata/registry.db
2026-01-04 00:59:45 - light_ai.storage.database_managers - INFO - database_managers.py:488 - SQLite metadata registry initialized at: metadata/registry.db
2026-01-04 00:59:45 - light_ai.storage.database_managers - INFO - database_managers.py:488 - SQLite metadata registry initialized at: metadata/registry.db
2026-01-04 00:59:45 - light_ai.storage.database_managers - INFO - database_managers.py:488 - SQLite metadata registry initialized at: metadata/registry.db
2026-01-04 00:59:45 - light_ai.storage.database_managers - INFO - database_managers.py:488 - SQLite metadata registry initialized at: metadata/registry.db
2026-01-04 00:59:45 - light_ai.storage.database_managers - INFO - database_managers.py:488 - SQLite metadata registry initialized at: metadata/registry.db
2026-01-04 00:59:45 - light_ai.storage.database_managers - INFO - database_managers.py:488 - SQLite metadata registry initialized at: metadata/registry.db
2026-01-04 00:59:45 - universal_data_handler - INFO - api.py:123 - Universal Data Handler API initialized successfully
2026-01-04 00:59:45 - light_ai.sub_layer_1.file_upload - INFO - file_upload.py:341 - Starting upload for tmp1as3_lwn.csv (resource_id: e79ef516-41cb-433e-8878-3189e618ab1e)
2026-01-04 00:59:45 - light_ai.sub_layer_1.file_upload - INFO - file_upload.py:218 - File validation successful: tmp1as3_lwn.csv (csv, 0.0MB)
2026-01-04 00:59:45 - light_ai.sub_layer_1.file_upload - INFO - file_upload.py:354 - Duplicate check for hash 45fb9c13... (would query metadata registry)
2026-01-04 00:59:45 - light_ai.sub_layer_1.file_upload - INFO - file_upload.py:382 - File upload completed: tmp1as3_lwn.csv -> e79ef516-41cb-433e-8878-3189e618ab1e
2026-01-04 00:59:45 - light_ai.sub_layer_1.data_cleaning - INFO - data_cleaning.py:750 - Starting data cleaning for type: csv
2026-01-04 00:59:45 - light_ai.sub_layer_1.data_cleaning - INFO - data_cleaning.py:108 - Starting structured data cleaning: 3 rows, 3 columns
2026-01-04 00:59:45 - light_ai.sub_layer_1.data_cleaning - INFO - data_cleaning.py:141 - Structured data cleaning completed: 3 rows, 3 columns (0 rows, 0 columns removed)
2026-01-04 00:59:45 - light_ai.storage.storage_router - INFO - storage_router.py:57 - Initializing storage router...
2026-01-04 00:59:45 - light_ai.storage.database_managers - INFO - database_managers.py:695 - Initializing all database managers...
2026-01-04 00:59:45 - light_ai.storage.database_managers - INFO - database_managers.py:488 - SQLite metadata registry initialized at: metadata/registry.db
2026-01-04 00:59:46 - light_ai.storage.database_managers - INFO - database_managers.py:72 - DuckDB initialized at: data/duckdb/main.db
2026-01-04 00:59:46 - light_ai.storage.database_managers - INFO - database_managers.py:304 - ChromaDB initialized at: data/unstructured/chroma_db
2026-01-04 00:59:46 - light_ai.storage.database_managers - INFO - database_managers.py:703 - All database managers initialized successfully
2026-01-04 00:59:46 - light_ai.storage.database_managers - INFO - database_managers.py:488 - SQLite metadata registry initialized at: metadata/registry.db
2026-01-04 00:59:46 - light_ai.storage.storage_router - INFO - storage_router.py:61 - Storage router initialized successfully
2026-01-04 00:59:46 - light_ai.storage.storage_utils - INFO - storage_utils.py:225 - Stored file: data/structured/3989c6f3-1234-5678-9abc-def012345678/90885f7c-1234-5678-9abc-def012345678/e79ef516-41cb-433e-8878-3189e618ab1e/v1_tmp1as3_lwn.csv
2026-01-04 00:59:46 - light_ai.storage.metadata_registry - INFO - metadata_registry.py:98 - Created resource metadata: e79ef516-41cb-433e-8878-3189e618ab1e
2026-01-04 00:59:46 - light_ai.storage.version_manager - INFO - version_manager.py:185 - Created version 1 for resource e79ef516-41cb-433e-8878-3189e618ab1e
2026-01-04 00:59:46 - light_ai.storage.database_managers - INFO - database_managers.py:165 - Created virtual table: structured_data.resource_e79ef516_41cb_433e_8878_3189e618ab1e
2026-01-04 00:59:46 - light_ai.storage.storage_router - INFO - storage_router.py:120 - Stored structured data: resource_e79ef516_41cb_433e_8878_3189e618ab1e
2026-01-04 00:59:46 - light_ai.storage.database_managers - INFO - database_managers.py:488 - SQLite metadata registry initialized at: metadata/registry.db
2026-01-04 00:59:46 - light_ai.storage.storage_router - INFO - storage_router.py:57 - Initializing storage router...
2026-01-04 00:59:46 - light_ai.storage.database_managers - INFO - database_managers.py:695 - Initializing all database managers...
2026-01-04 00:59:46 - light_ai.storage.database_managers - INFO - database_managers.py:488 - SQLite metadata registry initialized at: metadata/registry.db
2026-01-04 00:59:46 - light_ai.storage.database_managers - INFO - database_managers.py:72 - DuckDB initialized at: data/duckdb/main.db
2026-01-04 00:59:46 - light_ai.storage.database_managers - INFO - database_managers.py:304 - ChromaDB initialized at: data/unstructured/chroma_db
2026-01-04 00:59:46 - light_ai.storage.database_managers - INFO - database_managers.py:703 - All database managers initialized successfully
2026-01-04 00:59:46 - light_ai.storage.database_managers - INFO - database_managers.py:488 - SQLite metadata registry initialized at: metadata/registry.db
2026-01-04 00:59:46 - light_ai.storage.storage_router - INFO - storage_router.py:61 - Storage router initialized successfully
2026-01-04 00:59:46 - light_ai.storage.storage_router - INFO - storage_router.py:57 - Initializing storage router...
2026-01-04 00:59:46 - light_ai.storage.database_managers - INFO - database_managers.py:695 - Initializing all database managers...
2026-01-04 00:59:46 - light_ai.storage.database_managers - INFO - database_managers.py:488 - SQLite metadata registry initialized at: metadata/registry.db
2026-01-04 00:59:46 - light_ai.storage.database_managers - INFO - database_managers.py:72 - DuckDB initialized at: data/duckdb/main.db
2026-01-04 00:59:46 - light_ai.storage.database_managers - INFO - database_managers.py:304 - ChromaDB initialized at: data/unstructured/chroma_db
2026-01-04 00:59:46 - light_ai.storage.database_managers - INFO - database_managers.py:703 - All database managers initialized successfully
2026-01-04 00:59:46 - light_ai.storage.database_managers - INFO - database_managers.py:488 - SQLite metadata registry initialized at: metadata/registry.db
2026-01-04 00:59:46 - light_ai.storage.storage_router - INFO - storage_router.py:61 - Storage router initialized successfully
2026-01-04 00:59:46 - light_ai.storage.database_managers - INFO - database_managers.py:488 - SQLite metadata registry initialized at: metadata/registry.db
2026-01-04 00:59:46 - light_ai.sub_layer_2.sql_query_engine - INFO - sql_query_engine.py:81 - SQL Query Engine initialized
2026-01-04 00:59:46 - light_ai.sub_layer_2.natural_language_processor - INFO - natural_language_processor.py:145 - Natural Language Processor initialized
2026-01-04 00:59:46 - light_ai.sub_layer_2.natural_language_processor - INFO - natural_language_processor.py:210 - Processed natural language query for user 90885f7c-1234-5678-9abc-def012345678: metadata_query
2026-01-04 00:59:46 - light_ai.sub_layer_2.semantic_search_engine - INFO - semantic_search_engine.py:515 - Initializing semantic search engine...
2026-01-04 00:59:46 - light_ai.storage.database_managers - INFO - database_managers.py:304 - ChromaDB initialized at: data/unstructured/chroma_db
2026-01-04 00:59:46 - light_ai.storage.database_managers - INFO - database_managers.py:488 - SQLite metadata registry initialized at: metadata/registry.db
2026-01-04 00:59:46 - light_ai.sub_layer_2.semantic_search_engine - INFO - semantic_search_engine.py:519 - Semantic search engine initialized successfully
2026-01-04 00:59:46 - light_ai.storage.database_managers - INFO - database_managers.py:488 - SQLite metadata registry initialized at: metadata/registry.db
2026-01-04 00:59:46 - light_ai.storage.storage_router - INFO - storage_router.py:57 - Initializing storage router...
2026-01-04 00:59:46 - light_ai.storage.database_managers - INFO - database_managers.py:695 - Initializing all database managers...
2026-01-04 00:59:46 - light_ai.storage.database_managers - INFO - database_managers.py:488 - SQLite metadata registry initialized at: metadata/registry.db
2026-01-04 00:59:46 - light_ai.storage.database_managers - INFO - database_managers.py:72 - DuckDB initialized at: data/duckdb/main.db
2026-01-04 00:59:46 - light_ai.storage.database_managers - INFO - database_managers.py:304 - ChromaDB initialized at: data/unstructured/chroma_db
2026-01-04 00:59:46 - light_ai.storage.database_managers - INFO - database_managers.py:703 - All database managers initialized successfully
2026-01-04 00:59:46 - light_ai.storage.database_managers - INFO - database_managers.py:488 - SQLite metadata registry initialized at: metadata/registry.db
2026-01-04 00:59:46 - light_ai.storage.storage_router - INFO - storage_router.py:61 - Storage router initialized successfully
2026-01-04 00:59:46 - light_ai.storage.storage_router - INFO - storage_router.py:57 - Initializing storage router...
2026-01-04 00:59:46 - light_ai.storage.database_managers - INFO - database_managers.py:695 - Initializing all database managers...
2026-01-04 00:59:46 - light_ai.storage.database_managers - INFO - database_managers.py:488 - SQLite metadata registry initialized at: metadata/registry.db
2026-01-04 00:59:46 - light_ai.storage.database_managers - INFO - database_managers.py:72 - DuckDB initialized at: data/duckdb/main.db
2026-01-04 00:59:46 - light_ai.storage.database_managers - INFO - database_managers.py:304 - ChromaDB initialized at: data/unstructured/chroma_db
2026-01-04 00:59:46 - light_ai.storage.database_managers - INFO - database_managers.py:703 - All database managers initialized successfully
2026-01-04 00:59:46 - light_ai.storage.database_managers - INFO - database_managers.py:488 - SQLite metadata registry initialized at: metadata/registry.db
2026-01-04 00:59:46 - light_ai.storage.storage_router - INFO - storage_router.py:61 - Storage router initialized successfully
2026-01-04 00:59:46 - light_ai.storage.database_managers - INFO - database_managers.py:488 - SQLite metadata registry initialized at: metadata/registry.db
2026-01-04 00:59:46 - light_ai.sub_layer_2.sql_query_engine - INFO - sql_query_engine.py:81 - SQL Query Engine initialized
2026-01-04 00:59:46 - light_ai.storage.database_managers - INFO - database_managers.py:488 - SQLite metadata registry initialized at: metadata/registry.db
2026-01-04 00:59:46 - light_ai.storage.storage_router - INFO - storage_router.py:57 - Initializing storage router...
2026-01-04 00:59:46 - light_ai.storage.database_managers - INFO - database_managers.py:695 - Initializing all database managers...
2026-01-04 00:59:46 - light_ai.storage.database_managers - INFO - database_managers.py:488 - SQLite metadata registry initialized at: metadata/registry.db
2026-01-04 00:59:46 - light_ai.storage.database_managers - INFO - database_managers.py:72 - DuckDB initialized at: data/duckdb/main.db
2026-01-04 00:59:46 - light_ai.storage.database_managers - INFO - database_managers.py:304 - ChromaDB initialized at: data/unstructured/chroma_db
2026-01-04 00:59:46 - light_ai.storage.database_managers - INFO - database_managers.py:703 - All database managers initialized successfully
2026-01-04 00:59:46 - light_ai.storage.database_managers - INFO - database_managers.py:488 - SQLite metadata registry initialized at: metadata/registry.db
2026-01-04 00:59:46 - light_ai.storage.storage_router - INFO - storage_router.py:61 - Storage router initialized successfully
2026-01-04 00:59:46 - light_ai.storage.storage_router - INFO - storage_router.py:57 - Initializing storage router...
2026-01-04 00:59:46 - light_ai.storage.database_managers - INFO - database_managers.py:695 - Initializing all database managers...
2026-01-04 00:59:46 - light_ai.storage.database_managers - INFO - database_managers.py:488 - SQLite metadata registry initialized at: metadata/registry.db
2026-01-04 00:59:46 - light_ai.storage.database_managers - INFO - database_managers.py:72 - DuckDB initialized at: data/duckdb/main.db
2026-01-04 00:59:46 - light_ai.storage.database_managers - INFO - database_managers.py:304 - ChromaDB initialized at: data/unstructured/chroma_db
2026-01-04 00:59:46 - light_ai.storage.database_managers - INFO - database_managers.py:703 - All database managers initialized successfully
2026-01-04 00:59:46 - light_ai.storage.database_managers - INFO - database_managers.py:488 - SQLite metadata registry initialized at: metadata/registry.db
2026-01-04 00:59:46 - light_ai.storage.storage_router - INFO - storage_router.py:61 - Storage router initialized successfully
2026-01-04 00:59:46 - light_ai.storage.database_managers - INFO - database_managers.py:488 - SQLite metadata registry initialized at: metadata/registry.db
2026-01-04 00:59:46 - light_ai.sub_layer_2.sql_query_engine - INFO - sql_query_engine.py:81 - SQL Query Engine initialized
2026-01-04 00:59:46 - light_ai.sub_layer_2.natural_language_processor - INFO - natural_language_processor.py:145 - Natural Language Processor initialized
2026-01-04 00:59:46 - light_ai.sub_layer_2.semantic_search_engine - INFO - semantic_search_engine.py:515 - Initializing semantic search engine...
2026-01-04 00:59:46 - light_ai.storage.database_managers - INFO - database_managers.py:304 - ChromaDB initialized at: data/unstructured/chroma_db
2026-01-04 00:59:46 - light_ai.storage.database_managers - INFO - database_managers.py:488 - SQLite metadata registry initialized at: metadata/registry.db
2026-01-04 00:59:46 - light_ai.sub_layer_2.semantic_search_engine - INFO - semantic_search_engine.py:519 - Semantic search engine initialized successfully
2026-01-04 00:59:46 - light_ai.sub_layer_2.ai_data_analyst - INFO - ai_data_analyst.py:211 - AI Data Analyst initialized
2026-01-04 00:59:46 - light_ai.storage.storage_router - INFO - storage_router.py:57 - Initializing storage router...
2026-01-04 00:59:46 - light_ai.storage.database_managers - INFO - database_managers.py:695 - Initializing all database managers...
2026-01-04 00:59:46 - light_ai.storage.database_managers - INFO - database_managers.py:488 - SQLite metadata registry initialized at: metadata/registry.db
2026-01-04 00:59:46 - light_ai.storage.database_managers - INFO - database_managers.py:72 - DuckDB initialized at: data/duckdb/main.db
2026-01-04 00:59:46 - light_ai.storage.database_managers - INFO - database_managers.py:304 - ChromaDB initialized at: data/unstructured/chroma_db
2026-01-04 00:59:46 - light_ai.storage.database_managers - INFO - database_managers.py:703 - All database managers initialized successfully
2026-01-04 00:59:46 - light_ai.storage.database_managers - INFO - database_managers.py:488 - SQLite metadata registry initialized at: metadata/registry.db
2026-01-04 00:59:46 - light_ai.storage.storage_router - INFO - storage_router.py:61 - Storage router initialized successfully
2026-01-04 00:59:46 - light_ai.storage.database_managers - INFO - database_managers.py:488 - SQLite metadata registry initialized at: metadata/registry.db
2026-01-04 00:59:46 - light_ai.sub_layer_2.sql_query_engine - INFO - sql_query_engine.py:81 - SQL Query Engine initialized
2026-01-04 00:59:46 - light_ai.sub_layer_2.sql_query_engine - INFO - sql_query_engine.py:144 - Executed SQL query for user 90885f7c-1234-5678-9abc-def012345678, returned 3 rows
2026-01-04 00:59:46 - universal_data_handler - ERROR - api.py:128 - Error in query_structured: 'str' object has no attribute 'to_dict'
Traceback (most recent call last):
  File "/Users/shashwatroy/Desktop/ns/New-CB/light_ai/light_ai/api.py", line 626, in query_structured
    "query_plan": result.query_plan.to_dict() if result.query_plan else None
AttributeError: 'str' object has no attribute 'to_dict'
2026-01-04 00:59:46 - light_ai.sub_layer_2.sql_query_engine - INFO - sql_query_engine.py:81 - SQL Query Engine initialized
2026-01-04 00:59:46 - light_ai.sub_layer_2.sql_query_engine - ERROR - sql_query_engine.py:148 - Failed to execute SQL query: Access denied to table: transactions
2026-01-04 00:59:46 - universal_data_handler - ERROR - api.py:128 - Error in query_structured: Query execution failed: Access denied to table: transactions
Traceback (most recent call last):
  File "/Users/shashwatroy/Desktop/ns/New-CB/light_ai/light_ai/sub_layer_2/sql_query_engine.py", line 111, in execute_query
    query_plan = self._create_query_plan(sql, client_id, user_id, access_level)
  File "/Users/shashwatroy/Desktop/ns/New-CB/light_ai/light_ai/sub_layer_2/sql_query_engine.py", line 318, in _create_query_plan
    raise ValueError(f"Access denied to table: {table_ref}")
ValueError: Access denied to table: transactions

During handling of the above exception, another exception occurred:

Traceback (most recent call last):
  File "/Users/shashwatroy/Desktop/ns/New-CB/light_ai/light_ai/api.py", line 614, in query_structured
    result = self.sql_engine.execute_query(sql_query, client_id, user_id)
  File "/Users/shashwatroy/Desktop/ns/New-CB/light_ai/light_ai/sub_layer_2/sql_query_engine.py", line 149, in execute_query
    raise RuntimeError(f"Query execution failed: {e}")
RuntimeError: Query execution failed: Access denied to table: transactions
2026-01-04 01:05:36 - light_ai.storage.directory_manager - INFO - directory_manager.py:54 - Creating directory structure at: .
2026-01-04 01:05:36 - light_ai.storage.directory_manager - INFO - directory_manager.py:68 - Directory structure created successfully
2026-01-04 01:05:36 - light_ai.storage.database_managers - INFO - database_managers.py:488 - SQLite metadata registry initialized at: metadata/registry.db
2026-01-04 01:05:36 - light_ai.storage.database_managers - INFO - database_managers.py:488 - SQLite metadata registry initialized at: metadata/registry.db
2026-01-04 01:05:36 - light_ai.storage.database_managers - INFO - database_managers.py:488 - SQLite metadata registry initialized at: metadata/registry.db
2026-01-04 01:05:36 - light_ai.storage.database_managers - INFO - database_managers.py:488 - SQLite metadata registry initialized at: metadata/registry.db
2026-01-04 01:05:36 - light_ai.storage.database_managers - INFO - database_managers.py:488 - SQLite metadata registry initialized at: metadata/registry.db
2026-01-04 01:05:36 - light_ai.storage.database_managers - INFO - database_managers.py:488 - SQLite metadata registry initialized at: metadata/registry.db
2026-01-04 01:05:36 - light_ai.storage.database_managers - INFO - database_managers.py:488 - SQLite metadata registry initialized at: metadata/registry.db
2026-01-04 01:05:36 - light_ai.storage.database_managers - INFO - database_managers.py:488 - SQLite metadata registry initialized at: metadata/registry.db
2026-01-04 01:05:36 - light_ai.storage.database_managers - INFO - database_managers.py:488 - SQLite metadata registry initialized at: metadata/registry.db
2026-01-04 01:05:36 - universal_data_handler - INFO - api.py:123 - Universal Data Handler API initialized successfully
2026-01-04 01:10:33 - light_ai.storage.database_managers - INFO - database_managers.py:488 - SQLite metadata registry initialized at: metadata/registry.db
2026-01-04 01:11:58 - light_ai.sub_layer_1.file_upload - INFO - file_upload.py:341 - Starting upload for tmp9jr9h7kv.txt (resource_id: 220d9aeb-857a-4969-8528-255579aedbb0)
2026-01-04 01:11:58 - light_ai.sub_layer_1.file_upload - INFO - file_upload.py:218 - File validation successful: tmp9jr9h7kv.txt (txt, 0.0MB)
2026-01-04 01:11:58 - light_ai.sub_layer_1.file_upload - INFO - file_upload.py:354 - Duplicate check for hash 4da68dbe... (would query metadata registry)
2026-01-04 01:11:58 - light_ai.sub_layer_1.file_upload - INFO - file_upload.py:382 - File upload completed: tmp9jr9h7kv.txt -> 220d9aeb-857a-4969-8528-255579aedbb0
2026-01-04 01:11:58 - light_ai.sub_layer_1.data_cleaning - INFO - data_cleaning.py:750 - Starting data cleaning for type: txt
2026-01-04 01:11:58 - light_ai.sub_layer_1.data_cleaning - INFO - data_cleaning.py:528 - Starting unstructured data cleaning: txt, 2039 characters
2026-01-04 01:11:58 - light_ai.sub_layer_1.data_cleaning - INFO - data_cleaning.py:541 - Unstructured data cleaning completed: 2008 characters, 1 chunks created
2026-01-04 01:11:58 - universal_data_handler - INFO - api.py:231 - Would store unstructured data for 220d9aeb-857a-4969-8528-255579aedbb0
2026-01-04 01:12:29 - light_ai.sub_layer_1.file_upload - INFO - file_upload.py:341 - Starting upload for tmpsijmdgin.json (resource_id: c1172fed-fa0a-4c1f-9872-c361a9d054b0)
2026-01-04 01:12:29 - light_ai.sub_layer_1.file_upload - INFO - file_upload.py:218 - File validation successful: tmpsijmdgin.json (json, 0.0MB)
2026-01-04 01:12:29 - light_ai.sub_layer_1.file_upload - INFO - file_upload.py:354 - Duplicate check for hash fb7ecc1e... (would query metadata registry)
2026-01-04 01:12:29 - light_ai.sub_layer_1.file_upload - INFO - file_upload.py:382 - File upload completed: tmpsijmdgin.json -> c1172fed-fa0a-4c1f-9872-c361a9d054b0
2026-01-04 01:12:29 - light_ai.sub_layer_1.data_cleaning - INFO - data_cleaning.py:750 - Starting data cleaning for type: json
2026-01-04 01:12:29 - light_ai.sub_layer_1.data_cleaning - INFO - data_cleaning.py:383 - Starting JSON data cleaning: dict
2026-01-04 01:12:29 - light_ai.sub_layer_1.data_cleaning - INFO - data_cleaning.py:397 - JSON data cleaning completed: 0 operations
2026-01-04 01:12:29 - light_ai.storage.storage_router - INFO - storage_router.py:57 - Initializing storage router...
2026-01-04 01:12:29 - light_ai.storage.database_managers - INFO - database_managers.py:695 - Initializing all database managers...
2026-01-04 01:12:29 - light_ai.storage.database_managers - INFO - database_managers.py:488 - SQLite metadata registry initialized at: metadata/registry.db
2026-01-04 01:12:29 - light_ai.storage.database_managers - INFO - database_managers.py:72 - DuckDB initialized at: data/duckdb/main.db
2026-01-04 01:12:29 - light_ai.storage.database_managers - INFO - database_managers.py:304 - ChromaDB initialized at: data/unstructured/chroma_db
2026-01-04 01:12:29 - light_ai.storage.database_managers - INFO - database_managers.py:703 - All database managers initialized successfully
2026-01-04 01:12:29 - light_ai.storage.database_managers - INFO - database_managers.py:488 - SQLite metadata registry initialized at: metadata/registry.db
2026-01-04 01:12:29 - light_ai.storage.storage_router - INFO - storage_router.py:61 - Storage router initialized successfully
2026-01-04 01:12:29 - light_ai.storage.metadata_registry - INFO - metadata_registry.py:98 - Created resource metadata: c1172fed-fa0a-4c1f-9872-c361a9d054b0
2026-01-04 01:12:29 - light_ai.storage.version_manager - INFO - version_manager.py:185 - Created version 1 for resource c1172fed-fa0a-4c1f-9872-c361a9d054b0
2026-01-04 01:12:30 - light_ai.storage.database_managers - INFO - database_managers.py:215 - Stored JSON data in table: json_data.json_c1172fed_fa0a_4c1f_9872_c361a9d054b0
2026-01-04 01:12:30 - light_ai.storage.storage_router - INFO - storage_router.py:166 - Stored JSON data: json_c1172fed_fa0a_4c1f_9872_c361a9d054b0
2026-01-04 01:12:49 - light_ai.sub_layer_1.file_upload - INFO - file_upload.py:341 - Starting upload for tmp1wha7s6w.csv (resource_id: 963375eb-187e-41cd-bdc9-ab48e6382146)
2026-01-04 01:12:49 - light_ai.sub_layer_1.file_upload - INFO - file_upload.py:218 - File validation successful: tmp1wha7s6w.csv (csv, 0.0MB)
2026-01-04 01:12:49 - light_ai.sub_layer_1.file_upload - INFO - file_upload.py:354 - Duplicate check for hash 9644a37f... (would query metadata registry)
2026-01-04 01:12:49 - light_ai.sub_layer_1.file_upload - INFO - file_upload.py:382 - File upload completed: tmp1wha7s6w.csv -> 963375eb-187e-41cd-bdc9-ab48e6382146
2026-01-04 01:12:49 - light_ai.sub_layer_1.data_cleaning - INFO - data_cleaning.py:750 - Starting data cleaning for type: csv
2026-01-04 01:12:49 - light_ai.sub_layer_1.data_cleaning - INFO - data_cleaning.py:108 - Starting structured data cleaning: 15 rows, 7 columns
2026-01-04 01:12:49 - light_ai.sub_layer_1.data_cleaning - INFO - data_cleaning.py:141 - Structured data cleaning completed: 15 rows, 7 columns (0 rows, 0 columns removed)
2026-01-04 01:12:49 - light_ai.storage.storage_utils - INFO - storage_utils.py:225 - Stored file: data/structured/client-0b5b0402/user-2521e58e/963375eb-187e-41cd-bdc9-ab48e6382146/v1_tmp1wha7s6w.csv
2026-01-04 01:12:49 - light_ai.storage.metadata_registry - INFO - metadata_registry.py:98 - Created resource metadata: 963375eb-187e-41cd-bdc9-ab48e6382146
2026-01-04 01:12:49 - light_ai.storage.version_manager - INFO - version_manager.py:185 - Created version 1 for resource 963375eb-187e-41cd-bdc9-ab48e6382146
2026-01-04 01:12:49 - light_ai.storage.database_managers - INFO - database_managers.py:165 - Created virtual table: structured_data.resource_963375eb_187e_41cd_bdc9_ab48e6382146
2026-01-04 01:12:49 - light_ai.storage.storage_router - INFO - storage_router.py:120 - Stored structured data: resource_963375eb_187e_41cd_bdc9_ab48e6382146
2026-01-04 01:13:41 - light_ai.storage.storage_router - INFO - storage_router.py:57 - Initializing storage router...
2026-01-04 01:13:41 - light_ai.storage.database_managers - INFO - database_managers.py:695 - Initializing all database managers...
2026-01-04 01:13:41 - light_ai.storage.database_managers - INFO - database_managers.py:488 - SQLite metadata registry initialized at: metadata/registry.db
2026-01-04 01:13:41 - light_ai.storage.database_managers - INFO - database_managers.py:72 - DuckDB initialized at: data/duckdb/main.db
2026-01-04 01:13:41 - light_ai.storage.database_managers - INFO - database_managers.py:304 - ChromaDB initialized at: data/unstructured/chroma_db
2026-01-04 01:13:41 - light_ai.storage.database_managers - INFO - database_managers.py:703 - All database managers initialized successfully
2026-01-04 01:13:41 - light_ai.storage.database_managers - INFO - database_managers.py:488 - SQLite metadata registry initialized at: metadata/registry.db
2026-01-04 01:13:41 - light_ai.storage.storage_router - INFO - storage_router.py:61 - Storage router initialized successfully
2026-01-04 01:13:41 - light_ai.storage.database_managers - INFO - database_managers.py:488 - SQLite metadata registry initialized at: metadata/registry.db
2026-01-04 01:13:41 - light_ai.sub_layer_2.sql_query_engine - INFO - sql_query_engine.py:81 - SQL Query Engine initialized
2026-01-04 01:13:41 - light_ai.sub_layer_2.sql_query_engine - ERROR - sql_query_engine.py:148 - Failed to execute SQL query: Access denied to table: structured_data.resource_
2026-01-04 01:13:41 - universal_data_handler - ERROR - api.py:128 - Error in query_structured: Query execution failed: Access denied to table: structured_data.resource_
Traceback (most recent call last):
  File "/Users/shashwatroy/Desktop/ns/New-CB/light_ai/./light_ai/sub_layer_2/sql_query_engine.py", line 111, in execute_query
    query_plan = self._create_query_plan(sql, client_id, user_id, access_level)
  File "/Users/shashwatroy/Desktop/ns/New-CB/light_ai/./light_ai/sub_layer_2/sql_query_engine.py", line 318, in _create_query_plan
    raise ValueError(f"Access denied to table: {table_ref}")
ValueError: Access denied to table: structured_data.resource_

During handling of the above exception, another exception occurred:

Traceback (most recent call last):
  File "/Users/shashwatroy/Desktop/ns/New-CB/light_ai/./light_ai/api.py", line 614, in query_structured
    result = self.sql_engine.execute_query(sql_query, client_id, user_id)
  File "/Users/shashwatroy/Desktop/ns/New-CB/light_ai/./light_ai/sub_layer_2/sql_query_engine.py", line 149, in execute_query
    raise RuntimeError(f"Query execution failed: {e}")
RuntimeError: Query execution failed: Access denied to table: structured_data.resource_
2026-01-04 01:13:50 - light_ai.sub_layer_2.sql_query_engine - INFO - sql_query_engine.py:81 - SQL Query Engine initialized
2026-01-04 01:13:50 - light_ai.sub_layer_2.sql_query_engine - ERROR - sql_query_engine.py:148 - Failed to execute SQL query: Access denied to table: structured_data.resource_
2026-01-04 01:13:50 - universal_data_handler - ERROR - api.py:128 - Error in query_structured: Query execution failed: Access denied to table: structured_data.resource_
Traceback (most recent call last):
  File "/Users/shashwatroy/Desktop/ns/New-CB/light_ai/./light_ai/sub_layer_2/sql_query_engine.py", line 111, in execute_query
    query_plan = self._create_query_plan(sql, client_id, user_id, access_level)
  File "/Users/shashwatroy/Desktop/ns/New-CB/light_ai/./light_ai/sub_layer_2/sql_query_engine.py", line 318, in _create_query_plan
    raise ValueError(f"Access denied to table: {table_ref}")
ValueError: Access denied to table: structured_data.resource_

During handling of the above exception, another exception occurred:

Traceback (most recent call last):
  File "/Users/shashwatroy/Desktop/ns/New-CB/light_ai/./light_ai/api.py", line 614, in query_structured
    result = self.sql_engine.execute_query(sql_query, client_id, user_id)
  File "/Users/shashwatroy/Desktop/ns/New-CB/light_ai/./light_ai/sub_layer_2/sql_query_engine.py", line 149, in execute_query
    raise RuntimeError(f"Query execution failed: {e}")
RuntimeError: Query execution failed: Access denied to table: structured_data.resource_
2026-01-04 01:13:53 - light_ai.sub_layer_2.sql_query_engine - INFO - sql_query_engine.py:81 - SQL Query Engine initialized
2026-01-04 01:13:53 - light_ai.sub_layer_2.sql_query_engine - ERROR - sql_query_engine.py:148 - Failed to execute SQL query: Access denied to table: structured_data.resource_
2026-01-04 01:13:53 - universal_data_handler - ERROR - api.py:128 - Error in query_structured: Query execution failed: Access denied to table: structured_data.resource_
Traceback (most recent call last):
  File "/Users/shashwatroy/Desktop/ns/New-CB/light_ai/./light_ai/sub_layer_2/sql_query_engine.py", line 111, in execute_query
    query_plan = self._create_query_plan(sql, client_id, user_id, access_level)
  File "/Users/shashwatroy/Desktop/ns/New-CB/light_ai/./light_ai/sub_layer_2/sql_query_engine.py", line 318, in _create_query_plan
    raise ValueError(f"Access denied to table: {table_ref}")
ValueError: Access denied to table: structured_data.resource_

During handling of the above exception, another exception occurred:

Traceback (most recent call last):
  File "/Users/shashwatroy/Desktop/ns/New-CB/light_ai/./light_ai/api.py", line 614, in query_structured
    result = self.sql_engine.execute_query(sql_query, client_id, user_id)
  File "/Users/shashwatroy/Desktop/ns/New-CB/light_ai/./light_ai/sub_layer_2/sql_query_engine.py", line 149, in execute_query
    raise RuntimeError(f"Query execution failed: {e}")
RuntimeError: Query execution failed: Access denied to table: structured_data.resource_
2026-01-04 01:13:55 - light_ai.sub_layer_2.sql_query_engine - INFO - sql_query_engine.py:81 - SQL Query Engine initialized
2026-01-04 01:13:55 - light_ai.sub_layer_2.sql_query_engine - ERROR - sql_query_engine.py:148 - Failed to execute SQL query: Access denied to table: structured_data.resource_
2026-01-04 01:13:55 - universal_data_handler - ERROR - api.py:128 - Error in query_structured: Query execution failed: Access denied to table: structured_data.resource_
Traceback (most recent call last):
  File "/Users/shashwatroy/Desktop/ns/New-CB/light_ai/./light_ai/sub_layer_2/sql_query_engine.py", line 111, in execute_query
    query_plan = self._create_query_plan(sql, client_id, user_id, access_level)
  File "/Users/shashwatroy/Desktop/ns/New-CB/light_ai/./light_ai/sub_layer_2/sql_query_engine.py", line 318, in _create_query_plan
    raise ValueError(f"Access denied to table: {table_ref}")
ValueError: Access denied to table: structured_data.resource_

During handling of the above exception, another exception occurred:

Traceback (most recent call last):
  File "/Users/shashwatroy/Desktop/ns/New-CB/light_ai/./light_ai/api.py", line 614, in query_structured
    result = self.sql_engine.execute_query(sql_query, client_id, user_id)
  File "/Users/shashwatroy/Desktop/ns/New-CB/light_ai/./light_ai/sub_layer_2/sql_query_engine.py", line 149, in execute_query
    raise RuntimeError(f"Query execution failed: {e}")
RuntimeError: Query execution failed: Access denied to table: structured_data.resource_
2026-01-04 01:14:19 - light_ai.storage.database_managers - INFO - database_managers.py:488 - SQLite metadata registry initialized at: metadata/registry.db
2026-01-04 01:14:19 - light_ai.storage.storage_router - INFO - storage_router.py:57 - Initializing storage router...
2026-01-04 01:14:19 - light_ai.storage.database_managers - INFO - database_managers.py:695 - Initializing all database managers...
2026-01-04 01:14:19 - light_ai.storage.database_managers - INFO - database_managers.py:488 - SQLite metadata registry initialized at: metadata/registry.db
2026-01-04 01:14:19 - light_ai.storage.database_managers - INFO - database_managers.py:72 - DuckDB initialized at: data/duckdb/main.db
2026-01-04 01:14:19 - light_ai.storage.database_managers - INFO - database_managers.py:304 - ChromaDB initialized at: data/unstructured/chroma_db
2026-01-04 01:14:19 - light_ai.storage.database_managers - INFO - database_managers.py:703 - All database managers initialized successfully
2026-01-04 01:14:19 - light_ai.storage.database_managers - INFO - database_managers.py:488 - SQLite metadata registry initialized at: metadata/registry.db
2026-01-04 01:14:19 - light_ai.storage.storage_router - INFO - storage_router.py:61 - Storage router initialized successfully
2026-01-04 01:14:19 - light_ai.storage.storage_router - INFO - storage_router.py:57 - Initializing storage router...
2026-01-04 01:14:19 - light_ai.storage.database_managers - INFO - database_managers.py:695 - Initializing all database managers...
2026-01-04 01:14:19 - light_ai.storage.database_managers - INFO - database_managers.py:488 - SQLite metadata registry initialized at: metadata/registry.db
2026-01-04 01:14:19 - light_ai.storage.database_managers - INFO - database_managers.py:72 - DuckDB initialized at: data/duckdb/main.db
2026-01-04 01:14:19 - light_ai.storage.database_managers - INFO - database_managers.py:304 - ChromaDB initialized at: data/unstructured/chroma_db
2026-01-04 01:14:19 - light_ai.storage.database_managers - INFO - database_managers.py:703 - All database managers initialized successfully
2026-01-04 01:14:19 - light_ai.storage.database_managers - INFO - database_managers.py:488 - SQLite metadata registry initialized at: metadata/registry.db
2026-01-04 01:14:19 - light_ai.storage.storage_router - INFO - storage_router.py:61 - Storage router initialized successfully
2026-01-04 01:14:19 - light_ai.storage.database_managers - INFO - database_managers.py:488 - SQLite metadata registry initialized at: metadata/registry.db
2026-01-04 01:14:19 - light_ai.sub_layer_2.sql_query_engine - INFO - sql_query_engine.py:81 - SQL Query Engine initialized
2026-01-04 01:14:19 - light_ai.sub_layer_2.natural_language_processor - INFO - natural_language_processor.py:145 - Natural Language Processor initialized
2026-01-04 01:14:27 - light_ai.sub_layer_2.natural_language_processor - INFO - natural_language_processor.py:210 - Processed natural language query for user user-2521e58e: structured_data
2026-01-04 01:15:12 - light_ai.sub_layer_2.sql_query_engine - INFO - sql_query_engine.py:81 - SQL Query Engine initialized
2026-01-04 01:15:12 - light_ai.sub_layer_2.natural_language_processor - INFO - natural_language_processor.py:145 - Natural Language Processor initialized
2026-01-04 01:15:12 - light_ai.sub_layer_2.natural_language_processor - INFO - natural_language_processor.py:210 - Processed natural language query for user user-2521e58e: metadata_query
2026-01-04 01:15:23 - light_ai.sub_layer_2.sql_query_engine - INFO - sql_query_engine.py:81 - SQL Query Engine initialized
2026-01-04 01:15:23 - light_ai.sub_layer_2.natural_language_processor - INFO - natural_language_processor.py:145 - Natural Language Processor initialized
2026-01-04 01:15:23 - light_ai.sub_layer_2.natural_language_processor - INFO - natural_language_processor.py:210 - Processed natural language query for user user-2521e58e: metadata_query
2026-01-04 01:15:29 - light_ai.sub_layer_2.sql_query_engine - INFO - sql_query_engine.py:81 - SQL Query Engine initialized
2026-01-04 01:15:29 - light_ai.sub_layer_2.natural_language_processor - INFO - natural_language_processor.py:145 - Natural Language Processor initialized
2026-01-04 01:15:29 - light_ai.sub_layer_2.natural_language_processor - INFO - natural_language_processor.py:210 - Processed natural language query for user user-2521e58e: metadata_query
2026-01-04 01:16:04 - light_ai.sub_layer_2.sql_query_engine - INFO - sql_query_engine.py:81 - SQL Query Engine initialized
2026-01-04 01:16:04 - light_ai.sub_layer_2.natural_language_processor - INFO - natural_language_processor.py:145 - Natural Language Processor initialized
2026-01-04 01:16:11 - light_ai.sub_layer_2.natural_language_processor - INFO - natural_language_processor.py:210 - Processed natural language query for user user-2521e58e: structured_data
2026-01-04 01:16:32 - light_ai.sub_layer_2.semantic_search_engine - INFO - semantic_search_engine.py:515 - Initializing semantic search engine...
2026-01-04 01:16:32 - light_ai.storage.database_managers - INFO - database_managers.py:304 - ChromaDB initialized at: data/unstructured/chroma_db
2026-01-04 01:16:32 - light_ai.storage.database_managers - INFO - database_managers.py:488 - SQLite metadata registry initialized at: metadata/registry.db
2026-01-04 01:16:32 - light_ai.sub_layer_2.semantic_search_engine - INFO - semantic_search_engine.py:519 - Semantic search engine initialized successfully
2026-01-04 01:17:10 - light_ai.storage.database_managers - INFO - database_managers.py:488 - SQLite metadata registry initialized at: metadata/registry.db
2026-01-04 01:17:10 - light_ai.storage.storage_router - INFO - storage_router.py:57 - Initializing storage router...
2026-01-04 01:17:10 - light_ai.storage.database_managers - INFO - database_managers.py:695 - Initializing all database managers...
2026-01-04 01:17:10 - light_ai.storage.database_managers - INFO - database_managers.py:488 - SQLite metadata registry initialized at: metadata/registry.db
2026-01-04 01:17:10 - light_ai.storage.database_managers - INFO - database_managers.py:72 - DuckDB initialized at: data/duckdb/main.db
2026-01-04 01:17:10 - light_ai.storage.database_managers - INFO - database_managers.py:304 - ChromaDB initialized at: data/unstructured/chroma_db
2026-01-04 01:17:10 - light_ai.storage.database_managers - INFO - database_managers.py:703 - All database managers initialized successfully
2026-01-04 01:17:10 - light_ai.storage.database_managers - INFO - database_managers.py:488 - SQLite metadata registry initialized at: metadata/registry.db
2026-01-04 01:17:10 - light_ai.storage.storage_router - INFO - storage_router.py:61 - Storage router initialized successfully
2026-01-04 01:17:10 - light_ai.storage.storage_router - INFO - storage_router.py:57 - Initializing storage router...
2026-01-04 01:17:10 - light_ai.storage.database_managers - INFO - database_managers.py:695 - Initializing all database managers...
2026-01-04 01:17:10 - light_ai.storage.database_managers - INFO - database_managers.py:488 - SQLite metadata registry initialized at: metadata/registry.db
2026-01-04 01:17:10 - light_ai.storage.database_managers - INFO - database_managers.py:72 - DuckDB initialized at: data/duckdb/main.db
2026-01-04 01:17:10 - light_ai.storage.database_managers - INFO - database_managers.py:304 - ChromaDB initialized at: data/unstructured/chroma_db
2026-01-04 01:17:10 - light_ai.storage.database_managers - INFO - database_managers.py:703 - All database managers initialized successfully
2026-01-04 01:17:10 - light_ai.storage.database_managers - INFO - database_managers.py:488 - SQLite metadata registry initialized at: metadata/registry.db
2026-01-04 01:17:10 - light_ai.storage.storage_router - INFO - storage_router.py:61 - Storage router initialized successfully
2026-01-04 01:17:10 - light_ai.storage.database_managers - INFO - database_managers.py:488 - SQLite metadata registry initialized at: metadata/registry.db
2026-01-04 01:17:10 - light_ai.sub_layer_2.sql_query_engine - INFO - sql_query_engine.py:81 - SQL Query Engine initialized
2026-01-04 01:17:10 - light_ai.storage.database_managers - INFO - database_managers.py:488 - SQLite metadata registry initialized at: metadata/registry.db
2026-01-04 01:17:10 - light_ai.storage.storage_router - INFO - storage_router.py:57 - Initializing storage router...
2026-01-04 01:17:10 - light_ai.storage.database_managers - INFO - database_managers.py:695 - Initializing all database managers...
2026-01-04 01:17:10 - light_ai.storage.database_managers - INFO - database_managers.py:488 - SQLite metadata registry initialized at: metadata/registry.db
2026-01-04 01:17:10 - light_ai.storage.database_managers - INFO - database_managers.py:72 - DuckDB initialized at: data/duckdb/main.db
2026-01-04 01:17:10 - light_ai.storage.database_managers - INFO - database_managers.py:304 - ChromaDB initialized at: data/unstructured/chroma_db
2026-01-04 01:17:10 - light_ai.storage.database_managers - INFO - database_managers.py:703 - All database managers initialized successfully
2026-01-04 01:17:10 - light_ai.storage.database_managers - INFO - database_managers.py:488 - SQLite metadata registry initialized at: metadata/registry.db
2026-01-04 01:17:10 - light_ai.storage.storage_router - INFO - storage_router.py:61 - Storage router initialized successfully
2026-01-04 01:17:10 - light_ai.storage.storage_router - INFO - storage_router.py:57 - Initializing storage router...
2026-01-04 01:17:10 - light_ai.storage.database_managers - INFO - database_managers.py:695 - Initializing all database managers...
2026-01-04 01:17:10 - light_ai.storage.database_managers - INFO - database_managers.py:488 - SQLite metadata registry initialized at: metadata/registry.db
2026-01-04 01:17:10 - light_ai.storage.database_managers - INFO - database_managers.py:72 - DuckDB initialized at: data/duckdb/main.db
2026-01-04 01:17:10 - light_ai.storage.database_managers - INFO - database_managers.py:304 - ChromaDB initialized at: data/unstructured/chroma_db
2026-01-04 01:17:10 - light_ai.storage.database_managers - INFO - database_managers.py:703 - All database managers initialized successfully
2026-01-04 01:17:10 - light_ai.storage.database_managers - INFO - database_managers.py:488 - SQLite metadata registry initialized at: metadata/registry.db
2026-01-04 01:17:10 - light_ai.storage.storage_router - INFO - storage_router.py:61 - Storage router initialized successfully
2026-01-04 01:17:10 - light_ai.storage.database_managers - INFO - database_managers.py:488 - SQLite metadata registry initialized at: metadata/registry.db
2026-01-04 01:17:10 - light_ai.sub_layer_2.sql_query_engine - INFO - sql_query_engine.py:81 - SQL Query Engine initialized
2026-01-04 01:17:10 - light_ai.sub_layer_2.natural_language_processor - INFO - natural_language_processor.py:145 - Natural Language Processor initialized
2026-01-04 01:17:10 - light_ai.sub_layer_2.semantic_search_engine - INFO - semantic_search_engine.py:515 - Initializing semantic search engine...
2026-01-04 01:17:10 - light_ai.storage.database_managers - INFO - database_managers.py:304 - ChromaDB initialized at: data/unstructured/chroma_db
2026-01-04 01:17:10 - light_ai.storage.database_managers - INFO - database_managers.py:488 - SQLite metadata registry initialized at: metadata/registry.db
2026-01-04 01:17:10 - light_ai.sub_layer_2.semantic_search_engine - INFO - semantic_search_engine.py:519 - Semantic search engine initialized successfully
2026-01-04 01:17:10 - light_ai.sub_layer_2.ai_data_analyst - INFO - ai_data_analyst.py:211 - AI Data Analyst initialized
2026-01-04 02:01:42 - light_ai.storage.directory_manager - INFO - directory_manager.py:54 - Creating directory structure at: .
2026-01-04 02:01:42 - light_ai.storage.directory_manager - INFO - directory_manager.py:68 - Directory structure created successfully
2026-01-04 02:01:42 - light_ai.storage.database_managers - INFO - database_managers.py:489 - SQLite metadata registry initialized at: metadata/registry.db
2026-01-04 02:01:42 - light_ai.storage.database_managers - INFO - database_managers.py:489 - SQLite metadata registry initialized at: metadata/registry.db
2026-01-04 02:01:42 - light_ai.storage.database_managers - INFO - database_managers.py:489 - SQLite metadata registry initialized at: metadata/registry.db
2026-01-04 02:01:42 - light_ai.storage.database_managers - INFO - database_managers.py:489 - SQLite metadata registry initialized at: metadata/registry.db
2026-01-04 02:01:42 - light_ai.storage.database_managers - INFO - database_managers.py:489 - SQLite metadata registry initialized at: metadata/registry.db
2026-01-04 02:01:42 - light_ai.storage.database_managers - INFO - database_managers.py:489 - SQLite metadata registry initialized at: metadata/registry.db
2026-01-04 02:01:42 - light_ai.storage.database_managers - INFO - database_managers.py:489 - SQLite metadata registry initialized at: metadata/registry.db
2026-01-04 02:01:42 - light_ai.storage.database_managers - INFO - database_managers.py:489 - SQLite metadata registry initialized at: metadata/registry.db
2026-01-04 02:01:42 - light_ai.storage.database_managers - INFO - database_managers.py:489 - SQLite metadata registry initialized at: metadata/registry.db
2026-01-04 02:01:42 - universal_data_handler - INFO - api.py:123 - Universal Data Handler API initialized successfully
2026-01-04 02:02:06 - light_ai.storage.directory_manager - INFO - directory_manager.py:54 - Creating directory structure at: .
2026-01-04 02:02:06 - light_ai.storage.directory_manager - INFO - directory_manager.py:68 - Directory structure created successfully
2026-01-04 02:02:06 - light_ai.storage.database_managers - INFO - database_managers.py:489 - SQLite metadata registry initialized at: metadata/registry.db
2026-01-04 02:02:06 - light_ai.storage.database_managers - INFO - database_managers.py:489 - SQLite metadata registry initialized at: metadata/registry.db
2026-01-04 02:02:06 - light_ai.storage.database_managers - INFO - database_managers.py:489 - SQLite metadata registry initialized at: metadata/registry.db
2026-01-04 02:02:06 - light_ai.storage.database_managers - INFO - database_managers.py:489 - SQLite metadata registry initialized at: metadata/registry.db
2026-01-04 02:02:06 - light_ai.storage.database_managers - INFO - database_managers.py:489 - SQLite metadata registry initialized at: metadata/registry.db
2026-01-04 02:02:06 - light_ai.storage.database_managers - INFO - database_managers.py:489 - SQLite metadata registry initialized at: metadata/registry.db
2026-01-04 02:02:06 - light_ai.storage.database_managers - INFO - database_managers.py:489 - SQLite metadata registry initialized at: metadata/registry.db
2026-01-04 02:02:06 - light_ai.storage.database_managers - INFO - database_managers.py:489 - SQLite metadata registry initialized at: metadata/registry.db
2026-01-04 02:02:06 - light_ai.storage.database_managers - INFO - database_managers.py:489 - SQLite metadata registry initialized at: metadata/registry.db
2026-01-04 02:02:06 - universal_data_handler - INFO - api.py:123 - Universal Data Handler API initialized successfully
2026-01-04 02:02:47 - light_ai.storage.directory_manager - INFO - directory_manager.py:54 - Creating directory structure at: .
2026-01-04 02:02:47 - light_ai.storage.directory_manager - INFO - directory_manager.py:68 - Directory structure created successfully
2026-01-04 02:02:47 - light_ai.storage.database_managers - INFO - database_managers.py:489 - SQLite metadata registry initialized at: metadata/registry.db
2026-01-04 02:02:47 - light_ai.storage.database_managers - INFO - database_managers.py:489 - SQLite metadata registry initialized at: metadata/registry.db
2026-01-04 02:02:47 - light_ai.storage.database_managers - INFO - database_managers.py:489 - SQLite metadata registry initialized at: metadata/registry.db
2026-01-04 02:02:47 - light_ai.storage.database_managers - INFO - database_managers.py:489 - SQLite metadata registry initialized at: metadata/registry.db
2026-01-04 02:02:47 - light_ai.storage.database_managers - INFO - database_managers.py:489 - SQLite metadata registry initialized at: metadata/registry.db
2026-01-04 02:02:47 - light_ai.storage.database_managers - INFO - database_managers.py:489 - SQLite metadata registry initialized at: metadata/registry.db
2026-01-04 02:02:47 - light_ai.storage.database_managers - INFO - database_managers.py:489 - SQLite metadata registry initialized at: metadata/registry.db
2026-01-04 02:02:47 - light_ai.storage.database_managers - INFO - database_managers.py:489 - SQLite metadata registry initialized at: metadata/registry.db
2026-01-04 02:02:47 - light_ai.storage.database_managers - INFO - database_managers.py:489 - SQLite metadata registry initialized at: metadata/registry.db
2026-01-04 02:02:47 - universal_data_handler - INFO - api.py:123 - Universal Data Handler API initialized successfully
2026-01-04 02:03:46 - light_ai.sub_layer_1.file_upload - INFO - file_upload.py:341 - Starting upload for tmpwb5l6_ft.json (resource_id: c4bd4449-1ab0-4964-b0b2-51c59553fd07)
2026-01-04 02:03:46 - light_ai.sub_layer_1.file_upload - INFO - file_upload.py:218 - File validation successful: tmpwb5l6_ft.json (json, 0.0MB)
2026-01-04 02:03:46 - light_ai.sub_layer_1.file_upload - INFO - file_upload.py:354 - Duplicate check for hash 6db49b4e... (would query metadata registry)
2026-01-04 02:03:46 - light_ai.sub_layer_1.file_upload - INFO - file_upload.py:382 - File upload completed: tmpwb5l6_ft.json -> c4bd4449-1ab0-4964-b0b2-51c59553fd07
2026-01-04 02:03:46 - light_ai.sub_layer_1.data_cleaning - INFO - data_cleaning.py:750 - Starting data cleaning for type: json
2026-01-04 02:03:46 - light_ai.sub_layer_1.data_cleaning - INFO - data_cleaning.py:383 - Starting JSON data cleaning: dict
2026-01-04 02:03:46 - light_ai.sub_layer_1.data_cleaning - INFO - data_cleaning.py:397 - JSON data cleaning completed: 0 operations
2026-01-04 02:03:46 - light_ai.storage.storage_router - INFO - storage_router.py:57 - Initializing storage router...
2026-01-04 02:03:46 - light_ai.storage.database_managers - INFO - database_managers.py:696 - Initializing all database managers...
2026-01-04 02:03:46 - light_ai.storage.database_managers - INFO - database_managers.py:489 - SQLite metadata registry initialized at: metadata/registry.db
2026-01-04 02:03:47 - light_ai.storage.database_managers - INFO - database_managers.py:73 - DuckDB initialized at: data/duckdb/main.db
2026-01-04 02:03:47 - light_ai.storage.database_managers - INFO - database_managers.py:305 - ChromaDB initialized at: data/unstructured/chroma_db
2026-01-04 02:03:47 - light_ai.storage.database_managers - INFO - database_managers.py:704 - All database managers initialized successfully
2026-01-04 02:03:47 - light_ai.storage.database_managers - INFO - database_managers.py:489 - SQLite metadata registry initialized at: metadata/registry.db
2026-01-04 02:03:47 - light_ai.storage.storage_router - INFO - storage_router.py:61 - Storage router initialized successfully
2026-01-04 02:03:47 - light_ai.storage.metadata_registry - INFO - metadata_registry.py:98 - Created resource metadata: c4bd4449-1ab0-4964-b0b2-51c59553fd07
2026-01-04 02:03:47 - light_ai.storage.version_manager - INFO - version_manager.py:185 - Created version 1 for resource c4bd4449-1ab0-4964-b0b2-51c59553fd07
2026-01-04 02:03:47 - light_ai.storage.database_managers - INFO - database_managers.py:216 - Stored JSON data in table: json_data.json_c4bd4449_1ab0_4964_b0b2_51c59553fd07
2026-01-04 02:03:47 - light_ai.storage.storage_router - INFO - storage_router.py:166 - Stored JSON data: json_c4bd4449_1ab0_4964_b0b2_51c59553fd07
2026-01-04 02:03:58 - light_ai.sub_layer_1.file_upload - INFO - file_upload.py:341 - Starting upload for tmps7qi8npb.xlsx (resource_id: b1ad5772-f7cb-4118-a1f3-d038e28c9e7c)
2026-01-04 02:03:58 - light_ai.sub_layer_1.file_upload - WARNING - file_upload.py:144 - MIME type mismatch for /var/folders/q7/s5rjdx2d2ydclz5f2d6lylxc0000gn/T/tmps7qi8npb.xlsx: got text/csv, expected one of ['application/vnd.openxmlformats-officedocument.spreadsheetml.sheet', 'application/vnd.ms-excel']
2026-01-04 02:03:58 - light_ai.sub_layer_1.file_upload - INFO - file_upload.py:218 - File validation successful: tmps7qi8npb.xlsx (excel, 0.0MB)
2026-01-04 02:03:58 - light_ai.sub_layer_1.file_upload - INFO - file_upload.py:354 - Duplicate check for hash b23aafbe... (would query metadata registry)
2026-01-04 02:03:58 - light_ai.sub_layer_1.file_upload - INFO - file_upload.py:382 - File upload completed: tmps7qi8npb.xlsx -> b1ad5772-f7cb-4118-a1f3-d038e28c9e7c
2026-01-04 02:03:58 - universal_data_handler - ERROR - api.py:128 - Error in upload_file: Excel file format cannot be determined, you must specify an engine manually.
Traceback (most recent call last):
  File "/Users/shashwatroy/Desktop/ns/New-CB/light_ai/light_ai/api.py", line 181, in upload_file
    df = pd.read_excel(file_path)
  File "/Users/shashwatroy/Desktop/ns/New-CB/light_ai/.venv/lib/python3.10/site-packages/pandas/io/excel/_base.py", line 495, in read_excel
    io = ExcelFile(
  File "/Users/shashwatroy/Desktop/ns/New-CB/light_ai/.venv/lib/python3.10/site-packages/pandas/io/excel/_base.py", line 1554, in __init__
    raise ValueError(
ValueError: Excel file format cannot be determined, you must specify an engine manually.
2026-01-04 02:04:27 - light_ai.sub_layer_1.file_upload - INFO - file_upload.py:341 - Starting upload for tmpnwtoa_3n.csv (resource_id: 3f070540-0810-4a35-98c9-3a8826224e91)
2026-01-04 02:04:27 - light_ai.sub_layer_1.file_upload - INFO - file_upload.py:218 - File validation successful: tmpnwtoa_3n.csv (csv, 0.0MB)
2026-01-04 02:04:27 - light_ai.sub_layer_1.file_upload - INFO - file_upload.py:354 - Duplicate check for hash b23aafbe... (would query metadata registry)
2026-01-04 02:04:27 - light_ai.sub_layer_1.file_upload - INFO - file_upload.py:382 - File upload completed: tmpnwtoa_3n.csv -> 3f070540-0810-4a35-98c9-3a8826224e91
2026-01-04 02:04:27 - light_ai.sub_layer_1.data_cleaning - INFO - data_cleaning.py:750 - Starting data cleaning for type: csv
2026-01-04 02:04:27 - light_ai.sub_layer_1.data_cleaning - INFO - data_cleaning.py:108 - Starting structured data cleaning: 10 rows, 8 columns
2026-01-04 02:04:27 - light_ai.sub_layer_1.data_cleaning - INFO - data_cleaning.py:141 - Structured data cleaning completed: 10 rows, 8 columns (0 rows, 0 columns removed)
2026-01-04 02:04:27 - light_ai.storage.storage_utils - INFO - storage_utils.py:225 - Stored file: data/structured/f29ebf06-2dce-4208-870a-e74732f4eb86/9bebfd8a-6115-42fb-9138-75c99f548852/3f070540-0810-4a35-98c9-3a8826224e91/v1_tmpnwtoa_3n.csv
2026-01-04 02:04:27 - light_ai.storage.metadata_registry - INFO - metadata_registry.py:98 - Created resource metadata: 3f070540-0810-4a35-98c9-3a8826224e91
2026-01-04 02:04:27 - light_ai.storage.version_manager - INFO - version_manager.py:185 - Created version 1 for resource 3f070540-0810-4a35-98c9-3a8826224e91
2026-01-04 02:04:27 - light_ai.storage.database_managers - INFO - database_managers.py:166 - Created virtual table: structured_data.resource_3f070540_0810_4a35_98c9_3a8826224e91
2026-01-04 02:04:27 - light_ai.storage.storage_router - INFO - storage_router.py:120 - Stored structured data: resource_3f070540_0810_4a35_98c9_3a8826224e91
2026-01-04 02:04:36 - light_ai.sub_layer_1.file_upload - INFO - file_upload.py:341 - Starting upload for tmp3551e6cd.txt (resource_id: ceb69e42-8df8-485f-b2df-eb56ccf1a2cf)
2026-01-04 02:04:36 - light_ai.sub_layer_1.file_upload - INFO - file_upload.py:218 - File validation successful: tmp3551e6cd.txt (txt, 0.0MB)
2026-01-04 02:04:36 - light_ai.sub_layer_1.file_upload - INFO - file_upload.py:354 - Duplicate check for hash bf76d5a1... (would query metadata registry)
2026-01-04 02:04:36 - light_ai.sub_layer_1.file_upload - INFO - file_upload.py:382 - File upload completed: tmp3551e6cd.txt -> ceb69e42-8df8-485f-b2df-eb56ccf1a2cf
2026-01-04 02:04:36 - light_ai.sub_layer_1.data_cleaning - INFO - data_cleaning.py:750 - Starting data cleaning for type: txt
2026-01-04 02:04:36 - light_ai.sub_layer_1.data_cleaning - INFO - data_cleaning.py:528 - Starting unstructured data cleaning: txt, 1785 characters
2026-01-04 02:04:36 - light_ai.sub_layer_1.data_cleaning - INFO - data_cleaning.py:541 - Unstructured data cleaning completed: 1740 characters, 1 chunks created
2026-01-04 02:04:36 - universal_data_handler - INFO - api.py:231 - Would store unstructured data for ceb69e42-8df8-485f-b2df-eb56ccf1a2cf
2026-01-04 02:04:46 - light_ai.storage.database_managers - INFO - database_managers.py:489 - SQLite metadata registry initialized at: metadata/registry.db
2026-01-04 02:05:00 - light_ai.storage.storage_router - INFO - storage_router.py:57 - Initializing storage router...
2026-01-04 02:05:00 - light_ai.storage.database_managers - INFO - database_managers.py:696 - Initializing all database managers...
2026-01-04 02:05:00 - light_ai.storage.database_managers - INFO - database_managers.py:489 - SQLite metadata registry initialized at: metadata/registry.db
2026-01-04 02:05:00 - light_ai.storage.database_managers - INFO - database_managers.py:73 - DuckDB initialized at: data/duckdb/main.db
2026-01-04 02:05:00 - light_ai.storage.database_managers - INFO - database_managers.py:305 - ChromaDB initialized at: data/unstructured/chroma_db
2026-01-04 02:05:00 - light_ai.storage.database_managers - INFO - database_managers.py:704 - All database managers initialized successfully
2026-01-04 02:05:00 - light_ai.storage.database_managers - INFO - database_managers.py:489 - SQLite metadata registry initialized at: metadata/registry.db
2026-01-04 02:05:00 - light_ai.storage.storage_router - INFO - storage_router.py:61 - Storage router initialized successfully
2026-01-04 02:05:00 - light_ai.storage.database_managers - INFO - database_managers.py:489 - SQLite metadata registry initialized at: metadata/registry.db
2026-01-04 02:05:00 - light_ai.sub_layer_2.sql_query_engine - INFO - sql_query_engine.py:81 - SQL Query Engine initialized
2026-01-04 02:05:00 - light_ai.storage.database_managers - ERROR - database_managers.py:123 - DuckDB operation failed: Parser Error: syntax error at or near "WHERE"

LINE 1: ..._0810_4a35_98c9_3a8826224e91_enhanced GROUP BY department  WHERE client_id = 'f29ebf06-2dce-4208-870a-e74732f4eb86...
                                                                      ^
2026-01-04 02:05:00 - light_ai.sub_layer_2.sql_query_engine - ERROR - sql_query_engine.py:148 - Failed to execute SQL query: Parser Error: syntax error at or near "WHERE"

LINE 1: ..._0810_4a35_98c9_3a8826224e91_enhanced GROUP BY department  WHERE client_id = 'f29ebf06-2dce-4208-870a-e74732f4eb86...
                                                                      ^
2026-01-04 02:05:00 - universal_data_handler - ERROR - api.py:128 - Error in query_structured: Query execution failed: Parser Error: syntax error at or near "WHERE"

LINE 1: ..._0810_4a35_98c9_3a8826224e91_enhanced GROUP BY department  WHERE client_id = 'f29ebf06-2dce-4208-870a-e74732f4eb86...
                                                                      ^
Traceback (most recent call last):
  File "/Users/shashwatroy/Desktop/ns/New-CB/light_ai/light_ai/sub_layer_2/sql_query_engine.py", line 136, in execute_query
    result = self._execute_normal_query(
  File "/Users/shashwatroy/Desktop/ns/New-CB/light_ai/light_ai/sub_layer_2/sql_query_engine.py", line 515, in _execute_normal_query
    cursor = conn.execute(sql)
_duckdb.ParserException: Parser Error: syntax error at or near "WHERE"

LINE 1: ..._0810_4a35_98c9_3a8826224e91_enhanced GROUP BY department  WHERE client_id = 'f29ebf06-2dce-4208-870a-e74732f4eb86...
                                                                      ^

During handling of the above exception, another exception occurred:

Traceback (most recent call last):
  File "/Users/shashwatroy/Desktop/ns/New-CB/light_ai/light_ai/api.py", line 614, in query_structured
    result = self.sql_engine.execute_query(sql_query, client_id, user_id)
  File "/Users/shashwatroy/Desktop/ns/New-CB/light_ai/light_ai/sub_layer_2/sql_query_engine.py", line 149, in execute_query
    raise RuntimeError(f"Query execution failed: {e}")
RuntimeError: Query execution failed: Parser Error: syntax error at or near "WHERE"

LINE 1: ..._0810_4a35_98c9_3a8826224e91_enhanced GROUP BY department  WHERE client_id = 'f29ebf06-2dce-4208-870a-e74732f4eb86...
                                                                      ^
2026-01-04 02:06:19 - light_ai.sub_layer_2.sql_query_engine - INFO - sql_query_engine.py:81 - SQL Query Engine initialized
2026-01-04 02:06:19 - light_ai.storage.database_managers - ERROR - database_managers.py:123 - DuckDB operation failed: Parser Error: syntax error at or near "WHERE"

LINE 1: ..._0810_4a35_98c9_3a8826224e91_enhanced GROUP BY department  WHERE client_id = 'f29ebf06-2dce-4208-870a-e74732f4eb86...
                                                                      ^
2026-01-04 02:06:19 - light_ai.sub_layer_2.sql_query_engine - ERROR - sql_query_engine.py:148 - Failed to execute SQL query: Parser Error: syntax error at or near "WHERE"

LINE 1: ..._0810_4a35_98c9_3a8826224e91_enhanced GROUP BY department  WHERE client_id = 'f29ebf06-2dce-4208-870a-e74732f4eb86...
                                                                      ^
2026-01-04 02:06:19 - universal_data_handler - ERROR - api.py:128 - Error in query_structured: Query execution failed: Parser Error: syntax error at or near "WHERE"

LINE 1: ..._0810_4a35_98c9_3a8826224e91_enhanced GROUP BY department  WHERE client_id = 'f29ebf06-2dce-4208-870a-e74732f4eb86...
                                                                      ^
Traceback (most recent call last):
  File "/Users/shashwatroy/Desktop/ns/New-CB/light_ai/light_ai/sub_layer_2/sql_query_engine.py", line 136, in execute_query
    result = self._execute_normal_query(
  File "/Users/shashwatroy/Desktop/ns/New-CB/light_ai/light_ai/sub_layer_2/sql_query_engine.py", line 515, in _execute_normal_query
    cursor = conn.execute(sql)
_duckdb.ParserException: Parser Error: syntax error at or near "WHERE"

LINE 1: ..._0810_4a35_98c9_3a8826224e91_enhanced GROUP BY department  WHERE client_id = 'f29ebf06-2dce-4208-870a-e74732f4eb86...
                                                                      ^

During handling of the above exception, another exception occurred:

Traceback (most recent call last):
  File "/Users/shashwatroy/Desktop/ns/New-CB/light_ai/light_ai/api.py", line 614, in query_structured
    result = self.sql_engine.execute_query(sql_query, client_id, user_id)
  File "/Users/shashwatroy/Desktop/ns/New-CB/light_ai/light_ai/sub_layer_2/sql_query_engine.py", line 149, in execute_query
    raise RuntimeError(f"Query execution failed: {e}")
RuntimeError: Query execution failed: Parser Error: syntax error at or near "WHERE"

LINE 1: ..._0810_4a35_98c9_3a8826224e91_enhanced GROUP BY department  WHERE client_id = 'f29ebf06-2dce-4208-870a-e74732f4eb86...
                                                                      ^
2026-01-04 02:08:25 - light_ai.sub_layer_2.sql_query_engine - INFO - sql_query_engine.py:81 - SQL Query Engine initialized
2026-01-04 02:08:25 - light_ai.storage.database_managers - ERROR - database_managers.py:123 - DuckDB operation failed: Parser Error: syntax error at or near "WHERE"

LINE 1: ..._0810_4a35_98c9_3a8826224e91_enhanced GROUP BY department  WHERE client_id = 'f29ebf06-2dce-4208-870a-e74732f4eb86...
                                                                      ^
2026-01-04 02:08:25 - light_ai.sub_layer_2.sql_query_engine - ERROR - sql_query_engine.py:148 - Failed to execute SQL query: Parser Error: syntax error at or near "WHERE"

LINE 1: ..._0810_4a35_98c9_3a8826224e91_enhanced GROUP BY department  WHERE client_id = 'f29ebf06-2dce-4208-870a-e74732f4eb86...
                                                                      ^
2026-01-04 02:08:25 - universal_data_handler - ERROR - api.py:128 - Error in query_structured: Query execution failed: Parser Error: syntax error at or near "WHERE"

LINE 1: ..._0810_4a35_98c9_3a8826224e91_enhanced GROUP BY department  WHERE client_id = 'f29ebf06-2dce-4208-870a-e74732f4eb86...
                                                                      ^
Traceback (most recent call last):
  File "/Users/shashwatroy/Desktop/ns/New-CB/light_ai/light_ai/sub_layer_2/sql_query_engine.py", line 136, in execute_query
    result = self._execute_normal_query(
  File "/Users/shashwatroy/Desktop/ns/New-CB/light_ai/light_ai/sub_layer_2/sql_query_engine.py", line 515, in _execute_normal_query
    enhanced_sql += f" WHERE {access_condition}"
_duckdb.ParserException: Parser Error: syntax error at or near "WHERE"

LINE 1: ..._0810_4a35_98c9_3a8826224e91_enhanced GROUP BY department  WHERE client_id = 'f29ebf06-2dce-4208-870a-e74732f4eb86...
                                                                      ^

During handling of the above exception, another exception occurred:

Traceback (most recent call last):
  File "/Users/shashwatroy/Desktop/ns/New-CB/light_ai/light_ai/api.py", line 614, in query_structured
    result = self.sql_engine.execute_query(sql_query, client_id, user_id)
  File "/Users/shashwatroy/Desktop/ns/New-CB/light_ai/light_ai/sub_layer_2/sql_query_engine.py", line 149, in execute_query
    raise RuntimeError(f"Query execution failed: {e}")
RuntimeError: Query execution failed: Parser Error: syntax error at or near "WHERE"

LINE 1: ..._0810_4a35_98c9_3a8826224e91_enhanced GROUP BY department  WHERE client_id = 'f29ebf06-2dce-4208-870a-e74732f4eb86...
                                                                      ^
2026-01-04 02:09:36 - light_ai.storage.directory_manager - INFO - directory_manager.py:54 - Creating directory structure at: .
2026-01-04 02:09:36 - light_ai.storage.directory_manager - INFO - directory_manager.py:68 - Directory structure created successfully
2026-01-04 02:09:36 - light_ai.storage.database_managers - INFO - database_managers.py:489 - SQLite metadata registry initialized at: metadata/registry.db
2026-01-04 02:09:36 - light_ai.storage.database_managers - INFO - database_managers.py:489 - SQLite metadata registry initialized at: metadata/registry.db
2026-01-04 02:09:36 - light_ai.storage.database_managers - INFO - database_managers.py:489 - SQLite metadata registry initialized at: metadata/registry.db
2026-01-04 02:09:36 - light_ai.storage.database_managers - INFO - database_managers.py:489 - SQLite metadata registry initialized at: metadata/registry.db
2026-01-04 02:09:36 - light_ai.storage.database_managers - INFO - database_managers.py:489 - SQLite metadata registry initialized at: metadata/registry.db
2026-01-04 02:09:36 - light_ai.storage.database_managers - INFO - database_managers.py:489 - SQLite metadata registry initialized at: metadata/registry.db
2026-01-04 02:09:36 - light_ai.storage.database_managers - INFO - database_managers.py:489 - SQLite metadata registry initialized at: metadata/registry.db
2026-01-04 02:09:36 - light_ai.storage.database_managers - INFO - database_managers.py:489 - SQLite metadata registry initialized at: metadata/registry.db
2026-01-04 02:09:36 - light_ai.storage.database_managers - INFO - database_managers.py:489 - SQLite metadata registry initialized at: metadata/registry.db
2026-01-04 02:09:36 - universal_data_handler - INFO - api.py:123 - Universal Data Handler API initialized successfully
2026-01-04 02:10:43 - light_ai.storage.storage_router - INFO - storage_router.py:57 - Initializing storage router...
2026-01-04 02:10:43 - light_ai.storage.database_managers - INFO - database_managers.py:696 - Initializing all database managers...
2026-01-04 02:10:43 - light_ai.storage.database_managers - INFO - database_managers.py:489 - SQLite metadata registry initialized at: metadata/registry.db
2026-01-04 02:10:43 - light_ai.storage.database_managers - INFO - database_managers.py:73 - DuckDB initialized at: data/duckdb/main.db
2026-01-04 02:10:43 - light_ai.storage.database_managers - INFO - database_managers.py:305 - ChromaDB initialized at: data/unstructured/chroma_db
2026-01-04 02:10:43 - light_ai.storage.database_managers - INFO - database_managers.py:704 - All database managers initialized successfully
2026-01-04 02:10:43 - light_ai.storage.database_managers - INFO - database_managers.py:489 - SQLite metadata registry initialized at: metadata/registry.db
2026-01-04 02:10:43 - light_ai.storage.storage_router - INFO - storage_router.py:61 - Storage router initialized successfully
2026-01-04 02:10:43 - light_ai.storage.database_managers - INFO - database_managers.py:489 - SQLite metadata registry initialized at: metadata/registry.db
2026-01-04 02:10:43 - light_ai.sub_layer_2.sql_query_engine - INFO - sql_query_engine.py:81 - SQL Query Engine initialized
2026-01-04 02:10:43 - light_ai.storage.database_managers - ERROR - database_managers.py:123 - DuckDB operation failed: Parser Error: syntax error at or near "WHERE"

LINE 1: ...urce_3f070540_0810_4a35_98c9_3a8826224e91_enhanced LIMIT 5 WHERE client_id = 'f29ebf06-2dce-4208-870a-e74732f4eb86...
                                                                      ^
2026-01-04 02:10:43 - light_ai.sub_layer_2.sql_query_engine - WARNING - sql_query_engine.py:131 - Original query failed: Parser Error: syntax error at or near "WHERE"

LINE 1: ...urce_3f070540_0810_4a35_98c9_3a8826224e91_enhanced LIMIT 5 WHERE client_id = 'f29ebf06-2dce-4208-870a-e74732f4eb86...
                                                                      ^
2026-01-04 02:10:43 - light_ai.sub_layer_2.sql_query_engine - INFO - sql_query_engine.py:144 - Using fallback query: 
        SELECT employee_id, name, department, manager_id
        FROM structured_data.resource_3f070540_0810_4a35_98c9_3a8826224e91
        ORDER BY employee_id
        LIMIT 50
        
2026-01-04 02:10:43 - light_ai.storage.database_managers - ERROR - database_managers.py:123 - DuckDB operation failed: 'NoneType' object has no attribute 'execution_strategy'
2026-01-04 02:10:43 - light_ai.sub_layer_2.sql_query_engine - WARNING - sql_query_engine.py:147 - Fallback query failed for structured_data.resource_3f070540_0810_4a35_98c9_3a8826224e91: 'NoneType' object has no attribute 'execution_strategy'
2026-01-04 02:10:43 - light_ai.sub_layer_2.sql_query_engine - ERROR - sql_query_engine.py:117 - Failed to execute SQL query: Parser Error: syntax error at or near "WHERE"

LINE 1: ...urce_3f070540_0810_4a35_98c9_3a8826224e91_enhanced LIMIT 5 WHERE client_id = 'f29ebf06-2dce-4208-870a-e74732f4eb86...
                                                                      ^
2026-01-04 02:10:43 - universal_data_handler - ERROR - api.py:128 - Error in query_structured: Query execution failed: Parser Error: syntax error at or near "WHERE"

LINE 1: ...urce_3f070540_0810_4a35_98c9_3a8826224e91_enhanced LIMIT 5 WHERE client_id = 'f29ebf06-2dce-4208-870a-e74732f4eb86...
                                                                      ^
Traceback (most recent call last):
  File "/Users/shashwatroy/Desktop/ns/New-CB/light_ai/light_ai/sub_layer_2/sql_query_engine.py", line 111, in execute_query
    result = self._execute_with_fallback(sql, client_id, user_id, parameters, access_level, start_time)
  File "/Users/shashwatroy/Desktop/ns/New-CB/light_ai/light_ai/sub_layer_2/sql_query_engine.py", line 151, in _execute_with_fallback
    raise original_error
  File "/Users/shashwatroy/Desktop/ns/New-CB/light_ai/light_ai/sub_layer_2/sql_query_engine.py", line 128, in _execute_with_fallback
    return self._execute_normal_query(filtered_sql, parameters, None, start_time)
  File "/Users/shashwatroy/Desktop/ns/New-CB/light_ai/light_ai/sub_layer_2/sql_query_engine.py", line 670, in _execute_normal_query
    cursor = conn.execute(sql)
_duckdb.ParserException: Parser Error: syntax error at or near "WHERE"

LINE 1: ...urce_3f070540_0810_4a35_98c9_3a8826224e91_enhanced LIMIT 5 WHERE client_id = 'f29ebf06-2dce-4208-870a-e74732f4eb86...
                                                                      ^

During handling of the above exception, another exception occurred:

Traceback (most recent call last):
  File "/Users/shashwatroy/Desktop/ns/New-CB/light_ai/light_ai/api.py", line 614, in query_structured
    result = self.sql_engine.execute_query(sql_query, client_id, user_id)
  File "/Users/shashwatroy/Desktop/ns/New-CB/light_ai/light_ai/sub_layer_2/sql_query_engine.py", line 118, in execute_query
    raise RuntimeError(f"Query execution failed: {e}")
RuntimeError: Query execution failed: Parser Error: syntax error at or near "WHERE"

LINE 1: ...urce_3f070540_0810_4a35_98c9_3a8826224e91_enhanced LIMIT 5 WHERE client_id = 'f29ebf06-2dce-4208-870a-e74732f4eb86...
                                                                      ^
2026-01-04 02:15:45 - light_ai.storage.directory_manager - INFO - directory_manager.py:54 - Creating directory structure at: .
2026-01-04 02:15:45 - light_ai.storage.directory_manager - INFO - directory_manager.py:68 - Directory structure created successfully
2026-01-04 02:15:45 - light_ai.storage.database_managers - INFO - database_managers.py:489 - SQLite metadata registry initialized at: metadata/registry.db
2026-01-04 02:15:45 - light_ai.storage.database_managers - INFO - database_managers.py:489 - SQLite metadata registry initialized at: metadata/registry.db
2026-01-04 02:15:45 - light_ai.storage.database_managers - INFO - database_managers.py:489 - SQLite metadata registry initialized at: metadata/registry.db
2026-01-04 02:15:45 - light_ai.storage.database_managers - INFO - database_managers.py:489 - SQLite metadata registry initialized at: metadata/registry.db
2026-01-04 02:15:45 - light_ai.storage.database_managers - INFO - database_managers.py:489 - SQLite metadata registry initialized at: metadata/registry.db
2026-01-04 02:15:45 - light_ai.storage.database_managers - INFO - database_managers.py:489 - SQLite metadata registry initialized at: metadata/registry.db
2026-01-04 02:15:45 - light_ai.storage.database_managers - INFO - database_managers.py:489 - SQLite metadata registry initialized at: metadata/registry.db
2026-01-04 02:15:45 - light_ai.storage.database_managers - INFO - database_managers.py:489 - SQLite metadata registry initialized at: metadata/registry.db
2026-01-04 02:15:45 - light_ai.storage.database_managers - INFO - database_managers.py:489 - SQLite metadata registry initialized at: metadata/registry.db
2026-01-04 02:15:45 - universal_data_handler - INFO - api.py:123 - Universal Data Handler API initialized successfully
2026-01-04 02:16:00 - light_ai.storage.directory_manager - INFO - directory_manager.py:54 - Creating directory structure at: .
2026-01-04 02:16:00 - light_ai.storage.directory_manager - INFO - directory_manager.py:68 - Directory structure created successfully
2026-01-04 02:16:00 - light_ai.storage.database_managers - INFO - database_managers.py:489 - SQLite metadata registry initialized at: metadata/registry.db
2026-01-04 02:16:00 - light_ai.storage.database_managers - INFO - database_managers.py:489 - SQLite metadata registry initialized at: metadata/registry.db
2026-01-04 02:16:00 - light_ai.storage.database_managers - INFO - database_managers.py:489 - SQLite metadata registry initialized at: metadata/registry.db
2026-01-04 02:16:00 - light_ai.storage.database_managers - INFO - database_managers.py:489 - SQLite metadata registry initialized at: metadata/registry.db
2026-01-04 02:16:00 - light_ai.storage.database_managers - INFO - database_managers.py:489 - SQLite metadata registry initialized at: metadata/registry.db
2026-01-04 02:16:00 - light_ai.storage.database_managers - INFO - database_managers.py:489 - SQLite metadata registry initialized at: metadata/registry.db
2026-01-04 02:16:00 - light_ai.storage.database_managers - INFO - database_managers.py:489 - SQLite metadata registry initialized at: metadata/registry.db
2026-01-04 02:16:00 - light_ai.storage.database_managers - INFO - database_managers.py:489 - SQLite metadata registry initialized at: metadata/registry.db
2026-01-04 02:16:00 - light_ai.storage.database_managers - INFO - database_managers.py:489 - SQLite metadata registry initialized at: metadata/registry.db
2026-01-04 02:16:00 - universal_data_handler - INFO - api.py:123 - Universal Data Handler API initialized successfully
2026-01-04 02:16:13 - light_ai.storage.directory_manager - INFO - directory_manager.py:54 - Creating directory structure at: .
2026-01-04 02:16:13 - light_ai.storage.directory_manager - INFO - directory_manager.py:68 - Directory structure created successfully
2026-01-04 02:16:13 - light_ai.storage.database_managers - INFO - database_managers.py:489 - SQLite metadata registry initialized at: metadata/registry.db
2026-01-04 02:16:13 - light_ai.storage.database_managers - INFO - database_managers.py:489 - SQLite metadata registry initialized at: metadata/registry.db
2026-01-04 02:16:13 - light_ai.storage.database_managers - INFO - database_managers.py:489 - SQLite metadata registry initialized at: metadata/registry.db
2026-01-04 02:16:13 - light_ai.storage.database_managers - INFO - database_managers.py:489 - SQLite metadata registry initialized at: metadata/registry.db
2026-01-04 02:16:13 - light_ai.storage.database_managers - INFO - database_managers.py:489 - SQLite metadata registry initialized at: metadata/registry.db
2026-01-04 02:16:13 - light_ai.storage.database_managers - INFO - database_managers.py:489 - SQLite metadata registry initialized at: metadata/registry.db
2026-01-04 02:16:13 - light_ai.storage.database_managers - INFO - database_managers.py:489 - SQLite metadata registry initialized at: metadata/registry.db
2026-01-04 02:16:13 - light_ai.storage.database_managers - INFO - database_managers.py:489 - SQLite metadata registry initialized at: metadata/registry.db
2026-01-04 02:16:13 - light_ai.storage.database_managers - INFO - database_managers.py:489 - SQLite metadata registry initialized at: metadata/registry.db
2026-01-04 02:16:13 - universal_data_handler - INFO - api.py:123 - Universal Data Handler API initialized successfully
2026-01-04 02:17:14 - light_ai.storage.directory_manager - INFO - directory_manager.py:54 - Creating directory structure at: .
2026-01-04 02:17:14 - light_ai.storage.directory_manager - INFO - directory_manager.py:68 - Directory structure created successfully
2026-01-04 02:17:14 - light_ai.storage.database_managers - INFO - database_managers.py:489 - SQLite metadata registry initialized at: metadata/registry.db
2026-01-04 02:17:14 - light_ai.storage.database_managers - INFO - database_managers.py:489 - SQLite metadata registry initialized at: metadata/registry.db
2026-01-04 02:17:14 - light_ai.storage.database_managers - INFO - database_managers.py:489 - SQLite metadata registry initialized at: metadata/registry.db
2026-01-04 02:17:14 - light_ai.storage.database_managers - INFO - database_managers.py:489 - SQLite metadata registry initialized at: metadata/registry.db
2026-01-04 02:17:14 - light_ai.storage.database_managers - INFO - database_managers.py:489 - SQLite metadata registry initialized at: metadata/registry.db
2026-01-04 02:17:14 - light_ai.storage.database_managers - INFO - database_managers.py:489 - SQLite metadata registry initialized at: metadata/registry.db
2026-01-04 02:17:14 - light_ai.storage.database_managers - INFO - database_managers.py:489 - SQLite metadata registry initialized at: metadata/registry.db
2026-01-04 02:17:14 - light_ai.storage.database_managers - INFO - database_managers.py:489 - SQLite metadata registry initialized at: metadata/registry.db
2026-01-04 02:17:14 - light_ai.storage.database_managers - INFO - database_managers.py:489 - SQLite metadata registry initialized at: metadata/registry.db
2026-01-04 02:17:14 - universal_data_handler - INFO - api.py:123 - Universal Data Handler API initialized successfully
2026-01-04 02:18:18 - light_ai.sub_layer_1.file_upload - INFO - file_upload.py:341 - Starting upload for tmpaef1tsdm.csv (resource_id: 9434a8d2-3760-432b-9e1e-ad23270e75d3)
2026-01-04 02:18:18 - light_ai.sub_layer_1.file_upload - INFO - file_upload.py:218 - File validation successful: tmpaef1tsdm.csv (csv, 0.0MB)
2026-01-04 02:18:18 - light_ai.sub_layer_1.file_upload - INFO - file_upload.py:354 - Duplicate check for hash b23aafbe... (would query metadata registry)
2026-01-04 02:18:18 - light_ai.sub_layer_1.file_upload - INFO - file_upload.py:382 - File upload completed: tmpaef1tsdm.csv -> 9434a8d2-3760-432b-9e1e-ad23270e75d3
2026-01-04 02:18:18 - light_ai.sub_layer_1.data_cleaning - INFO - data_cleaning.py:750 - Starting data cleaning for type: csv
2026-01-04 02:18:18 - light_ai.sub_layer_1.data_cleaning - INFO - data_cleaning.py:108 - Starting structured data cleaning: 10 rows, 8 columns
2026-01-04 02:18:18 - light_ai.sub_layer_1.data_cleaning - INFO - data_cleaning.py:141 - Structured data cleaning completed: 10 rows, 8 columns (0 rows, 0 columns removed)
2026-01-04 02:18:18 - light_ai.storage.storage_router - INFO - storage_router.py:57 - Initializing storage router...
2026-01-04 02:18:18 - light_ai.storage.database_managers - INFO - database_managers.py:696 - Initializing all database managers...
2026-01-04 02:18:18 - light_ai.storage.database_managers - INFO - database_managers.py:489 - SQLite metadata registry initialized at: metadata/registry.db
2026-01-04 02:18:18 - light_ai.storage.database_managers - INFO - database_managers.py:73 - DuckDB initialized at: data/duckdb/main.db
2026-01-04 02:18:18 - light_ai.storage.database_managers - INFO - database_managers.py:305 - ChromaDB initialized at: data/unstructured/chroma_db
2026-01-04 02:18:18 - light_ai.storage.database_managers - INFO - database_managers.py:704 - All database managers initialized successfully
2026-01-04 02:18:18 - light_ai.storage.database_managers - INFO - database_managers.py:489 - SQLite metadata registry initialized at: metadata/registry.db
2026-01-04 02:18:18 - light_ai.storage.storage_router - INFO - storage_router.py:61 - Storage router initialized successfully
2026-01-04 02:18:18 - light_ai.storage.storage_utils - INFO - storage_utils.py:225 - Stored file: data/structured/client-techcorp-002/user-hr-manager-002/9434a8d2-3760-432b-9e1e-ad23270e75d3/v1_tmpaef1tsdm.csv
2026-01-04 02:18:18 - light_ai.storage.metadata_registry - INFO - metadata_registry.py:98 - Created resource metadata: 9434a8d2-3760-432b-9e1e-ad23270e75d3
2026-01-04 02:18:18 - light_ai.storage.version_manager - INFO - version_manager.py:185 - Created version 1 for resource 9434a8d2-3760-432b-9e1e-ad23270e75d3
2026-01-04 02:18:18 - light_ai.storage.database_managers - INFO - database_managers.py:166 - Created virtual table: structured_data.resource_9434a8d2_3760_432b_9e1e_ad23270e75d3
2026-01-04 02:18:18 - light_ai.storage.storage_router - INFO - storage_router.py:120 - Stored structured data: resource_9434a8d2_3760_432b_9e1e_ad23270e75d3
2026-01-04 02:18:25 - light_ai.storage.storage_router - INFO - storage_router.py:57 - Initializing storage router...
2026-01-04 02:18:25 - light_ai.storage.database_managers - INFO - database_managers.py:696 - Initializing all database managers...
2026-01-04 02:18:25 - light_ai.storage.database_managers - INFO - database_managers.py:489 - SQLite metadata registry initialized at: metadata/registry.db
2026-01-04 02:18:25 - light_ai.storage.database_managers - INFO - database_managers.py:73 - DuckDB initialized at: data/duckdb/main.db
2026-01-04 02:18:25 - light_ai.storage.database_managers - INFO - database_managers.py:305 - ChromaDB initialized at: data/unstructured/chroma_db
2026-01-04 02:18:25 - light_ai.storage.database_managers - INFO - database_managers.py:704 - All database managers initialized successfully
2026-01-04 02:18:25 - light_ai.storage.database_managers - INFO - database_managers.py:489 - SQLite metadata registry initialized at: metadata/registry.db
2026-01-04 02:18:25 - light_ai.storage.storage_router - INFO - storage_router.py:61 - Storage router initialized successfully
2026-01-04 02:18:25 - light_ai.storage.database_managers - INFO - database_managers.py:489 - SQLite metadata registry initialized at: metadata/registry.db
2026-01-04 02:18:25 - light_ai.sub_layer_2.sql_query_engine - INFO - sql_query_engine.py:81 - SQL Query Engine initialized
2026-01-04 02:18:35 - light_ai.sub_layer_2.sql_query_engine - INFO - sql_query_engine.py:81 - SQL Query Engine initialized
2026-01-04 02:18:35 - light_ai.storage.database_managers - ERROR - database_managers.py:123 - DuckDB operation failed: 'NoneType' object has no attribute 'execution_strategy'
2026-01-04 02:18:35 - light_ai.sub_layer_2.sql_query_engine - WARNING - sql_query_engine.py:131 - Original query failed: 'NoneType' object has no attribute 'execution_strategy'
2026-01-04 02:18:35 - light_ai.sub_layer_2.sql_query_engine - INFO - sql_query_engine.py:144 - Using fallback query: 
            SELECT department, 
                   COUNT(*) as count,
                   AVG(salary) as avg_salary,
                   SUM(salary) as total_salary
            FROM structured_data.resource_9434a8d2_3760_432b_9e1e_ad23270e75d3
            GROUP BY department
            ORDER BY count DESC
            LIMIT 10
            
2026-01-04 02:18:35 - light_ai.storage.database_managers - ERROR - database_managers.py:123 - DuckDB operation failed: 'NoneType' object has no attribute 'execution_strategy'
2026-01-04 02:18:35 - light_ai.sub_layer_2.sql_query_engine - WARNING - sql_query_engine.py:147 - Fallback query failed for structured_data.resource_9434a8d2_3760_432b_9e1e_ad23270e75d3: 'NoneType' object has no attribute 'execution_strategy'
2026-01-04 02:18:35 - light_ai.sub_layer_2.sql_query_engine - ERROR - sql_query_engine.py:117 - Failed to execute SQL query: 'NoneType' object has no attribute 'execution_strategy'
2026-01-04 02:18:35 - universal_data_handler - ERROR - api.py:128 - Error in query_structured: Query execution failed: 'NoneType' object has no attribute 'execution_strategy'
Traceback (most recent call last):
  File "/Users/shashwatroy/Desktop/ns/New-CB/light_ai/light_ai/sub_layer_2/sql_query_engine.py", line 111, in execute_query
    result = self._execute_with_fallback(sql, client_id, user_id, parameters, access_level, start_time)
  File "/Users/shashwatroy/Desktop/ns/New-CB/light_ai/light_ai/sub_layer_2/sql_query_engine.py", line 151, in _execute_with_fallback
    raise original_error
  File "/Users/shashwatroy/Desktop/ns/New-CB/light_ai/light_ai/sub_layer_2/sql_query_engine.py", line 128, in _execute_with_fallback
    return self._execute_normal_query(filtered_sql, parameters, None, start_time)
  File "/Users/shashwatroy/Desktop/ns/New-CB/light_ai/light_ai/sub_layer_2/sql_query_engine.py", line 621, in _execute_normal_query
    query_plan=query_plan.execution_strategy,
AttributeError: 'NoneType' object has no attribute 'execution_strategy'

During handling of the above exception, another exception occurred:

Traceback (most recent call last):
  File "/Users/shashwatroy/Desktop/ns/New-CB/light_ai/light_ai/api.py", line 614, in query_structured
    result = self.sql_engine.execute_query(sql_query, client_id, user_id)
  File "/Users/shashwatroy/Desktop/ns/New-CB/light_ai/light_ai/sub_layer_2/sql_query_engine.py", line 118, in execute_query
    raise RuntimeError(f"Query execution failed: {e}")
RuntimeError: Query execution failed: 'NoneType' object has no attribute 'execution_strategy'
2026-01-04 02:19:20 - light_ai.sub_layer_2.sql_query_engine - INFO - sql_query_engine.py:81 - SQL Query Engine initialized
2026-01-04 02:19:20 - light_ai.storage.database_managers - ERROR - database_managers.py:123 - DuckDB operation failed: 'NoneType' object has no attribute 'execution_strategy'
2026-01-04 02:19:20 - light_ai.sub_layer_2.sql_query_engine - WARNING - sql_query_engine.py:131 - Original query failed: 'NoneType' object has no attribute 'execution_strategy'
2026-01-04 02:19:20 - light_ai.sub_layer_2.sql_query_engine - INFO - sql_query_engine.py:144 - Using fallback query: 
            SELECT department, 
                   COUNT(*) as count,
                   AVG(salary) as avg_salary,
                   SUM(salary) as total_salary
            FROM structured_data.resource_9434a8d2_3760_432b_9e1e_ad23270e75d3
            GROUP BY department
            ORDER BY count DESC
            LIMIT 10
            
2026-01-04 02:19:20 - light_ai.storage.database_managers - ERROR - database_managers.py:123 - DuckDB operation failed: 'NoneType' object has no attribute 'execution_strategy'
2026-01-04 02:19:20 - light_ai.sub_layer_2.sql_query_engine - WARNING - sql_query_engine.py:147 - Fallback query failed for structured_data.resource_9434a8d2_3760_432b_9e1e_ad23270e75d3: 'NoneType' object has no attribute 'execution_strategy'
2026-01-04 02:19:20 - light_ai.sub_layer_2.sql_query_engine - ERROR - sql_query_engine.py:117 - Failed to execute SQL query: 'NoneType' object has no attribute 'execution_strategy'
2026-01-04 02:19:20 - universal_data_handler - ERROR - api.py:128 - Error in query_structured: Query execution failed: 'NoneType' object has no attribute 'execution_strategy'
Traceback (most recent call last):
  File "/Users/shashwatroy/Desktop/ns/New-CB/light_ai/light_ai/sub_layer_2/sql_query_engine.py", line 111, in execute_query
    result = self._execute_with_fallback(sql, client_id, user_id, parameters, access_level, start_time)
  File "/Users/shashwatroy/Desktop/ns/New-CB/light_ai/light_ai/sub_layer_2/sql_query_engine.py", line 151, in _execute_with_fallback
    raise original_error
  File "/Users/shashwatroy/Desktop/ns/New-CB/light_ai/light_ai/sub_layer_2/sql_query_engine.py", line 128, in _execute_with_fallback
    return self._execute_normal_query(filtered_sql, parameters, None, start_time)
  File "/Users/shashwatroy/Desktop/ns/New-CB/light_ai/light_ai/sub_layer_2/sql_query_engine.py", line 621, in _execute_normal_query
    columns=columns,
AttributeError: 'NoneType' object has no attribute 'execution_strategy'

During handling of the above exception, another exception occurred:

Traceback (most recent call last):
  File "/Users/shashwatroy/Desktop/ns/New-CB/light_ai/light_ai/api.py", line 614, in query_structured
    result = self.sql_engine.execute_query(sql_query, client_id, user_id)
  File "/Users/shashwatroy/Desktop/ns/New-CB/light_ai/light_ai/sub_layer_2/sql_query_engine.py", line 118, in execute_query
    raise RuntimeError(f"Query execution failed: {e}")
RuntimeError: Query execution failed: 'NoneType' object has no attribute 'execution_strategy'
2026-01-04 02:19:45 - universal_data_handler - ERROR - api.py:128 - Error in get_system_stats: 'Config' object has no attribute 'to_dict'
Traceback (most recent call last):
  File "/Users/shashwatroy/Desktop/ns/New-CB/light_ai/light_ai/api.py", line 1080, in get_system_stats
    "config": self.config.to_dict(),
AttributeError: 'Config' object has no attribute 'to_dict'
2026-01-04 02:20:20 - light_ai.storage.directory_manager - INFO - directory_manager.py:54 - Creating directory structure at: .
2026-01-04 02:20:20 - light_ai.storage.directory_manager - INFO - directory_manager.py:68 - Directory structure created successfully
2026-01-04 02:20:20 - light_ai.storage.database_managers - INFO - database_managers.py:489 - SQLite metadata registry initialized at: metadata/registry.db
2026-01-04 02:20:20 - light_ai.storage.database_managers - INFO - database_managers.py:489 - SQLite metadata registry initialized at: metadata/registry.db
2026-01-04 02:20:20 - light_ai.storage.database_managers - INFO - database_managers.py:489 - SQLite metadata registry initialized at: metadata/registry.db
2026-01-04 02:20:20 - light_ai.storage.database_managers - INFO - database_managers.py:489 - SQLite metadata registry initialized at: metadata/registry.db
2026-01-04 02:20:20 - light_ai.storage.database_managers - INFO - database_managers.py:489 - SQLite metadata registry initialized at: metadata/registry.db
2026-01-04 02:20:20 - light_ai.storage.database_managers - INFO - database_managers.py:489 - SQLite metadata registry initialized at: metadata/registry.db
2026-01-04 02:20:20 - light_ai.storage.database_managers - INFO - database_managers.py:489 - SQLite metadata registry initialized at: metadata/registry.db
2026-01-04 02:20:20 - light_ai.storage.database_managers - INFO - database_managers.py:489 - SQLite metadata registry initialized at: metadata/registry.db
2026-01-04 02:20:20 - light_ai.storage.database_managers - INFO - database_managers.py:489 - SQLite metadata registry initialized at: metadata/registry.db
2026-01-04 02:20:20 - universal_data_handler - INFO - api.py:123 - Universal Data Handler API initialized successfully
2026-01-04 02:20:33 - universal_data_handler - ERROR - api.py:128 - Error in get_system_stats: 'Config' object has no attribute 'to_dict'
Traceback (most recent call last):
  File "/Users/shashwatroy/Desktop/ns/New-CB/light_ai/light_ai/api.py", line 1080, in get_system_stats
    "config": {
AttributeError: 'Config' object has no attribute 'to_dict'
2026-01-04 02:20:49 - light_ai.storage.directory_manager - INFO - directory_manager.py:54 - Creating directory structure at: .
2026-01-04 02:20:49 - light_ai.storage.directory_manager - INFO - directory_manager.py:68 - Directory structure created successfully
2026-01-04 02:20:49 - light_ai.storage.database_managers - INFO - database_managers.py:489 - SQLite metadata registry initialized at: metadata/registry.db
2026-01-04 02:20:49 - light_ai.storage.database_managers - INFO - database_managers.py:489 - SQLite metadata registry initialized at: metadata/registry.db
2026-01-04 02:20:49 - light_ai.storage.database_managers - INFO - database_managers.py:489 - SQLite metadata registry initialized at: metadata/registry.db
2026-01-04 02:20:49 - light_ai.storage.database_managers - INFO - database_managers.py:489 - SQLite metadata registry initialized at: metadata/registry.db
2026-01-04 02:20:49 - light_ai.storage.database_managers - INFO - database_managers.py:489 - SQLite metadata registry initialized at: metadata/registry.db
2026-01-04 02:20:49 - light_ai.storage.database_managers - INFO - database_managers.py:489 - SQLite metadata registry initialized at: metadata/registry.db
2026-01-04 02:20:49 - light_ai.storage.database_managers - INFO - database_managers.py:489 - SQLite metadata registry initialized at: metadata/registry.db
2026-01-04 02:20:49 - light_ai.storage.database_managers - INFO - database_managers.py:489 - SQLite metadata registry initialized at: metadata/registry.db
2026-01-04 02:20:49 - light_ai.storage.database_managers - INFO - database_managers.py:489 - SQLite metadata registry initialized at: metadata/registry.db
2026-01-04 02:20:49 - universal_data_handler - INFO - api.py:123 - Universal Data Handler API initialized successfully
2026-01-04 02:20:59 - universal_data_handler - ERROR - api.py:128 - Error in get_system_stats: 'OpenRouterConfig' object has no attribute 'model'
Traceback (most recent call last):
  File "/Users/shashwatroy/Desktop/ns/New-CB/light_ai/light_ai/api.py", line 1081, in get_system_stats
    "openrouter_model": self.config.openrouter.model,
AttributeError: 'OpenRouterConfig' object has no attribute 'model'
2026-01-04 02:21:18 - light_ai.storage.directory_manager - INFO - directory_manager.py:54 - Creating directory structure at: .
2026-01-04 02:21:18 - light_ai.storage.directory_manager - INFO - directory_manager.py:68 - Directory structure created successfully
2026-01-04 02:21:18 - light_ai.storage.database_managers - INFO - database_managers.py:489 - SQLite metadata registry initialized at: metadata/registry.db
2026-01-04 02:21:18 - light_ai.storage.database_managers - INFO - database_managers.py:489 - SQLite metadata registry initialized at: metadata/registry.db
2026-01-04 02:21:18 - light_ai.storage.database_managers - INFO - database_managers.py:489 - SQLite metadata registry initialized at: metadata/registry.db
2026-01-04 02:21:18 - light_ai.storage.database_managers - INFO - database_managers.py:489 - SQLite metadata registry initialized at: metadata/registry.db
2026-01-04 02:21:18 - light_ai.storage.database_managers - INFO - database_managers.py:489 - SQLite metadata registry initialized at: metadata/registry.db
2026-01-04 02:21:18 - light_ai.storage.database_managers - INFO - database_managers.py:489 - SQLite metadata registry initialized at: metadata/registry.db
2026-01-04 02:21:18 - light_ai.storage.database_managers - INFO - database_managers.py:489 - SQLite metadata registry initialized at: metadata/registry.db
2026-01-04 02:21:18 - light_ai.storage.database_managers - INFO - database_managers.py:489 - SQLite metadata registry initialized at: metadata/registry.db
2026-01-04 02:21:18 - light_ai.storage.database_managers - INFO - database_managers.py:489 - SQLite metadata registry initialized at: metadata/registry.db
2026-01-04 02:21:18 - universal_data_handler - INFO - api.py:123 - Universal Data Handler API initialized successfully
2026-01-04 02:21:28 - universal_data_handler - ERROR - api.py:128 - Error in get_system_stats: 'StorageConfig' object has no attribute 'raw_data_path'
Traceback (most recent call last):
  File "/Users/shashwatroy/Desktop/ns/New-CB/light_ai/light_ai/api.py", line 1088, in get_system_stats
    "raw": str(self.config.storage.raw_data_path),
AttributeError: 'StorageConfig' object has no attribute 'raw_data_path'. Did you mean: 'raw_data_dir'?
2026-01-04 02:21:37 - light_ai.storage.directory_manager - INFO - directory_manager.py:54 - Creating directory structure at: .
2026-01-04 02:21:37 - light_ai.storage.directory_manager - INFO - directory_manager.py:68 - Directory structure created successfully
2026-01-04 02:21:37 - light_ai.storage.database_managers - INFO - database_managers.py:489 - SQLite metadata registry initialized at: metadata/registry.db
2026-01-04 02:21:37 - light_ai.storage.database_managers - INFO - database_managers.py:489 - SQLite metadata registry initialized at: metadata/registry.db
2026-01-04 02:21:37 - light_ai.storage.database_managers - INFO - database_managers.py:489 - SQLite metadata registry initialized at: metadata/registry.db
2026-01-04 02:21:37 - light_ai.storage.database_managers - INFO - database_managers.py:489 - SQLite metadata registry initialized at: metadata/registry.db
2026-01-04 02:21:37 - light_ai.storage.database_managers - INFO - database_managers.py:489 - SQLite metadata registry initialized at: metadata/registry.db
2026-01-04 02:21:37 - light_ai.storage.database_managers - INFO - database_managers.py:489 - SQLite metadata registry initialized at: metadata/registry.db
2026-01-04 02:21:37 - light_ai.storage.database_managers - INFO - database_managers.py:489 - SQLite metadata registry initialized at: metadata/registry.db
2026-01-04 02:21:37 - light_ai.storage.database_managers - INFO - database_managers.py:489 - SQLite metadata registry initialized at: metadata/registry.db
2026-01-04 02:21:37 - light_ai.storage.database_managers - INFO - database_managers.py:489 - SQLite metadata registry initialized at: metadata/registry.db
2026-01-04 02:21:37 - universal_data_handler - INFO - api.py:123 - Universal Data Handler API initialized successfully
2026-01-04 02:22:00 - light_ai.storage.storage_router - INFO - storage_router.py:57 - Initializing storage router...
2026-01-04 02:22:00 - light_ai.storage.database_managers - INFO - database_managers.py:696 - Initializing all database managers...
2026-01-04 02:22:00 - light_ai.storage.database_managers - INFO - database_managers.py:489 - SQLite metadata registry initialized at: metadata/registry.db
2026-01-04 02:22:00 - light_ai.storage.database_managers - INFO - database_managers.py:73 - DuckDB initialized at: data/duckdb/main.db
2026-01-04 02:22:00 - light_ai.storage.database_managers - INFO - database_managers.py:305 - ChromaDB initialized at: data/unstructured/chroma_db
2026-01-04 02:22:00 - light_ai.storage.database_managers - INFO - database_managers.py:704 - All database managers initialized successfully
2026-01-04 02:22:00 - light_ai.storage.database_managers - INFO - database_managers.py:489 - SQLite metadata registry initialized at: metadata/registry.db
2026-01-04 02:22:00 - light_ai.storage.storage_router - INFO - storage_router.py:61 - Storage router initialized successfully
2026-01-04 02:22:00 - light_ai.storage.database_managers - INFO - database_managers.py:489 - SQLite metadata registry initialized at: metadata/registry.db
2026-01-04 02:22:00 - light_ai.sub_layer_2.sql_query_engine - INFO - sql_query_engine.py:81 - SQL Query Engine initialized
2026-01-04 02:22:00 - light_ai.sub_layer_2.sql_query_engine - INFO - sql_query_engine.py:113 - Executed SQL query for user user-hr-manager-002, returned 5 rows
2026-01-04 02:22:11 - light_ai.storage.database_managers - INFO - database_managers.py:489 - SQLite metadata registry initialized at: metadata/registry.db
2026-01-04 02:22:11 - light_ai.storage.storage_router - INFO - storage_router.py:57 - Initializing storage router...
2026-01-04 02:22:11 - light_ai.storage.database_managers - INFO - database_managers.py:696 - Initializing all database managers...
2026-01-04 02:22:11 - light_ai.storage.database_managers - INFO - database_managers.py:489 - SQLite metadata registry initialized at: metadata/registry.db
2026-01-04 02:22:11 - light_ai.storage.database_managers - INFO - database_managers.py:73 - DuckDB initialized at: data/duckdb/main.db
2026-01-04 02:22:11 - light_ai.storage.database_managers - INFO - database_managers.py:305 - ChromaDB initialized at: data/unstructured/chroma_db
2026-01-04 02:22:11 - light_ai.storage.database_managers - INFO - database_managers.py:704 - All database managers initialized successfully
2026-01-04 02:22:11 - light_ai.storage.database_managers - INFO - database_managers.py:489 - SQLite metadata registry initialized at: metadata/registry.db
2026-01-04 02:22:11 - light_ai.storage.storage_router - INFO - storage_router.py:61 - Storage router initialized successfully
2026-01-04 02:22:11 - light_ai.storage.storage_router - INFO - storage_router.py:57 - Initializing storage router...
2026-01-04 02:22:11 - light_ai.storage.database_managers - INFO - database_managers.py:696 - Initializing all database managers...
2026-01-04 02:22:11 - light_ai.storage.database_managers - INFO - database_managers.py:489 - SQLite metadata registry initialized at: metadata/registry.db
2026-01-04 02:22:11 - light_ai.storage.database_managers - INFO - database_managers.py:73 - DuckDB initialized at: data/duckdb/main.db
2026-01-04 02:22:11 - light_ai.storage.database_managers - INFO - database_managers.py:305 - ChromaDB initialized at: data/unstructured/chroma_db
2026-01-04 02:22:11 - light_ai.storage.database_managers - INFO - database_managers.py:704 - All database managers initialized successfully
2026-01-04 02:22:11 - light_ai.storage.database_managers - INFO - database_managers.py:489 - SQLite metadata registry initialized at: metadata/registry.db
2026-01-04 02:22:11 - light_ai.storage.storage_router - INFO - storage_router.py:61 - Storage router initialized successfully
2026-01-04 02:22:11 - light_ai.storage.database_managers - INFO - database_managers.py:489 - SQLite metadata registry initialized at: metadata/registry.db
2026-01-04 02:22:11 - light_ai.sub_layer_2.sql_query_engine - INFO - sql_query_engine.py:81 - SQL Query Engine initialized
2026-01-04 02:22:11 - light_ai.storage.database_managers - INFO - database_managers.py:489 - SQLite metadata registry initialized at: metadata/registry.db
2026-01-04 02:22:11 - light_ai.storage.storage_router - INFO - storage_router.py:57 - Initializing storage router...
2026-01-04 02:22:11 - light_ai.storage.database_managers - INFO - database_managers.py:696 - Initializing all database managers...
2026-01-04 02:22:11 - light_ai.storage.database_managers - INFO - database_managers.py:489 - SQLite metadata registry initialized at: metadata/registry.db
2026-01-04 02:22:11 - light_ai.storage.database_managers - INFO - database_managers.py:73 - DuckDB initialized at: data/duckdb/main.db
2026-01-04 02:22:11 - light_ai.storage.database_managers - INFO - database_managers.py:305 - ChromaDB initialized at: data/unstructured/chroma_db
2026-01-04 02:22:11 - light_ai.storage.database_managers - INFO - database_managers.py:704 - All database managers initialized successfully
2026-01-04 02:22:11 - light_ai.storage.database_managers - INFO - database_managers.py:489 - SQLite metadata registry initialized at: metadata/registry.db
2026-01-04 02:22:11 - light_ai.storage.storage_router - INFO - storage_router.py:61 - Storage router initialized successfully
2026-01-04 02:22:11 - light_ai.storage.storage_router - INFO - storage_router.py:57 - Initializing storage router...
2026-01-04 02:22:11 - light_ai.storage.database_managers - INFO - database_managers.py:696 - Initializing all database managers...
2026-01-04 02:22:11 - light_ai.storage.database_managers - INFO - database_managers.py:489 - SQLite metadata registry initialized at: metadata/registry.db
2026-01-04 02:22:11 - light_ai.storage.database_managers - INFO - database_managers.py:73 - DuckDB initialized at: data/duckdb/main.db
2026-01-04 02:22:11 - light_ai.storage.database_managers - INFO - database_managers.py:305 - ChromaDB initialized at: data/unstructured/chroma_db
2026-01-04 02:22:11 - light_ai.storage.database_managers - INFO - database_managers.py:704 - All database managers initialized successfully
2026-01-04 02:22:11 - light_ai.storage.database_managers - INFO - database_managers.py:489 - SQLite metadata registry initialized at: metadata/registry.db
2026-01-04 02:22:11 - light_ai.storage.storage_router - INFO - storage_router.py:61 - Storage router initialized successfully
2026-01-04 02:22:11 - light_ai.storage.database_managers - INFO - database_managers.py:489 - SQLite metadata registry initialized at: metadata/registry.db
2026-01-04 02:22:11 - light_ai.sub_layer_2.sql_query_engine - INFO - sql_query_engine.py:81 - SQL Query Engine initialized
2026-01-04 02:22:11 - light_ai.sub_layer_2.natural_language_processor - INFO - natural_language_processor.py:145 - Natural Language Processor initialized
2026-01-04 02:22:11 - light_ai.sub_layer_2.semantic_search_engine - INFO - semantic_search_engine.py:515 - Initializing semantic search engine...
2026-01-04 02:22:11 - light_ai.storage.database_managers - INFO - database_managers.py:305 - ChromaDB initialized at: data/unstructured/chroma_db
2026-01-04 02:22:11 - light_ai.storage.database_managers - INFO - database_managers.py:489 - SQLite metadata registry initialized at: metadata/registry.db
2026-01-04 02:22:11 - light_ai.sub_layer_2.semantic_search_engine - INFO - semantic_search_engine.py:519 - Semantic search engine initialized successfully
2026-01-04 02:22:11 - light_ai.sub_layer_2.ai_data_analyst - INFO - ai_data_analyst.py:211 - AI Data Analyst initialized
2026-01-04 02:22:22 - light_ai.storage.database_managers - INFO - database_managers.py:489 - SQLite metadata registry initialized at: metadata/registry.db
2026-01-04 02:22:33 - light_ai.sub_layer_2.sql_query_engine - INFO - sql_query_engine.py:81 - SQL Query Engine initialized
2026-01-04 02:22:45 - light_ai.sub_layer_1.file_upload - INFO - file_upload.py:341 - Starting upload for tmpe3r4lk4n.json (resource_id: ad7f6a13-eef2-4084-8388-a40e502268cd)
2026-01-04 02:22:45 - light_ai.sub_layer_1.file_upload - WARNING - file_upload.py:144 - MIME type mismatch for /var/folders/q7/s5rjdx2d2ydclz5f2d6lylxc0000gn/T/tmpe3r4lk4n.json: got inode/x-empty, expected one of ['application/json', 'text/json', 'text/plain']
2026-01-04 02:22:45 - universal_data_handler - ERROR - api.py:128 - Error in upload_file: File is empty
Traceback (most recent call last):
  File "/Users/shashwatroy/Desktop/ns/New-CB/light_ai/light_ai/api.py", line 168, in upload_file
    metadata = self.file_upload_api.upload_file(
  File "/Users/shashwatroy/Desktop/ns/New-CB/light_ai/light_ai/sub_layer_1/file_upload.py", line 344, in upload_file
    data_type, resource_type, file_size = self.validator.validate_file(file_path)
  File "/Users/shashwatroy/Desktop/ns/New-CB/light_ai/light_ai/sub_layer_1/file_upload.py", line 216, in validate_file
    file_size = self.validate_file_size(file_path)
  File "/Users/shashwatroy/Desktop/ns/New-CB/light_ai/light_ai/sub_layer_1/file_upload.py", line 182, in validate_file_size
    raise FileSizeError("File is empty")
light_ai.sub_layer_1.file_upload.FileSizeError: File is empty
2026-01-04 02:23:02 - light_ai.sub_layer_1.file_upload - INFO - file_upload.py:341 - Starting upload for tmphf23806g.json (resource_id: 1f20788a-6cf7-4d2a-9d36-591b2361ff5b)
2026-01-04 02:23:02 - light_ai.sub_layer_1.file_upload - INFO - file_upload.py:218 - File validation successful: tmphf23806g.json (json, 0.0MB)
2026-01-04 02:23:02 - light_ai.sub_layer_1.file_upload - INFO - file_upload.py:354 - Duplicate check for hash 68d46fef... (would query metadata registry)
2026-01-04 02:23:02 - light_ai.sub_layer_1.file_upload - INFO - file_upload.py:382 - File upload completed: tmphf23806g.json -> 1f20788a-6cf7-4d2a-9d36-591b2361ff5b
2026-01-04 02:23:02 - light_ai.sub_layer_1.data_cleaning - INFO - data_cleaning.py:750 - Starting data cleaning for type: json
2026-01-04 02:23:02 - light_ai.sub_layer_1.data_cleaning - INFO - data_cleaning.py:383 - Starting JSON data cleaning: dict
2026-01-04 02:23:02 - light_ai.sub_layer_1.data_cleaning - INFO - data_cleaning.py:397 - JSON data cleaning completed: 0 operations
2026-01-04 02:23:02 - light_ai.storage.storage_router - INFO - storage_router.py:57 - Initializing storage router...
2026-01-04 02:23:02 - light_ai.storage.database_managers - INFO - database_managers.py:696 - Initializing all database managers...
2026-01-04 02:23:02 - light_ai.storage.database_managers - INFO - database_managers.py:489 - SQLite metadata registry initialized at: metadata/registry.db
2026-01-04 02:23:02 - light_ai.storage.database_managers - INFO - database_managers.py:73 - DuckDB initialized at: data/duckdb/main.db
2026-01-04 02:23:02 - light_ai.storage.database_managers - INFO - database_managers.py:305 - ChromaDB initialized at: data/unstructured/chroma_db
2026-01-04 02:23:02 - light_ai.storage.database_managers - INFO - database_managers.py:704 - All database managers initialized successfully
2026-01-04 02:23:02 - light_ai.storage.database_managers - INFO - database_managers.py:489 - SQLite metadata registry initialized at: metadata/registry.db
2026-01-04 02:23:02 - light_ai.storage.storage_router - INFO - storage_router.py:61 - Storage router initialized successfully
2026-01-04 02:23:02 - light_ai.storage.metadata_registry - INFO - metadata_registry.py:98 - Created resource metadata: 1f20788a-6cf7-4d2a-9d36-591b2361ff5b
2026-01-04 02:23:02 - light_ai.storage.version_manager - INFO - version_manager.py:185 - Created version 1 for resource 1f20788a-6cf7-4d2a-9d36-591b2361ff5b
2026-01-04 02:23:02 - light_ai.storage.database_managers - INFO - database_managers.py:216 - Stored JSON data in table: json_data.json_1f20788a_6cf7_4d2a_9d36_591b2361ff5b
2026-01-04 02:23:02 - light_ai.storage.storage_router - INFO - storage_router.py:166 - Stored JSON data: json_1f20788a_6cf7_4d2a_9d36_591b2361ff5b
2026-01-04 02:23:35 - light_ai.storage.database_managers - INFO - database_managers.py:489 - SQLite metadata registry initialized at: metadata/registry.db
2026-01-04 02:23:35 - light_ai.storage.storage_router - INFO - storage_router.py:57 - Initializing storage router...
2026-01-04 02:23:35 - light_ai.storage.database_managers - INFO - database_managers.py:696 - Initializing all database managers...
2026-01-04 02:23:35 - light_ai.storage.database_managers - INFO - database_managers.py:489 - SQLite metadata registry initialized at: metadata/registry.db
2026-01-04 02:23:35 - light_ai.storage.database_managers - INFO - database_managers.py:73 - DuckDB initialized at: data/duckdb/main.db
2026-01-04 02:23:35 - light_ai.storage.database_managers - INFO - database_managers.py:305 - ChromaDB initialized at: data/unstructured/chroma_db
2026-01-04 02:23:35 - light_ai.storage.database_managers - INFO - database_managers.py:704 - All database managers initialized successfully
2026-01-04 02:23:35 - light_ai.storage.database_managers - INFO - database_managers.py:489 - SQLite metadata registry initialized at: metadata/registry.db
2026-01-04 02:23:35 - light_ai.storage.storage_router - INFO - storage_router.py:61 - Storage router initialized successfully
2026-01-04 02:23:35 - light_ai.storage.storage_router - INFO - storage_router.py:57 - Initializing storage router...
2026-01-04 02:23:35 - light_ai.storage.database_managers - INFO - database_managers.py:696 - Initializing all database managers...
2026-01-04 02:23:35 - light_ai.storage.database_managers - INFO - database_managers.py:489 - SQLite metadata registry initialized at: metadata/registry.db
2026-01-04 02:23:35 - light_ai.storage.database_managers - INFO - database_managers.py:73 - DuckDB initialized at: data/duckdb/main.db
2026-01-04 02:23:35 - light_ai.storage.database_managers - INFO - database_managers.py:305 - ChromaDB initialized at: data/unstructured/chroma_db
2026-01-04 02:23:35 - light_ai.storage.database_managers - INFO - database_managers.py:704 - All database managers initialized successfully
2026-01-04 02:23:35 - light_ai.storage.database_managers - INFO - database_managers.py:489 - SQLite metadata registry initialized at: metadata/registry.db
2026-01-04 02:23:35 - light_ai.storage.storage_router - INFO - storage_router.py:61 - Storage router initialized successfully
2026-01-04 02:23:35 - light_ai.storage.database_managers - INFO - database_managers.py:489 - SQLite metadata registry initialized at: metadata/registry.db
2026-01-04 02:23:35 - light_ai.sub_layer_2.sql_query_engine - INFO - sql_query_engine.py:81 - SQL Query Engine initialized
2026-01-04 02:23:35 - light_ai.sub_layer_2.natural_language_processor - INFO - natural_language_processor.py:145 - Natural Language Processor initialized
2026-01-04 02:23:35 - light_ai.sub_layer_2.natural_language_processor - INFO - natural_language_processor.py:210 - Processed natural language query for user user-hr-manager-002: metadata_query
2026-01-04 02:23:47 - light_ai.sub_layer_2.sql_query_engine - INFO - sql_query_engine.py:81 - SQL Query Engine initialized
2026-01-04 02:23:47 - light_ai.sub_layer_2.natural_language_processor - INFO - natural_language_processor.py:145 - Natural Language Processor initialized
2026-01-04 02:23:55 - light_ai.sub_layer_2.sql_query_engine - INFO - sql_query_engine.py:81 - SQL Query Engine initialized
2026-01-04 02:23:55 - light_ai.storage.database_managers - ERROR - database_managers.py:123 - DuckDB operation failed: Parser Error: syntax error at or near "```"

LINE 1: ```sql SELECT department_name, AVG(salary) as average_salary...
        ^
2026-01-04 02:23:55 - light_ai.sub_layer_2.sql_query_engine - WARNING - sql_query_engine.py:131 - Original query failed: Parser Error: syntax error at or near "```"

LINE 1: ```sql SELECT department_name, AVG(salary) as average_salary...
        ^
2026-01-04 02:23:55 - light_ai.storage.database_managers - ERROR - database_managers.py:123 - DuckDB operation failed: Catalog Error: Table with name employees does not exist!
Did you mean "resource_4fea3720_37ae_4b9e_9fa1_0d50d3b9a90a"?

LINE 1: SELECT * FROM structured_data.employees LIMIT 1
                      ^
2026-01-04 02:23:55 - light_ai.sub_layer_2.sql_query_engine - WARNING - sql_query_engine.py:203 - Could not discover schema for employees: Catalog Error: Table with name employees does not exist!
Did you mean "resource_4fea3720_37ae_4b9e_9fa1_0d50d3b9a90a"?

LINE 1: SELECT * FROM structured_data.employees LIMIT 1
                      ^
2026-01-04 02:23:55 - light_ai.sub_layer_2.sql_query_engine - ERROR - sql_query_engine.py:117 - Failed to execute SQL query: Parser Error: syntax error at or near "```"

LINE 1: ```sql SELECT department_name, AVG(salary) as average_salary...
        ^
2026-01-04 02:23:55 - light_ai.sub_layer_2.natural_language_processor - ERROR - natural_language_processor.py:465 - Failed to process structured query: Query execution failed: Parser Error: syntax error at or near "```"

LINE 1: ```sql SELECT department_name, AVG(salary) as average_salary...
        ^
2026-01-04 02:23:55 - light_ai.sub_layer_2.natural_language_processor - INFO - natural_language_processor.py:210 - Processed natural language query for user user-hr-manager-002: structured_data
2026-01-04 02:24:22 - light_ai.sub_layer_2.sql_query_engine - INFO - sql_query_engine.py:81 - SQL Query Engine initialized
2026-01-04 02:24:22 - light_ai.sub_layer_2.sql_query_engine - INFO - sql_query_engine.py:81 - SQL Query Engine initialized
2026-01-04 02:24:22 - light_ai.sub_layer_2.sql_query_engine - INFO - sql_query_engine.py:113 - Executed SQL query for user user-hr-manager-002, returned 5 rows
2026-01-04 02:24:51 - light_ai.storage.directory_manager - INFO - directory_manager.py:54 - Creating directory structure at: .
2026-01-04 02:24:51 - light_ai.storage.directory_manager - INFO - directory_manager.py:68 - Directory structure created successfully
2026-01-04 02:24:51 - light_ai.storage.database_managers - INFO - database_managers.py:489 - SQLite metadata registry initialized at: metadata/registry.db
2026-01-04 02:24:51 - light_ai.storage.database_managers - INFO - database_managers.py:489 - SQLite metadata registry initialized at: metadata/registry.db
2026-01-04 02:24:51 - light_ai.storage.database_managers - INFO - database_managers.py:489 - SQLite metadata registry initialized at: metadata/registry.db
2026-01-04 02:24:51 - light_ai.storage.database_managers - INFO - database_managers.py:489 - SQLite metadata registry initialized at: metadata/registry.db
2026-01-04 02:24:51 - light_ai.storage.database_managers - INFO - database_managers.py:489 - SQLite metadata registry initialized at: metadata/registry.db
2026-01-04 02:24:51 - light_ai.storage.database_managers - INFO - database_managers.py:489 - SQLite metadata registry initialized at: metadata/registry.db
2026-01-04 02:24:51 - light_ai.storage.database_managers - INFO - database_managers.py:489 - SQLite metadata registry initialized at: metadata/registry.db
2026-01-04 02:24:51 - light_ai.storage.database_managers - INFO - database_managers.py:489 - SQLite metadata registry initialized at: metadata/registry.db
2026-01-04 02:24:51 - light_ai.storage.database_managers - INFO - database_managers.py:489 - SQLite metadata registry initialized at: metadata/registry.db
2026-01-04 02:24:51 - universal_data_handler - INFO - api.py:123 - Universal Data Handler API initialized successfully
2026-01-04 02:25:01 - light_ai.storage.directory_manager - INFO - directory_manager.py:54 - Creating directory structure at: .
2026-01-04 02:25:01 - light_ai.storage.directory_manager - INFO - directory_manager.py:68 - Directory structure created successfully
2026-01-04 02:25:01 - light_ai.storage.database_managers - INFO - database_managers.py:489 - SQLite metadata registry initialized at: metadata/registry.db
2026-01-04 02:25:01 - light_ai.storage.database_managers - INFO - database_managers.py:489 - SQLite metadata registry initialized at: metadata/registry.db
2026-01-04 02:25:01 - light_ai.storage.database_managers - INFO - database_managers.py:489 - SQLite metadata registry initialized at: metadata/registry.db
2026-01-04 02:25:01 - light_ai.storage.database_managers - INFO - database_managers.py:489 - SQLite metadata registry initialized at: metadata/registry.db
2026-01-04 02:25:01 - light_ai.storage.database_managers - INFO - database_managers.py:489 - SQLite metadata registry initialized at: metadata/registry.db
2026-01-04 02:25:01 - light_ai.storage.database_managers - INFO - database_managers.py:489 - SQLite metadata registry initialized at: metadata/registry.db
2026-01-04 02:25:01 - light_ai.storage.database_managers - INFO - database_managers.py:489 - SQLite metadata registry initialized at: metadata/registry.db
2026-01-04 02:25:01 - light_ai.storage.database_managers - INFO - database_managers.py:489 - SQLite metadata registry initialized at: metadata/registry.db
2026-01-04 02:25:01 - light_ai.storage.database_managers - INFO - database_managers.py:489 - SQLite metadata registry initialized at: metadata/registry.db
2026-01-04 02:25:01 - universal_data_handler - INFO - api.py:123 - Universal Data Handler API initialized successfully
2026-01-04 02:27:08 - light_ai.storage.directory_manager - INFO - directory_manager.py:54 - Creating directory structure at: .
2026-01-04 02:27:08 - light_ai.storage.directory_manager - INFO - directory_manager.py:68 - Directory structure created successfully
2026-01-04 02:27:08 - light_ai.storage.database_managers - INFO - database_managers.py:489 - SQLite metadata registry initialized at: metadata/registry.db
2026-01-04 02:27:08 - light_ai.storage.database_managers - INFO - database_managers.py:489 - SQLite metadata registry initialized at: metadata/registry.db
2026-01-04 02:27:08 - light_ai.storage.database_managers - INFO - database_managers.py:489 - SQLite metadata registry initialized at: metadata/registry.db
2026-01-04 02:27:08 - light_ai.storage.database_managers - INFO - database_managers.py:489 - SQLite metadata registry initialized at: metadata/registry.db
2026-01-04 02:27:08 - light_ai.storage.database_managers - INFO - database_managers.py:489 - SQLite metadata registry initialized at: metadata/registry.db
2026-01-04 02:27:09 - light_ai.storage.database_managers - INFO - database_managers.py:489 - SQLite metadata registry initialized at: metadata/registry.db
2026-01-04 02:27:09 - light_ai.storage.database_managers - INFO - database_managers.py:489 - SQLite metadata registry initialized at: metadata/registry.db
2026-01-04 02:27:09 - light_ai.storage.database_managers - INFO - database_managers.py:489 - SQLite metadata registry initialized at: metadata/registry.db
2026-01-04 02:27:09 - light_ai.storage.database_managers - INFO - database_managers.py:489 - SQLite metadata registry initialized at: metadata/registry.db
2026-01-04 02:27:09 - universal_data_handler - INFO - api.py:123 - Universal Data Handler API initialized successfully
2026-01-04 02:29:38 - light_ai.sub_layer_1.file_upload - INFO - file_upload.py:341 - Starting upload for tmpt7r3adg4.txt (resource_id: 90e6e070-2742-437e-8731-3dcb789cc85e)
2026-01-04 02:29:38 - light_ai.sub_layer_1.file_upload - INFO - file_upload.py:218 - File validation successful: tmpt7r3adg4.txt (txt, 0.0MB)
2026-01-04 02:29:38 - light_ai.sub_layer_1.file_upload - INFO - file_upload.py:354 - Duplicate check for hash bf76d5a1... (would query metadata registry)
2026-01-04 02:29:38 - light_ai.sub_layer_1.file_upload - INFO - file_upload.py:382 - File upload completed: tmpt7r3adg4.txt -> 90e6e070-2742-437e-8731-3dcb789cc85e
2026-01-04 02:29:38 - light_ai.sub_layer_1.data_cleaning - INFO - data_cleaning.py:750 - Starting data cleaning for type: txt
2026-01-04 02:29:38 - light_ai.sub_layer_1.data_cleaning - INFO - data_cleaning.py:528 - Starting unstructured data cleaning: txt, 1785 characters
2026-01-04 02:29:38 - light_ai.sub_layer_1.data_cleaning - INFO - data_cleaning.py:541 - Unstructured data cleaning completed: 1740 characters, 1 chunks created
2026-01-04 02:29:38 - universal_data_handler - INFO - api.py:231 - Would store unstructured data for 90e6e070-2742-437e-8731-3dcb789cc85e
2026-01-04 02:29:38 - light_ai.storage.database_managers - INFO - database_managers.py:489 - SQLite metadata registry initialized at: metadata/registry.db
2026-01-04 02:29:38 - light_ai.storage.metadata_registry - INFO - metadata_registry.py:98 - Created resource metadata: 90e6e070-2742-437e-8731-3dcb789cc85e
2026-01-04 02:31:01 - light_ai.storage.directory_manager - INFO - directory_manager.py:54 - Creating directory structure at: .
2026-01-04 02:31:01 - light_ai.storage.directory_manager - INFO - directory_manager.py:68 - Directory structure created successfully
2026-01-04 02:31:01 - light_ai.storage.database_managers - INFO - database_managers.py:489 - SQLite metadata registry initialized at: metadata/registry.db
2026-01-04 02:31:01 - light_ai.storage.database_managers - INFO - database_managers.py:489 - SQLite metadata registry initialized at: metadata/registry.db
2026-01-04 02:31:01 - light_ai.storage.database_managers - INFO - database_managers.py:489 - SQLite metadata registry initialized at: metadata/registry.db
2026-01-04 02:31:01 - light_ai.storage.database_managers - INFO - database_managers.py:489 - SQLite metadata registry initialized at: metadata/registry.db
2026-01-04 02:31:01 - light_ai.storage.database_managers - INFO - database_managers.py:489 - SQLite metadata registry initialized at: metadata/registry.db
2026-01-04 02:31:01 - light_ai.storage.database_managers - INFO - database_managers.py:489 - SQLite metadata registry initialized at: metadata/registry.db
2026-01-04 02:31:01 - light_ai.storage.database_managers - INFO - database_managers.py:489 - SQLite metadata registry initialized at: metadata/registry.db
2026-01-04 02:31:01 - light_ai.storage.database_managers - INFO - database_managers.py:489 - SQLite metadata registry initialized at: metadata/registry.db
2026-01-04 02:31:01 - light_ai.storage.database_managers - INFO - database_managers.py:489 - SQLite metadata registry initialized at: metadata/registry.db
2026-01-04 02:31:01 - universal_data_handler - INFO - api.py:123 - Universal Data Handler API initialized successfully
2026-01-04 02:31:07 - light_ai.storage.directory_manager - INFO - directory_manager.py:54 - Creating directory structure at: .
2026-01-04 02:31:07 - light_ai.storage.directory_manager - INFO - directory_manager.py:68 - Directory structure created successfully
2026-01-04 02:31:07 - light_ai.storage.database_managers - INFO - database_managers.py:489 - SQLite metadata registry initialized at: metadata/registry.db
2026-01-04 02:31:07 - light_ai.storage.database_managers - INFO - database_managers.py:489 - SQLite metadata registry initialized at: metadata/registry.db
2026-01-04 02:31:07 - light_ai.storage.database_managers - INFO - database_managers.py:489 - SQLite metadata registry initialized at: metadata/registry.db
2026-01-04 02:31:07 - light_ai.storage.database_managers - INFO - database_managers.py:489 - SQLite metadata registry initialized at: metadata/registry.db
2026-01-04 02:31:07 - light_ai.storage.database_managers - INFO - database_managers.py:489 - SQLite metadata registry initialized at: metadata/registry.db
2026-01-04 02:31:07 - light_ai.storage.database_managers - INFO - database_managers.py:489 - SQLite metadata registry initialized at: metadata/registry.db
2026-01-04 02:31:07 - light_ai.storage.database_managers - INFO - database_managers.py:489 - SQLite metadata registry initialized at: metadata/registry.db
2026-01-04 02:31:07 - light_ai.storage.database_managers - INFO - database_managers.py:489 - SQLite metadata registry initialized at: metadata/registry.db
2026-01-04 02:31:07 - light_ai.storage.database_managers - INFO - database_managers.py:489 - SQLite metadata registry initialized at: metadata/registry.db
2026-01-04 02:31:07 - universal_data_handler - INFO - api.py:123 - Universal Data Handler API initialized successfully
2026-01-04 02:31:15 - light_ai.storage.database_managers - INFO - database_managers.py:489 - SQLite metadata registry initialized at: metadata/registry.db
2026-01-04 02:31:15 - universal_data_handler - INFO - api.py:842 - DEBUG: metadata_registry.list_resources returned 3 resources
2026-01-04 02:31:15 - universal_data_handler - INFO - api.py:844 - DEBUG: Resource 90e6e070-2742-437e-8731-3dcb789cc85e - client: client-techcorp-002, user: user-hr-manager-002
2026-01-04 02:31:15 - universal_data_handler - INFO - api.py:844 - DEBUG: Resource 1f20788a-6cf7-4d2a-9d36-591b2361ff5b - client: client-techcorp-002, user: user-hr-manager-002
2026-01-04 02:31:15 - universal_data_handler - INFO - api.py:844 - DEBUG: Resource 9434a8d2-3760-432b-9e1e-ad23270e75d3 - client: client-techcorp-002, user: user-hr-manager-002
2026-01-04 02:31:15 - universal_data_handler - INFO - api.py:868 - DEBUG: filter_accessible_resources returned 0 resources
2026-01-04 02:31:31 - light_ai.storage.directory_manager - INFO - directory_manager.py:54 - Creating directory structure at: .
2026-01-04 02:31:31 - light_ai.storage.directory_manager - INFO - directory_manager.py:68 - Directory structure created successfully
2026-01-04 02:31:31 - light_ai.storage.database_managers - INFO - database_managers.py:489 - SQLite metadata registry initialized at: metadata/registry.db
2026-01-04 02:31:31 - light_ai.storage.database_managers - INFO - database_managers.py:489 - SQLite metadata registry initialized at: metadata/registry.db
2026-01-04 02:31:31 - light_ai.storage.database_managers - INFO - database_managers.py:489 - SQLite metadata registry initialized at: metadata/registry.db
2026-01-04 02:31:31 - light_ai.storage.database_managers - INFO - database_managers.py:489 - SQLite metadata registry initialized at: metadata/registry.db
2026-01-04 02:31:31 - light_ai.storage.database_managers - INFO - database_managers.py:489 - SQLite metadata registry initialized at: metadata/registry.db
2026-01-04 02:31:31 - light_ai.storage.database_managers - INFO - database_managers.py:489 - SQLite metadata registry initialized at: metadata/registry.db
2026-01-04 02:31:31 - light_ai.storage.database_managers - INFO - database_managers.py:489 - SQLite metadata registry initialized at: metadata/registry.db
2026-01-04 02:31:31 - light_ai.storage.database_managers - INFO - database_managers.py:489 - SQLite metadata registry initialized at: metadata/registry.db
2026-01-04 02:31:31 - light_ai.storage.database_managers - INFO - database_managers.py:489 - SQLite metadata registry initialized at: metadata/registry.db
2026-01-04 02:31:31 - universal_data_handler - INFO - api.py:123 - Universal Data Handler API initialized successfully
2026-01-04 02:31:39 - light_ai.storage.database_managers - INFO - database_managers.py:489 - SQLite metadata registry initialized at: metadata/registry.db
2026-01-04 02:31:39 - universal_data_handler - INFO - api.py:842 - DEBUG: metadata_registry.list_resources returned 3 resources
2026-01-04 02:31:39 - universal_data_handler - INFO - api.py:844 - DEBUG: Resource 90e6e070-2742-437e-8731-3dcb789cc85e - client: client-techcorp-002, user: user-hr-manager-002
2026-01-04 02:31:39 - universal_data_handler - INFO - api.py:844 - DEBUG: Resource 1f20788a-6cf7-4d2a-9d36-591b2361ff5b - client: client-techcorp-002, user: user-hr-manager-002
2026-01-04 02:31:39 - universal_data_handler - INFO - api.py:844 - DEBUG: Resource 9434a8d2-3760-432b-9e1e-ad23270e75d3 - client: client-techcorp-002, user: user-hr-manager-002
2026-01-04 02:31:39 - universal_data_handler - INFO - api.py:868 - DEBUG: filter_accessible_resources returned 0 resources
2026-01-04 02:31:55 - light_ai.storage.directory_manager - INFO - directory_manager.py:54 - Creating directory structure at: .
2026-01-04 02:31:55 - light_ai.storage.directory_manager - INFO - directory_manager.py:68 - Directory structure created successfully
2026-01-04 02:31:55 - light_ai.storage.database_managers - INFO - database_managers.py:489 - SQLite metadata registry initialized at: metadata/registry.db
2026-01-04 02:31:55 - light_ai.storage.database_managers - INFO - database_managers.py:489 - SQLite metadata registry initialized at: metadata/registry.db
2026-01-04 02:31:55 - light_ai.storage.database_managers - INFO - database_managers.py:489 - SQLite metadata registry initialized at: metadata/registry.db
2026-01-04 02:31:55 - light_ai.storage.database_managers - INFO - database_managers.py:489 - SQLite metadata registry initialized at: metadata/registry.db
2026-01-04 02:31:55 - light_ai.storage.database_managers - INFO - database_managers.py:489 - SQLite metadata registry initialized at: metadata/registry.db
2026-01-04 02:31:55 - light_ai.storage.database_managers - INFO - database_managers.py:489 - SQLite metadata registry initialized at: metadata/registry.db
2026-01-04 02:31:55 - light_ai.storage.database_managers - INFO - database_managers.py:489 - SQLite metadata registry initialized at: metadata/registry.db
2026-01-04 02:31:55 - light_ai.storage.database_managers - INFO - database_managers.py:489 - SQLite metadata registry initialized at: metadata/registry.db
2026-01-04 02:31:55 - light_ai.storage.database_managers - INFO - database_managers.py:489 - SQLite metadata registry initialized at: metadata/registry.db
2026-01-04 02:31:55 - universal_data_handler - INFO - api.py:123 - Universal Data Handler API initialized successfully
2026-01-04 02:32:06 - light_ai.storage.database_managers - INFO - database_managers.py:489 - SQLite metadata registry initialized at: metadata/registry.db
2026-01-04 02:32:06 - universal_data_handler - INFO - api.py:842 - DEBUG: metadata_registry.list_resources returned 3 resources
2026-01-04 02:32:06 - universal_data_handler - INFO - api.py:844 - DEBUG: Resource 90e6e070-2742-437e-8731-3dcb789cc85e - client: client-techcorp-002, user: user-hr-manager-002
2026-01-04 02:32:06 - universal_data_handler - INFO - api.py:844 - DEBUG: Resource 1f20788a-6cf7-4d2a-9d36-591b2361ff5b - client: client-techcorp-002, user: user-hr-manager-002
2026-01-04 02:32:06 - universal_data_handler - INFO - api.py:844 - DEBUG: Resource 9434a8d2-3760-432b-9e1e-ad23270e75d3 - client: client-techcorp-002, user: user-hr-manager-002
2026-01-04 02:32:06 - universal_data_handler - INFO - api.py:868 - DEBUG: filter_accessible_resources returned 3 resources
2026-01-04 02:32:17 - light_ai.storage.database_managers - INFO - database_managers.py:489 - SQLite metadata registry initialized at: metadata/registry.db
2026-01-04 02:32:17 - light_ai.storage.storage_router - INFO - storage_router.py:57 - Initializing storage router...
2026-01-04 02:32:17 - light_ai.storage.database_managers - INFO - database_managers.py:696 - Initializing all database managers...
2026-01-04 02:32:17 - light_ai.storage.database_managers - INFO - database_managers.py:489 - SQLite metadata registry initialized at: metadata/registry.db
2026-01-04 02:32:17 - light_ai.storage.database_managers - INFO - database_managers.py:73 - DuckDB initialized at: data/duckdb/main.db
2026-01-04 02:32:17 - light_ai.storage.database_managers - INFO - database_managers.py:305 - ChromaDB initialized at: data/unstructured/chroma_db
2026-01-04 02:32:17 - light_ai.storage.database_managers - INFO - database_managers.py:704 - All database managers initialized successfully
2026-01-04 02:32:17 - light_ai.storage.database_managers - INFO - database_managers.py:489 - SQLite metadata registry initialized at: metadata/registry.db
2026-01-04 02:32:17 - light_ai.storage.storage_router - INFO - storage_router.py:61 - Storage router initialized successfully
2026-01-04 02:32:17 - light_ai.storage.storage_router - INFO - storage_router.py:57 - Initializing storage router...
2026-01-04 02:32:17 - light_ai.storage.database_managers - INFO - database_managers.py:696 - Initializing all database managers...
2026-01-04 02:32:17 - light_ai.storage.database_managers - INFO - database_managers.py:489 - SQLite metadata registry initialized at: metadata/registry.db
2026-01-04 02:32:17 - light_ai.storage.database_managers - INFO - database_managers.py:73 - DuckDB initialized at: data/duckdb/main.db
2026-01-04 02:32:17 - light_ai.storage.database_managers - INFO - database_managers.py:305 - ChromaDB initialized at: data/unstructured/chroma_db
2026-01-04 02:32:17 - light_ai.storage.database_managers - INFO - database_managers.py:704 - All database managers initialized successfully
2026-01-04 02:32:17 - light_ai.storage.database_managers - INFO - database_managers.py:489 - SQLite metadata registry initialized at: metadata/registry.db
2026-01-04 02:32:17 - light_ai.storage.storage_router - INFO - storage_router.py:61 - Storage router initialized successfully
2026-01-04 02:32:17 - light_ai.storage.database_managers - INFO - database_managers.py:489 - SQLite metadata registry initialized at: metadata/registry.db
2026-01-04 02:32:17 - light_ai.sub_layer_2.sql_query_engine - INFO - sql_query_engine.py:81 - SQL Query Engine initialized
2026-01-04 02:32:17 - light_ai.storage.database_managers - INFO - database_managers.py:489 - SQLite metadata registry initialized at: metadata/registry.db
2026-01-04 02:32:17 - light_ai.storage.storage_router - INFO - storage_router.py:57 - Initializing storage router...
2026-01-04 02:32:17 - light_ai.storage.database_managers - INFO - database_managers.py:696 - Initializing all database managers...
2026-01-04 02:32:17 - light_ai.storage.database_managers - INFO - database_managers.py:489 - SQLite metadata registry initialized at: metadata/registry.db
2026-01-04 02:32:17 - light_ai.storage.database_managers - INFO - database_managers.py:73 - DuckDB initialized at: data/duckdb/main.db
2026-01-04 02:32:17 - light_ai.storage.database_managers - INFO - database_managers.py:305 - ChromaDB initialized at: data/unstructured/chroma_db
2026-01-04 02:32:17 - light_ai.storage.database_managers - INFO - database_managers.py:704 - All database managers initialized successfully
2026-01-04 02:32:17 - light_ai.storage.database_managers - INFO - database_managers.py:489 - SQLite metadata registry initialized at: metadata/registry.db
2026-01-04 02:32:17 - light_ai.storage.storage_router - INFO - storage_router.py:61 - Storage router initialized successfully
2026-01-04 02:32:17 - light_ai.storage.storage_router - INFO - storage_router.py:57 - Initializing storage router...
2026-01-04 02:32:17 - light_ai.storage.database_managers - INFO - database_managers.py:696 - Initializing all database managers...
2026-01-04 02:32:17 - light_ai.storage.database_managers - INFO - database_managers.py:489 - SQLite metadata registry initialized at: metadata/registry.db
2026-01-04 02:32:17 - light_ai.storage.database_managers - INFO - database_managers.py:73 - DuckDB initialized at: data/duckdb/main.db
2026-01-04 02:32:17 - light_ai.storage.database_managers - INFO - database_managers.py:305 - ChromaDB initialized at: data/unstructured/chroma_db
2026-01-04 02:32:17 - light_ai.storage.database_managers - INFO - database_managers.py:704 - All database managers initialized successfully
2026-01-04 02:32:17 - light_ai.storage.database_managers - INFO - database_managers.py:489 - SQLite metadata registry initialized at: metadata/registry.db
2026-01-04 02:32:17 - light_ai.storage.storage_router - INFO - storage_router.py:61 - Storage router initialized successfully
2026-01-04 02:32:17 - light_ai.storage.database_managers - INFO - database_managers.py:489 - SQLite metadata registry initialized at: metadata/registry.db
2026-01-04 02:32:17 - light_ai.sub_layer_2.sql_query_engine - INFO - sql_query_engine.py:81 - SQL Query Engine initialized
2026-01-04 02:32:17 - light_ai.sub_layer_2.natural_language_processor - INFO - natural_language_processor.py:145 - Natural Language Processor initialized
2026-01-04 02:32:17 - light_ai.sub_layer_2.semantic_search_engine - INFO - semantic_search_engine.py:515 - Initializing semantic search engine...
2026-01-04 02:32:17 - light_ai.storage.database_managers - INFO - database_managers.py:305 - ChromaDB initialized at: data/unstructured/chroma_db
2026-01-04 02:32:17 - light_ai.storage.database_managers - INFO - database_managers.py:489 - SQLite metadata registry initialized at: metadata/registry.db
2026-01-04 02:32:17 - light_ai.sub_layer_2.semantic_search_engine - INFO - semantic_search_engine.py:519 - Semantic search engine initialized successfully
2026-01-04 02:32:17 - light_ai.sub_layer_2.ai_data_analyst - INFO - ai_data_analyst.py:211 - AI Data Analyst initialized
2026-01-04 02:32:28 - light_ai.storage.directory_manager - INFO - directory_manager.py:54 - Creating directory structure at: .
2026-01-04 02:32:28 - light_ai.storage.directory_manager - INFO - directory_manager.py:68 - Directory structure created successfully
2026-01-04 02:32:28 - light_ai.storage.database_managers - INFO - database_managers.py:489 - SQLite metadata registry initialized at: metadata/registry.db
2026-01-04 02:32:28 - light_ai.storage.database_managers - INFO - database_managers.py:489 - SQLite metadata registry initialized at: metadata/registry.db
2026-01-04 02:32:28 - light_ai.storage.database_managers - INFO - database_managers.py:489 - SQLite metadata registry initialized at: metadata/registry.db
2026-01-04 02:32:28 - light_ai.storage.database_managers - INFO - database_managers.py:489 - SQLite metadata registry initialized at: metadata/registry.db
2026-01-04 02:32:28 - light_ai.storage.database_managers - INFO - database_managers.py:489 - SQLite metadata registry initialized at: metadata/registry.db
2026-01-04 02:32:28 - light_ai.storage.database_managers - INFO - database_managers.py:489 - SQLite metadata registry initialized at: metadata/registry.db
2026-01-04 02:32:28 - light_ai.storage.database_managers - INFO - database_managers.py:489 - SQLite metadata registry initialized at: metadata/registry.db
2026-01-04 02:32:28 - light_ai.storage.database_managers - INFO - database_managers.py:489 - SQLite metadata registry initialized at: metadata/registry.db
2026-01-04 02:32:28 - light_ai.storage.database_managers - INFO - database_managers.py:489 - SQLite metadata registry initialized at: metadata/registry.db
2026-01-04 02:32:28 - universal_data_handler - INFO - api.py:123 - Universal Data Handler API initialized successfully
2026-01-04 02:32:35 - light_ai.storage.directory_manager - INFO - directory_manager.py:54 - Creating directory structure at: .
2026-01-04 02:32:35 - light_ai.storage.directory_manager - INFO - directory_manager.py:68 - Directory structure created successfully
2026-01-04 02:32:35 - light_ai.storage.database_managers - INFO - database_managers.py:489 - SQLite metadata registry initialized at: metadata/registry.db
2026-01-04 02:32:35 - light_ai.storage.database_managers - INFO - database_managers.py:489 - SQLite metadata registry initialized at: metadata/registry.db
2026-01-04 02:32:35 - light_ai.storage.database_managers - INFO - database_managers.py:489 - SQLite metadata registry initialized at: metadata/registry.db
2026-01-04 02:32:35 - light_ai.storage.database_managers - INFO - database_managers.py:489 - SQLite metadata registry initialized at: metadata/registry.db
2026-01-04 02:32:35 - light_ai.storage.database_managers - INFO - database_managers.py:489 - SQLite metadata registry initialized at: metadata/registry.db
2026-01-04 02:32:35 - light_ai.storage.database_managers - INFO - database_managers.py:489 - SQLite metadata registry initialized at: metadata/registry.db
2026-01-04 02:32:35 - light_ai.storage.database_managers - INFO - database_managers.py:489 - SQLite metadata registry initialized at: metadata/registry.db
2026-01-04 02:32:35 - light_ai.storage.database_managers - INFO - database_managers.py:489 - SQLite metadata registry initialized at: metadata/registry.db
2026-01-04 02:32:35 - light_ai.storage.database_managers - INFO - database_managers.py:489 - SQLite metadata registry initialized at: metadata/registry.db
2026-01-04 02:32:35 - universal_data_handler - INFO - api.py:123 - Universal Data Handler API initialized successfully
2026-01-04 02:32:43 - light_ai.storage.directory_manager - INFO - directory_manager.py:54 - Creating directory structure at: .
2026-01-04 02:32:43 - light_ai.storage.directory_manager - INFO - directory_manager.py:68 - Directory structure created successfully
2026-01-04 02:32:43 - light_ai.storage.database_managers - INFO - database_managers.py:489 - SQLite metadata registry initialized at: metadata/registry.db
2026-01-04 02:32:43 - light_ai.storage.database_managers - INFO - database_managers.py:489 - SQLite metadata registry initialized at: metadata/registry.db
2026-01-04 02:32:43 - light_ai.storage.database_managers - INFO - database_managers.py:489 - SQLite metadata registry initialized at: metadata/registry.db
2026-01-04 02:32:43 - light_ai.storage.database_managers - INFO - database_managers.py:489 - SQLite metadata registry initialized at: metadata/registry.db
2026-01-04 02:32:43 - light_ai.storage.database_managers - INFO - database_managers.py:489 - SQLite metadata registry initialized at: metadata/registry.db
2026-01-04 02:32:43 - light_ai.storage.database_managers - INFO - database_managers.py:489 - SQLite metadata registry initialized at: metadata/registry.db
2026-01-04 02:32:43 - light_ai.storage.database_managers - INFO - database_managers.py:489 - SQLite metadata registry initialized at: metadata/registry.db
2026-01-04 02:32:43 - light_ai.storage.database_managers - INFO - database_managers.py:489 - SQLite metadata registry initialized at: metadata/registry.db
2026-01-04 02:32:43 - light_ai.storage.database_managers - INFO - database_managers.py:489 - SQLite metadata registry initialized at: metadata/registry.db
2026-01-04 02:32:43 - universal_data_handler - INFO - api.py:123 - Universal Data Handler API initialized successfully
2026-01-04 02:32:51 - light_ai.storage.database_managers - INFO - database_managers.py:489 - SQLite metadata registry initialized at: metadata/registry.db
2026-01-04 02:32:51 - light_ai.storage.storage_router - INFO - storage_router.py:57 - Initializing storage router...
2026-01-04 02:32:51 - light_ai.storage.database_managers - INFO - database_managers.py:696 - Initializing all database managers...
2026-01-04 02:32:51 - light_ai.storage.database_managers - INFO - database_managers.py:489 - SQLite metadata registry initialized at: metadata/registry.db
2026-01-04 02:32:51 - light_ai.storage.database_managers - INFO - database_managers.py:73 - DuckDB initialized at: data/duckdb/main.db
2026-01-04 02:32:51 - light_ai.storage.database_managers - INFO - database_managers.py:305 - ChromaDB initialized at: data/unstructured/chroma_db
2026-01-04 02:32:51 - light_ai.storage.database_managers - INFO - database_managers.py:704 - All database managers initialized successfully
2026-01-04 02:32:51 - light_ai.storage.database_managers - INFO - database_managers.py:489 - SQLite metadata registry initialized at: metadata/registry.db
2026-01-04 02:32:51 - light_ai.storage.storage_router - INFO - storage_router.py:61 - Storage router initialized successfully
2026-01-04 02:32:51 - light_ai.storage.storage_router - INFO - storage_router.py:57 - Initializing storage router...
2026-01-04 02:32:51 - light_ai.storage.database_managers - INFO - database_managers.py:696 - Initializing all database managers...
2026-01-04 02:32:51 - light_ai.storage.database_managers - INFO - database_managers.py:489 - SQLite metadata registry initialized at: metadata/registry.db
2026-01-04 02:32:51 - light_ai.storage.database_managers - INFO - database_managers.py:73 - DuckDB initialized at: data/duckdb/main.db
2026-01-04 02:32:51 - light_ai.storage.database_managers - INFO - database_managers.py:305 - ChromaDB initialized at: data/unstructured/chroma_db
2026-01-04 02:32:51 - light_ai.storage.database_managers - INFO - database_managers.py:704 - All database managers initialized successfully
2026-01-04 02:32:51 - light_ai.storage.database_managers - INFO - database_managers.py:489 - SQLite metadata registry initialized at: metadata/registry.db
2026-01-04 02:32:51 - light_ai.storage.storage_router - INFO - storage_router.py:61 - Storage router initialized successfully
2026-01-04 02:32:51 - light_ai.storage.database_managers - INFO - database_managers.py:489 - SQLite metadata registry initialized at: metadata/registry.db
2026-01-04 02:32:51 - light_ai.sub_layer_2.sql_query_engine - INFO - sql_query_engine.py:81 - SQL Query Engine initialized
2026-01-04 02:32:51 - light_ai.storage.database_managers - INFO - database_managers.py:489 - SQLite metadata registry initialized at: metadata/registry.db
2026-01-04 02:32:51 - light_ai.storage.storage_router - INFO - storage_router.py:57 - Initializing storage router...
2026-01-04 02:32:51 - light_ai.storage.database_managers - INFO - database_managers.py:696 - Initializing all database managers...
2026-01-04 02:32:51 - light_ai.storage.database_managers - INFO - database_managers.py:489 - SQLite metadata registry initialized at: metadata/registry.db
2026-01-04 02:32:51 - light_ai.storage.database_managers - INFO - database_managers.py:73 - DuckDB initialized at: data/duckdb/main.db
2026-01-04 02:32:51 - light_ai.storage.database_managers - INFO - database_managers.py:305 - ChromaDB initialized at: data/unstructured/chroma_db
2026-01-04 02:32:51 - light_ai.storage.database_managers - INFO - database_managers.py:704 - All database managers initialized successfully
2026-01-04 02:32:51 - light_ai.storage.database_managers - INFO - database_managers.py:489 - SQLite metadata registry initialized at: metadata/registry.db
2026-01-04 02:32:51 - light_ai.storage.storage_router - INFO - storage_router.py:61 - Storage router initialized successfully
2026-01-04 02:32:51 - light_ai.storage.storage_router - INFO - storage_router.py:57 - Initializing storage router...
2026-01-04 02:32:51 - light_ai.storage.database_managers - INFO - database_managers.py:696 - Initializing all database managers...
2026-01-04 02:32:51 - light_ai.storage.database_managers - INFO - database_managers.py:489 - SQLite metadata registry initialized at: metadata/registry.db
2026-01-04 02:32:51 - light_ai.storage.database_managers - INFO - database_managers.py:73 - DuckDB initialized at: data/duckdb/main.db
2026-01-04 02:32:51 - light_ai.storage.database_managers - INFO - database_managers.py:305 - ChromaDB initialized at: data/unstructured/chroma_db
2026-01-04 02:32:51 - light_ai.storage.database_managers - INFO - database_managers.py:704 - All database managers initialized successfully
2026-01-04 02:32:51 - light_ai.storage.database_managers - INFO - database_managers.py:489 - SQLite metadata registry initialized at: metadata/registry.db
2026-01-04 02:32:51 - light_ai.storage.storage_router - INFO - storage_router.py:61 - Storage router initialized successfully
2026-01-04 02:32:51 - light_ai.storage.database_managers - INFO - database_managers.py:489 - SQLite metadata registry initialized at: metadata/registry.db
2026-01-04 02:32:51 - light_ai.sub_layer_2.sql_query_engine - INFO - sql_query_engine.py:81 - SQL Query Engine initialized
2026-01-04 02:32:51 - light_ai.sub_layer_2.natural_language_processor - INFO - natural_language_processor.py:145 - Natural Language Processor initialized
2026-01-04 02:32:51 - light_ai.sub_layer_2.semantic_search_engine - INFO - semantic_search_engine.py:515 - Initializing semantic search engine...
2026-01-04 02:32:51 - light_ai.storage.database_managers - INFO - database_managers.py:305 - ChromaDB initialized at: data/unstructured/chroma_db
2026-01-04 02:32:51 - light_ai.storage.database_managers - INFO - database_managers.py:489 - SQLite metadata registry initialized at: metadata/registry.db
2026-01-04 02:32:51 - light_ai.sub_layer_2.semantic_search_engine - INFO - semantic_search_engine.py:519 - Semantic search engine initialized successfully
2026-01-04 02:32:51 - light_ai.sub_layer_2.ai_data_analyst - INFO - ai_data_analyst.py:211 - AI Data Analyst initialized
2026-01-04 02:33:26 - light_ai.storage.database_managers - INFO - database_managers.py:489 - SQLite metadata registry initialized at: metadata/registry.db
2026-01-04 02:33:26 - light_ai.storage.storage_router - INFO - storage_router.py:57 - Initializing storage router...
2026-01-04 02:33:26 - light_ai.storage.database_managers - INFO - database_managers.py:696 - Initializing all database managers...
2026-01-04 02:33:26 - light_ai.storage.database_managers - INFO - database_managers.py:489 - SQLite metadata registry initialized at: metadata/registry.db
2026-01-04 02:33:26 - light_ai.storage.database_managers - INFO - database_managers.py:73 - DuckDB initialized at: data/duckdb/main.db
2026-01-04 02:33:26 - light_ai.storage.database_managers - INFO - database_managers.py:305 - ChromaDB initialized at: data/unstructured/chroma_db
2026-01-04 02:33:26 - light_ai.storage.database_managers - INFO - database_managers.py:704 - All database managers initialized successfully
2026-01-04 02:33:26 - light_ai.storage.database_managers - INFO - database_managers.py:489 - SQLite metadata registry initialized at: metadata/registry.db
2026-01-04 02:33:26 - light_ai.storage.storage_router - INFO - storage_router.py:61 - Storage router initialized successfully
2026-01-04 02:33:26 - light_ai.storage.database_managers - INFO - database_managers.py:489 - SQLite metadata registry initialized at: metadata/registry.db
2026-01-04 02:33:26 - light_ai.sub_layer_2.sql_query_engine - INFO - sql_query_engine.py:81 - SQL Query Engine initialized
2026-01-04 02:33:26 - light_ai.sub_layer_2.sql_query_engine - INFO - sql_query_engine.py:113 - Executed SQL query for user user-hr-manager-002, returned 3 rows
2026-01-04 02:33:26 - light_ai.sub_layer_2.sql_query_engine - INFO - sql_query_engine.py:81 - SQL Query Engine initialized
2026-01-04 02:33:26 - light_ai.sub_layer_2.sql_query_engine - INFO - sql_query_engine.py:81 - SQL Query Engine initialized
2026-01-04 02:33:26 - light_ai.sub_layer_2.sql_query_engine - INFO - sql_query_engine.py:113 - Executed SQL query for user user-hr-manager-002, returned 10 rows
2026-01-04 23:14:22 - light_ai.storage.directory_manager - INFO - directory_manager.py:54 - Creating directory structure at: .
2026-01-04 23:14:22 - light_ai.storage.directory_manager - INFO - directory_manager.py:68 - Directory structure created successfully
2026-01-04 23:14:22 - light_ai.storage.database_managers - INFO - database_managers.py:489 - SQLite metadata registry initialized at: metadata/registry.db
2026-01-04 23:14:22 - light_ai.storage.database_managers - INFO - database_managers.py:489 - SQLite metadata registry initialized at: metadata/registry.db
2026-01-04 23:14:22 - light_ai.storage.database_managers - INFO - database_managers.py:489 - SQLite metadata registry initialized at: metadata/registry.db
2026-01-04 23:14:22 - light_ai.storage.database_managers - INFO - database_managers.py:489 - SQLite metadata registry initialized at: metadata/registry.db
2026-01-04 23:14:22 - light_ai.storage.database_managers - INFO - database_managers.py:489 - SQLite metadata registry initialized at: metadata/registry.db
2026-01-04 23:14:22 - light_ai.storage.database_managers - INFO - database_managers.py:489 - SQLite metadata registry initialized at: metadata/registry.db
2026-01-04 23:14:22 - light_ai.storage.database_managers - INFO - database_managers.py:489 - SQLite metadata registry initialized at: metadata/registry.db
2026-01-04 23:14:22 - light_ai.storage.database_managers - INFO - database_managers.py:489 - SQLite metadata registry initialized at: metadata/registry.db
2026-01-04 23:14:22 - light_ai.storage.database_managers - INFO - database_managers.py:489 - SQLite metadata registry initialized at: metadata/registry.db
2026-01-04 23:14:22 - universal_data_handler - INFO - api.py:123 - Universal Data Handler API initialized successfully
